lead_id,id,company_name,company,contact_name,name,buyer_name,email,phone,website,country,buyer_type,product_id,source,source_platform,source_url,snippet,description,email_status,validation_status,syntax_valid,valid,qualification_status,ai_score,ai_confidence,ai_reason,priority,outreach_status,is_demo,created_at,updated_at,discovered_at,is_duplicate,already_contacted,reason,classification,state,delivery_status,delivery_note,bounce_reason,failure_reason
6090c2ec398d,6090c2ec398d,Soundtopia Sales,Soundtopia: Singing Bowls for Sale,,,,procurement@soundtopia.com,,https://soundtopia.com,United States,Wholesale Importer,himalayan-sound-healing-bowls,web_search,web_search,https://www.soundtopia.com/?srsltid=AfmBOooXDy9_mRs2YIZYoQSR12rXak7fA9eo2Aw74gSssmHFsv0-mpsp,"We specialize in authentic Crystal and Himalayan Singing Bowls, gongs, and sound therapy instruments,","We specialize in authentic Crystal and Himalayan Singing Bowls, gongs, and sound therapy instruments,",valid,missing,True,True,qualified,95,1.0,"Explicitly states specialization in Himalayan Singing Bowls and sound therapy instruments, indicating a perfect commercial fit.",high,eligible,False,2026-09-05T11:43:07.533484+00:00,2026-09-05T11:43:07.533484+00:00,2026-09-05T11:43:07.533484+00:00,False,False,Syntax Valid,business,,,,,
c83f9c8adf51,c83f9c8adf51,How to find a supplier for singing bowls for sound,How to find a supplier for singing bowls for sound,,,,,,https://facebook.com,United States,Wholesale Importer,himalayan-sound-healing-bowls,web_search,web_search,https://www.facebook.com/groups/235814466274117/posts/572076925981201/,Have any of you gone the route of selling singing bowls along with your sound bath services? How did you find your supplier?,Have any of you gone the route of selling singing bowls along with your sound bath services? How did you find your supplier?,missing,missing,False,False,pending,,,,,not_eligible,False,2026-09-05T11:43:07.533607+00:00,2026-09-05T11:43:07.533607+00:00,2026-09-05T11:43:07.533607+00:00,False,False,Missing email address,,,,,,
5b4b14ed7eee,5b4b14ed7eee,Singing bowls,Singing bowls,,,,,,https://phoeniximport.com,United States,Wholesale Importer,himalayan-sound-healing-bowls,web_search,web_search,https://www.phoeniximport.com/en/collections/singing-bowls-and-more,"Mani Bhadra BV - Phoenix Import is one of Europe's largest singing bowls wholesaler, with a very wide range of metal singing bowls, crystal singing bowls, gongs ...","Mani Bhadra BV - Phoenix Import is one of Europe's largest singing bowls wholesaler, with a very wide range of metal singing bowls, crystal singing bowls, gongs ...",missing,missing,False,False,pending,,,,,not_eligible,False,2026-09-05T11:43:07.533648+00:00,2026-09-05T11:43:07.533648+00:00,2026-09-05T11:43:07.533648+00:00,False,False,Missing email address,,,,,,
b87cdd6e214e,b87cdd6e214e,How to Import  Himalayan Singing Bowls from ...,How to Import  Himalayan Singing Bowls from ...,,,,business@besthimalaya.com,,https://besthimalaya.com,United States,Wholesale Importer,himalayan-sound-healing-bowls,web_search,web_search,https://besthimalaya.com/blogs/singing-bowl/how-to-import-wholesale-himalayan-singing-bowls-from-nepal-to-the-usa?srsltid=AfmBOoqtQ99Z9CeFJudh7-iIovHWAtYWG349JjAyv8lPq2_FutCDvxMH,"Learn how to import authentic Tibetan singing bowls in bulk from Nepal to the USA. for meditation, therapy, and holistic healing practices.","Learn how to import authentic Tibetan singing bowls in bulk from Nepal to the USA. for meditation, therapy, and holistic healing practices.",valid,valid,True,True,needs_review,50,0.6,"The company website and snippet suggest a guide or information resource on importing singing bowls, not a direct B2B buyer.",medium,not_eligible,False,2026-09-05T11:43:07.543712+00:00,2026-09-05T11:43:07.543712+00:00,2026-09-05T11:43:07.543712+00:00,False,False,Syntax Valid,individual,,,,,
4bff98175bf5,4bff98175bf5,Himalayan Bowls,Himalayan Bowls,,,,,,https://himalayanbowls.com,United States,Wholesale Importer,himalayan-sound-healing-bowls,web_search,web_search,https://www.himalayanbowls.com/,"Himalayan Bowls, the world's best handmade singing bowls. We record and photograph each bowl so you can pick exactly what speaks to you.","Himalayan Bowls, the world's best handmade singing bowls. We record and photograph each bowl so you can pick exactly what speaks to you.",missing,missing,False,False,pending,,,,,not_eligible,False,2026-09-05T11:43:07.543789+00:00,2026-09-05T11:43:07.543789+00:00,2026-09-05T11:43:07.543789+00:00,False,False,Missing email address,,,,,,
93e56ab57e32,93e56ab57e32,Himalayas Shop: Singing Bowl Shop for Healing & Me,Himalayas Shop: Singing Bowl Shop for Healing & Me,,,,,,https://himalayasshop.com,United States,Wholesale Importer,himalayan-sound-healing-bowls,web_search,web_search,https://www.himalayasshop.com/,"Discover our wide selection of authentic singing bowls, handcrafted by skilled artisans in Nepal and India. Sizes: 8cm, 6.5 x 3.5 inches","Discover our wide selection of authentic singing bowls, handcrafted by skilled artisans in Nepal and India. Sizes: 8cm, 6.5 x 3.5 inches",missing,missing,False,False,pending,,,,,not_eligible,False,2026-09-05T11:43:07.543819+00:00,2026-09-05T11:43:07.543819+00:00,2026-09-05T11:43:07.543819+00:00,False,False,Missing email address,,,,,,
987eccb29962,987eccb29962,Singing Bowls,Singing Bowls,,,,info@dharmashop.com,800-886-5551,https://dharmashop.com,United States,Wholesale Importer,himalayan-sound-healing-bowls,web_search,web_search,https://www.dharmashop.com/collections/wholesale-singing-bowls?srsltid=AfmBOooW1DE18DRGFVBa0GyZJgmFzCxKPElPASXscjt5ZP-3v-t7ZM0u,Singing Bowl Set of 3 $ 437.00. Tibetan Healing Prayer ・ s Wholesale Singing Bowls. Contact us or order by phone at 800-886-5551 Email: info@dharmashop.com ・ ...,Singing Bowl Set of 3 $ 437.00. Tibetan Healing Prayer ・ s Wholesale Singing Bowls. Contact us or order by phone at 800-886-5551 Email: info@dharmashop.com ・ ...,valid,valid,True,True,qualified,90,1.0,"Directly sells singing bowls and explicitly mentions wholesale, indicating a strong commercial interest in sourcing.",high,eligible,False,2026-09-05T11:43:07.544235+00:00,2026-09-05T11:43:07.544235+00:00,2026-09-05T11:43:07.544235+00:00,False,False,Syntax Valid,business,,,,,
5b4b14ed7eee,5b4b14ed7eee,Singing bowls,Singing bowls,,,,,,https://phoeniximport.com,United States,Wholesale Importer,tibetan-singing-bowls,web_search,web_search,https://www.phoeniximport.com/en/collections/singing-bowls-and-more,"Mani Bhadra BV - Phoenix Import is one of Europe's largest singing bowls wholesaler, with a very wide range of metal singing bowls, crystal singing bowls, gongs ...","Mani Bhadra BV - Phoenix Import is one of Europe's largest singing bowls wholesaler, with a very wide range of metal singing bowls, crystal singing bowls, gongs ...",missing,missing,False,False,pending,,,,,not_eligible,False,2026-09-05T12:05:40.096043+00:00,2026-09-05T12:05:40.096043+00:00,2026-09-05T12:05:40.096043+00:00,True,False,Missing email address,,,,,,
6090c2ec398d,6090c2ec398d,Soundtopia: Singing Bowls for Sale,Soundtopia: Singing Bowls for Sale,,,,,,https://soundtopia.com,United States,Wholesale Importer,tibetan-singing-bowls,web_search,web_search,https://www.soundtopia.com/?srsltid=AfmBOorENAlAEqOTLReOGQQLethKifDUUaICRmUVSwYcAdoSGmiX0PDO,"largest US-based supplier of Crystal and Himalayan Singing Bowls, with over 10,000 unique pieces in stock—each carefully sound-tested and recorded","largest US-based supplier of Crystal and Himalayan Singing Bowls, with over 10,000 unique pieces in stock—each carefully sound-tested and recorded",missing,missing,False,False,pending,,,,,not_eligible,False,2026-09-05T12:05:40.098402+00:00,2026-09-05T12:05:40.098402+00:00,2026-09-05T12:05:40.098402+00:00,False,False,Missing email address,,,,,,
987eccb29962,987eccb29962,Singing Bowls,Singing Bowls,,,,info@dharmashop.com,800-886-5551,https://dharmashop.com,United States,Wholesale Importer,tibetan-singing-bowls,web_search,web_search,https://www.dharmashop.com/collections/wholesale-singing-bowls?srsltid=AfmBOorAEccbXWh0PaUyDW_fljrnro2S_3gRazSuyjyP4Hx3NRdlbCpM,MasterpieceTM Tibetan Singing Bowl $ 199.00. Bowl Set $ 399.00. Contact us or order by phone at 800-886-5551 Email: info@dharmashop.com,MasterpieceTM Tibetan Singing Bowl $ 199.00. Bowl Set $ 399.00. Contact us or order by phone at 800-886-5551 Email: info@dharmashop.com,valid,valid,True,True,qualified,90,0.97,"This company directly advertises 'Wholesale Singing Bowls' and provides contact information, indicating a strong B2B interest in sourcing or distributing the product.",high,eligible,False,2026-09-05T12:05:40.119446+00:00,2026-09-05T12:05:40.119446+00:00,2026-09-05T12:05:40.119446+00:00,True,False,Syntax Valid,business,,,,,
1cb4721d0eeb,1cb4721d0eeb,Where to  Tibetan singing bowls ?,Where to  Tibetan singing bowls ?,,,,,,https://facebook.com,United States,Wholesale Importer,tibetan-singing-bowls,web_search,web_search,https://www.facebook.com/groups/235814466274117/posts/410822048773357/,"Does anyone on here sell Tibetan singing bowls wholesale and if not does anyone know where I could purchase them from?
Would love recommendations ...","Does anyone on here sell Tibetan singing bowls wholesale and if not does anyone know where I could purchase them from?
Would love recommendations ...",missing,missing,False,False,pending,,,,,not_eligible,False,2026-09-05T12:05:40.119534+00:00,2026-09-05T12:05:40.119534+00:00,2026-09-05T12:05:40.119534+00:00,False,False,Missing email address,,,,,,
cda3d88c7a26,cda3d88c7a26,singing bowls for your store,singing bowls for your store,,,,,,https://faire.com,United States,Wholesale Importer,tibetan-singing-bowls,web_search,web_search,https://www.faire.com/discover/singing-bowls,Shop wholesale singing bowls and more for your store on Faire. Singing Bowl Set – 7 Metal Tibetan Bowls from Nepal. Tuned for Sound Healing & Meditation,Shop wholesale singing bowls and more for your store on Faire. Singing Bowl Set – 7 Metal Tibetan Bowls from Nepal. Tuned for Sound Healing & Meditation,missing,missing,False,False,pending,,,,,not_eligible,False,2026-09-05T12:05:40.119578+00:00,2026-09-05T12:05:40.119578+00:00,2026-09-05T12:05:40.119578+00:00,False,False,Missing email address,,,,,,
22bf76715447,22bf76715447,Chakra Singing Bowls,Chakra Singing Bowls,,,,,541-636-3594,https://katmandutrading.com,United States,Wholesale Importer,tibetan-singing-bowls,web_search,web_search,https://katmandutrading.com/products/chakra-singing-bowls-wholesale?srsltid=AfmBOopuEMZ75BYKUCnO4AD2gpktZv0CUjsbhvZ8ABlwROxT9paucu-o,"Searching for chakra singing bowls wholesale near me? Katmandu has you covered. Visit our Eugene, OR, location today or call 541-636-3594 to learn more.","Searching for chakra singing bowls wholesale near me? Katmandu has you covered. Visit our Eugene, OR, location today or call 541-636-3594 to learn more.",missing,missing,False,False,pending,,,,,not_eligible,False,2026-09-05T12:05:40.119616+00:00,2026-09-05T12:05:40.119616+00:00,2026-09-05T12:05:40.119616+00:00,False,False,Missing email address,,,,,,
cb7fd818df14,cb7fd818df14,Set of 3 Pieces Handmade singing bowl- deal ...,Set of 3 Pieces Handmade singing bowl- deal ...,,,,,,https://ebay.com,United States,Wholesale Importer,tibetan-singing-bowls,web_search,web_search,https://www.ebay.com/itm/274038747259,"Set of three brass Tibetan singing bowls with carved patterns, wooden striker, and red. Message $179.99/ this item Condition New Quantity 14 sold","Set of three brass Tibetan singing bowls with carved patterns, wooden striker, and red. Message $179.99/ this item Condition New Quantity 14 sold",missing,missing,False,False,pending,,,,,not_eligible,False,2026-09-05T12:05:40.119651+00:00,2026-09-05T12:05:40.119651+00:00,2026-09-05T12:05:40.119651+00:00,False,False,Missing email address,,,,,,
8522ef300692,8522ef300692,Temple Sounds Tibetan Singing Bowls,Temple Sounds Tibetan Singing Bowls,,,,,,https://templesounds.net,United States,Wholesale Importer,tibetan-singing-bowls,web_search,web_search,http://www.templesounds.net/,Temple Sounds specializes in the highest quality Singing Bowls and Bells and all hand selected by Singing Bowl Master Emile de Leon for Great Tones!,Temple Sounds specializes in the highest quality Singing Bowls and Bells and all hand selected by Singing Bowl Master Emile de Leon for Great Tones!,missing,missing,False,False,pending,,,,,not_eligible,False,2026-09-05T12:05:40.119686+00:00,2026-09-05T12:05:40.119686+00:00,2026-09-05T12:05:40.119686+00:00,False,False,Missing email address,,,,,,
145ce7425a09,145ce7425a09,"TOP 10 BEST Tibetan Singing Bowls in Los Angeles, ","TOP 10 BEST Tibetan Singing Bowls in Los Angeles, ",,,,,,https://yelp.com,United States,Wholesale Importer,tibetan-singing-bowls,web_search,web_search,https://www.yelp.com/search?find_desc=Tibetan+Singing+Bowls&find_loc=Los+Angeles%2C+CA,"Top 10 Best Tibetan Singing Bowls Near Los Angeles, California (Updated 2026) · 1. Tenzin Imports · 2. Zenda Imports · 3. Chakra vibes unlimited · 4. iSingingBowls.","Top 10 Best Tibetan Singing Bowls Near Los Angeles, California (Updated 2026) · 1. Tenzin Imports · 2. Zenda Imports · 3. Chakra vibes unlimited · 4. iSingingBowls.",missing,missing,False,False,pending,,,,,not_eligible,False,2026-09-05T12:05:40.119717+00:00,2026-09-05T12:05:40.119717+00:00,2026-09-05T12:05:40.119717+00:00,False,False,Missing email address,,,,,,
5b4b14ed7eee,5b4b14ed7eee,Singing bowls,Singing bowls,,,,,,https://phoeniximport.com,Germany,Wholesale Importer,tibetan-singing-bowls,web_search,web_search,https://www.phoeniximport.com/en/collections/singing-bowls-and-more,"Mani Bhadra BV - Phoenix Import is one of Europe's largest singing bowls wholesaler, with a very wide range of metal singing bowls, crystal singing bowls, gongs ...","Mani Bhadra BV - Phoenix Import is one of Europe's largest singing bowls wholesaler, with a very wide range of metal singing bowls, crystal singing bowls, gongs ...",missing,missing,False,False,pending,,,,,not_eligible,False,2026-09-05T12:06:08.253169+00:00,2026-09-05T12:06:08.253169+00:00,2026-09-05T12:06:08.253169+00:00,True,False,Missing email address,,,,,,
6090c2ec398d,6090c2ec398d,Soundtopia: Singing Bowls for Sale,Soundtopia: Singing Bowls for Sale,,,,,,https://soundtopia.com,Germany,Wholesale Importer,tibetan-singing-bowls,web_search,web_search,https://www.soundtopia.com/?srsltid=AfmBOop2GM4_DagqVcGm_dr8gBol387JzDyrpxtVzSzriS3JfoBwNxLk,"We specialize in authentic Crystal and Himalayan Singing Bowls, gongs, and sound therapy instruments,","We specialize in authentic Crystal and Himalayan Singing Bowls, gongs, and sound therapy instruments,",missing,missing,False,False,pending,,,,,not_eligible,False,2026-09-05T12:06:08.253272+00:00,2026-09-05T12:06:08.253272+00:00,2026-09-05T12:06:08.253272+00:00,True,False,Missing email address,,,,,,
36061dc29329,36061dc29329,Authentic Tibetan Singing Bowls,Authentic Tibetan Singing Bowls,,,,,,https://dharmashop.com,Germany,Wholesale Importer,tibetan-singing-bowls,web_search,web_search,https://www.dharmashop.com/collections/singing-bowls?srsltid=AfmBOoo2Dti8h7HFNKPsQ6EcX7SDVfNUzeIrpmHIswR5OapnIr3EJu7Z,"Find the perfect Tibetan singing bowl for meditation, mindfulness, beginners, yoga, or sound healing. Every bowl is ethically handcrafted in Nepal","Find the perfect Tibetan singing bowl for meditation, mindfulness, beginners, yoga, or sound healing. Every bowl is ethically handcrafted in Nepal",missing,missing,False,False,pending,,,,,not_eligible,False,2026-09-05T12:06:08.253312+00:00,2026-09-05T12:06:08.253312+00:00,2026-09-05T12:06:08.253312+00:00,False,False,Missing email address,,,,,,
e5c136816e38,e5c136816e38,Singing Bowls,Singing Bowls,,,,,,https://vdimporters.com,Germany,Wholesale Importer,tibetan-singing-bowls,web_search,web_search,https://www.vdimporters.com/singing-bowls/?srsltid=AfmBOoq_gvNQa2WO1Xuc-a6xLtyK5GRpMX61TlxnXHcUq9lTnov7JmDS,"Explore a wide selection of high-quality Singing Bowls perfect for meditation, relaxation, and sound healing. Shop now for the best deals on Singing Bowls.","Explore a wide selection of high-quality Singing Bowls perfect for meditation, relaxation, and sound healing. Shop now for the best deals on Singing Bowls.",missing,missing,False,False,pending,,,,,not_eligible,False,2026-09-05T12:06:08.253345+00:00,2026-09-05T12:06:08.253345+00:00,2026-09-05T12:06:08.253345+00:00,False,False,Missing email address,,,,,,
22bf76715447,22bf76715447,Chakra Singing Bowls,Chakra Singing Bowls,,,,,541-636-3594,https://katmandutrading.com,Germany,Wholesale Importer,tibetan-singing-bowls,web_search,web_search,https://katmandutrading.com/products/chakra-singing-bowls-wholesale?srsltid=AfmBOorKsyybahtlogA0EEMvm3H7yR-bUgpWMOoJxm5pPbywGO1JT3aH,"Searching for chakra singing bowls wholesale near me? Katmandu has you covered. Visit our Eugene, OR, location today or call 541-636-3594 to learn more.","Searching for chakra singing bowls wholesale near me? Katmandu has you covered. Visit our Eugene, OR, location today or call 541-636-3594 to learn more.",missing,missing,False,False,pending,,,,,not_eligible,False,2026-09-05T12:06:08.253374+00:00,2026-09-05T12:06:08.253374+00:00,2026-09-05T12:06:08.253374+00:00,True,False,Missing email address,,,,,,
3b3885c1ff01,3b3885c1ff01,Tibetan Handmade Singing Bowls,Tibetan Handmade Singing Bowls,,,,,,https://facebook.com,Germany,Wholesale Importer,tibetan-singing-bowls,web_search,web_search,https://www.facebook.com/TibetanHandmadeSingingBowls/,Our Tibetan singing bowls are carefully crafted by skilled Nepalese artisans using seven metals and follow a fair trade policy.,Our Tibetan singing bowls are carefully crafted by skilled Nepalese artisans using seven metals and follow a fair trade policy.,missing,missing,False,False,pending,,,,,not_eligible,False,2026-09-05T12:06:08.253407+00:00,2026-09-05T12:06:08.253407+00:00,2026-09-05T12:06:08.253407+00:00,False,False,Missing email address,,,,,,
6605a64b765b,6605a64b765b,tibetan singing bowl for your store,tibetan singing bowl for your store,,,,,,https://faire.com,Germany,Wholesale Importer,tibetan-singing-bowls,web_search,web_search,https://www.faire.com/discover/tibetan-singing-bowl,"Explore a curated selection of wholesale Tibetan singing bowls, crystal singing bowls, and sound healing bowls. Discover unique finds for your USA shop.","Explore a curated selection of wholesale Tibetan singing bowls, crystal singing bowls, and sound healing bowls. Discover unique finds for your USA shop.",missing,missing,False,False,pending,,,,,not_eligible,False,2026-09-05T12:06:08.253434+00:00,2026-09-05T12:06:08.253434+00:00,2026-09-05T12:06:08.253434+00:00,False,False,Missing email address,,,,,,
5b4b14ed7eee,5b4b14ed7eee,Singing bowls,Singing bowls,,,,,,https://phoeniximport.com,United States,Wholesale Importer,tibetan-singing-bowls,web_search,web_search,https://www.phoeniximport.com/en/collections/singing-bowls-and-more,"Mani Bhadra BV - Phoenix Import is one of Europe's largest singing bowls wholesaler, with a very wide range of metal singing bowls, crystal singing bowls, gongs ...","Mani Bhadra BV - Phoenix Import is one of Europe's largest singing bowls wholesaler, with a very wide range of metal singing bowls, crystal singing bowls, gongs ...",missing,missing,False,False,pending,,,,,not_eligible,False,2026-09-05T12:06:15.066031+00:00,2026-09-05T12:06:15.066031+00:00,2026-09-05T12:06:15.066031+00:00,True,False,Missing email address,,,,,,
6090c2ec398d,6090c2ec398d,Soundtopia: Singing Bowls for Sale,Soundtopia: Singing Bowls for Sale,,,,,,https://soundtopia.com,United States,Wholesale Importer,tibetan-singing-bowls,web_search,web_search,https://www.soundtopia.com/?srsltid=AfmBOoomHMjrPyplO3YvpWtydx2Ez-WcnuIUE8B7lggLgLN5-8x0l3v9,"largest US-based supplier of Crystal and Himalayan Singing Bowls, with over 10,000 unique pieces in stock—each carefully sound-tested and recorded","largest US-based supplier of Crystal and Himalayan Singing Bowls, with over 10,000 unique pieces in stock—each carefully sound-tested and recorded",missing,missing,False,False,pending,,,,,not_eligible,False,2026-09-05T12:06:15.066095+00:00,2026-09-05T12:06:15.066095+00:00,2026-09-05T12:06:15.066095+00:00,True,False,Missing email address,,,,,,
36061dc29329,36061dc29329,Authentic Tibetan Singing Bowls,Authentic Tibetan Singing Bowls,,,,,,https://dharmashop.com,United States,Wholesale Importer,tibetan-singing-bowls,web_search,web_search,https://www.dharmashop.com/collections/singing-bowls?srsltid=AfmBOop6nL72uLfKAofIZhrSc2W1-DpAXtaOM8xVDn_ZT62cM3499_bM,"Find the perfect Tibetan singing bowl for meditation, mindfulness, beginners, yoga, or sound healing. Every bowl is ethically handcrafted in Nepal","Find the perfect Tibetan singing bowl for meditation, mindfulness, beginners, yoga, or sound healing. Every bowl is ethically handcrafted in Nepal",missing,missing,False,False,pending,,,,,not_eligible,False,2026-09-05T12:06:15.066131+00:00,2026-09-05T12:06:15.066131+00:00,2026-09-05T12:06:15.066131+00:00,True,False,Missing email address,,,,,,
1cb4721d0eeb,1cb4721d0eeb,Where to  Tibetan singing bowls ?,Where to  Tibetan singing bowls ?,,,,,,https://facebook.com,United States,Wholesale Importer,tibetan-singing-bowls,web_search,web_search,https://www.facebook.com/groups/235814466274117/posts/410822048773357/,"Does anyone on here sell Tibetan singing bowls wholesale and if not does anyone know where I could purchase them from?
Would love recommendations ...","Does anyone on here sell Tibetan singing bowls wholesale and if not does anyone know where I could purchase them from?
Would love recommendations ...",missing,missing,False,False,pending,,,,,not_eligible,False,2026-09-05T12:06:15.066179+00:00,2026-09-05T12:06:15.066179+00:00,2026-09-05T12:06:15.066179+00:00,True,False,Missing email address,,,,,,
cda3d88c7a26,cda3d88c7a26,singing bowls for your store,singing bowls for your store,,,,,,https://faire.com,United States,Wholesale Importer,tibetan-singing-bowls,web_search,web_search,https://www.faire.com/discover/singing-bowls,Shop wholesale singing bowls and more for your store on Faire. Singing Bowl Set – 7 Metal Tibetan Bowls from Nepal. Tuned for Sound Healing & Meditation,Shop wholesale singing bowls and more for your store on Faire. Singing Bowl Set – 7 Metal Tibetan Bowls from Nepal. Tuned for Sound Healing & Meditation,missing,missing,False,False,pending,,,,,not_eligible,False,2026-09-05T12:06:15.066211+00:00,2026-09-05T12:06:15.066211+00:00,2026-09-05T12:06:15.066211+00:00,True,False,Missing email address,,,,,,
22bf76715447,22bf76715447,Chakra Singing Bowls,Chakra Singing Bowls,,,,,541-636-3594,https://katmandutrading.com,United States,Wholesale Importer,tibetan-singing-bowls,web_search,web_search,https://katmandutrading.com/products/chakra-singing-bowls-wholesale?srsltid=AfmBOoqvBGLkXedUKfs9VSxVZ9GwR464Cg6lW-2j4vgWRDTIAzAK-blI,"Searching for chakra singing bowls wholesale near me? Katmandu has you covered. Visit our Eugene, OR, location today or call 541-636-3594 to learn more.","Searching for chakra singing bowls wholesale near me? Katmandu has you covered. Visit our Eugene, OR, location today or call 541-636-3594 to learn more.",missing,missing,False,False,pending,,,,,not_eligible,False,2026-09-05T12:06:15.066244+00:00,2026-09-05T12:06:15.066244+00:00,2026-09-05T12:06:15.066244+00:00,True,False,Missing email address,,,,,,
8522ef300692,8522ef300692,Temple Sounds Tibetan Singing Bowls,Temple Sounds Tibetan Singing Bowls,,,,,,https://templesounds.net,United States,Wholesale Importer,tibetan-singing-bowls,web_search,web_search,http://www.templesounds.net/,Temple Sounds specializes in the highest quality Singing Bowls and Bells and all hand selected by Singing Bowl Master Emile de Leon for Great Tones!,Temple Sounds specializes in the highest quality Singing Bowls and Bells and all hand selected by Singing Bowl Master Emile de Leon for Great Tones!,missing,missing,False,False,pending,,,,,not_eligible,False,2026-09-05T12:06:15.066280+00:00,2026-09-05T12:06:15.066280+00:00,2026-09-05T12:06:15.066280+00:00,True,False,Missing email address,,,,,,
145ce7425a09,145ce7425a09,"TOP 10 BEST Tibetan Singing Bowls in Los Angeles, ","TOP 10 BEST Tibetan Singing Bowls in Los Angeles, ",,,,,,https://yelp.com,United States,Wholesale Importer,tibetan-singing-bowls,web_search,web_search,https://www.yelp.com/search?find_desc=Tibetan+Singing+Bowls&find_loc=Los+Angeles%2C+CA,"Top 10 Best Tibetan Singing Bowls Near Los Angeles, California (Updated 2026) · 1. Tenzin Imports · 2. Zenda Imports · 3. Chakra vibes unlimited · 4. iSingingBowls.","Top 10 Best Tibetan Singing Bowls Near Los Angeles, California (Updated 2026) · 1. Tenzin Imports · 2. Zenda Imports · 3. Chakra vibes unlimited · 4. iSingingBowls.",missing,missing,False,False,pending,,,,,not_eligible,False,2026-09-05T12:06:15.066308+00:00,2026-09-05T12:06:15.066308+00:00,2026-09-05T12:06:15.066308+00:00,True,False,Missing email address,,,,,,
cb7fd818df14,cb7fd818df14,Set of 3 Pieces Handmade singing bowl- deal ...,Set of 3 Pieces Handmade singing bowl- deal ...,,,,,,https://ebay.com,United States,Wholesale Importer,tibetan-singing-bowls,web_search,web_search,https://www.ebay.com/itm/274038747259,"Set of three brass Tibetan singing bowls with carved patterns, wooden striker, and red. Set of 3 Pieces Handmade singing bowl- ...","Set of three brass Tibetan singing bowls with carved patterns, wooden striker, and red. Set of 3 Pieces Handmade singing bowl- ...",missing,missing,False,False,pending,,,,,not_eligible,False,2026-09-05T12:06:15.066335+00:00,2026-09-05T12:06:15.066335+00:00,2026-09-05T12:06:15.066335+00:00,True,False,Missing email address,,,,,,
5b4b14ed7eee,5b4b14ed7eee,Singing bowls,Singing bowls,,,,,,https://phoeniximport.com,United States,Wholesale Importer,tibetan-singing-bowls,web_search,web_search,https://www.phoeniximport.com/en/collections/singing-bowls-and-more,"Mani Bhadra BV - Phoenix Import is one of Europe's largest singing bowls wholesaler, with a very wide range of metal singing bowls, crystal singing bowls, gongs ...","Mani Bhadra BV - Phoenix Import is one of Europe's largest singing bowls wholesaler, with a very wide range of metal singing bowls, crystal singing bowls, gongs ...",missing,missing,False,False,pending,,,,,not_eligible,False,2026-09-05T12:11:10.709779+00:00,2026-09-05T12:11:10.709779+00:00,2026-09-05T12:11:10.709779+00:00,True,False,Missing email address,,,,,,
6090c2ec398d,6090c2ec398d,Soundtopia: Singing Bowls for Sale,Soundtopia: Singing Bowls for Sale,,,,,,https://soundtopia.com,United States,Wholesale Importer,tibetan-singing-bowls,web_search,web_search,https://www.soundtopia.com/?srsltid=AfmBOorp-UFIOd10wdEDsnyH4RaHlHP6-BayVzb8gK4nsTjTI-Wn3lNu,"largest US-based supplier of Crystal and Himalayan Singing Bowls, with over 10,000 unique pieces in stock—each carefully sound-tested and recorded","largest US-based supplier of Crystal and Himalayan Singing Bowls, with over 10,000 unique pieces in stock—each carefully sound-tested and recorded",missing,missing,False,False,pending,,,,,not_eligible,False,2026-09-05T12:11:10.709875+00:00,2026-09-05T12:11:10.709875+00:00,2026-09-05T12:11:10.709875+00:00,True,False,Missing email address,,,,,,
987eccb29962,987eccb29962,Singing Bowls,Singing Bowls,,,,info@dharmashop.com,800-886-5551,https://dharmashop.com,United States,Wholesale Importer,tibetan-singing-bowls,web_search,web_search,https://www.dharmashop.com/collections/wholesale-singing-bowls?srsltid=AfmBOopmWRtbd-3wifxl2bK_owXt-4IaI8MiuVXRcpGb3wAdMPtNrlm5,MasterpieceTM Tibetan Singing Bowl $ 199.00. Bowl Set $ 399.00. Contact us or order by phone at 800-886-5551 Email: info@dharmashop.com,MasterpieceTM Tibetan Singing Bowl $ 199.00. Bowl Set $ 399.00. Contact us or order by phone at 800-886-5551 Email: info@dharmashop.com,valid,valid,True,True,pending,,,,,not_eligible,False,2026-09-05T12:11:10.710659+00:00,2026-09-05T12:11:10.710659+00:00,2026-09-05T12:11:10.710659+00:00,True,False,Syntax Valid,,,,,,
1cb4721d0eeb,1cb4721d0eeb,Where to  Tibetan singing bowls ?,Where to  Tibetan singing bowls ?,,,,,,https://facebook.com,United States,Wholesale Importer,tibetan-singing-bowls,web_search,web_search,https://www.facebook.com/groups/235814466274117/posts/410822048773357/,"Does anyone on here sell Tibetan singing bowls wholesale and if not does anyone know where I could purchase them from?
Would love recommendations ...","Does anyone on here sell Tibetan singing bowls wholesale and if not does anyone know where I could purchase them from?
Would love recommendations ...",missing,missing,False,False,pending,,,,,not_eligible,False,2026-09-05T12:11:10.710748+00:00,2026-09-05T12:11:10.710748+00:00,2026-09-05T12:11:10.710748+00:00,True,False,Missing email address,,,,,,
cda3d88c7a26,cda3d88c7a26,singing bowls for your store,singing bowls for your store,,,,,,https://faire.com,United States,Wholesale Importer,tibetan-singing-bowls,web_search,web_search,https://www.faire.com/discover/singing-bowls,Shop wholesale singing bowls and more for your store on Faire. Singing Bowl Set – 7 Metal Tibetan Bowls from Nepal. Tuned for Sound Healing & Meditation,Shop wholesale singing bowls and more for your store on Faire. Singing Bowl Set – 7 Metal Tibetan Bowls from Nepal. Tuned for Sound Healing & Meditation,missing,missing,False,False,pending,,,,,not_eligible,False,2026-09-05T12:11:10.710803+00:00,2026-09-05T12:11:10.710803+00:00,2026-09-05T12:11:10.710803+00:00,True,False,Missing email address,,,,,,
22bf76715447,22bf76715447,Chakra Singing Bowls,Chakra Singing Bowls,,,,,541-636-3594,https://katmandutrading.com,United States,Wholesale Importer,tibetan-singing-bowls,web_search,web_search,https://katmandutrading.com/products/chakra-singing-bowls-wholesale?srsltid=AfmBOooF-JAY3aWT1cpY6MSY_Aw9CpBy7Fqm52_c6YPQyBiAXfa5VB8k,"Searching for chakra singing bowls wholesale near me? Katmandu has you covered. Visit our Eugene, OR, location today or call 541-636-3594 to learn more.","Searching for chakra singing bowls wholesale near me? Katmandu has you covered. Visit our Eugene, OR, location today or call 541-636-3594 to learn more.",missing,missing,False,False,pending,,,,,not_eligible,False,2026-09-05T12:11:10.710859+00:00,2026-09-05T12:11:10.710859+00:00,2026-09-05T12:11:10.710859+00:00,True,False,Missing email address,,,,,,
cb7fd818df14,cb7fd818df14,Set of 3 Pieces Handmade singing bowl- deal ...,Set of 3 Pieces Handmade singing bowl- deal ...,,,,,,https://ebay.com,United States,Wholesale Importer,tibetan-singing-bowls,web_search,web_search,https://www.ebay.com/itm/274038747259,"Set of three brass Tibetan singing bowls with carved patterns, wooden striker, and red. Message $179.99/ this item Condition New Quantity 14 sold","Set of three brass Tibetan singing bowls with carved patterns, wooden striker, and red. Message $179.99/ this item Condition New Quantity 14 sold",missing,missing,False,False,pending,,,,,not_eligible,False,2026-09-05T12:11:10.710903+00:00,2026-09-05T12:11:10.710903+00:00,2026-09-05T12:11:10.710903+00:00,True,False,Missing email address,,,,,,
8522ef300692,8522ef300692,Temple Sounds Tibetan Singing Bowls,Temple Sounds Tibetan Singing Bowls,,,,,,https://templesounds.net,United States,Wholesale Importer,tibetan-singing-bowls,web_search,web_search,http://www.templesounds.net/,Temple Sounds specializes in the highest quality Singing Bowls and Bells and all hand selected by Singing Bowl Master Emile de Leon for Great Tones!,Temple Sounds specializes in the highest quality Singing Bowls and Bells and all hand selected by Singing Bowl Master Emile de Leon for Great Tones!,missing,missing,False,False,pending,,,,,not_eligible,False,2026-09-05T12:11:10.711009+00:00,2026-09-05T12:11:10.711009+00:00,2026-09-05T12:11:10.711009+00:00,True,False,Missing email address,,,,,,
145ce7425a09,145ce7425a09,"TOP 10 BEST Tibetan Singing Bowls in Los Angeles, ","TOP 10 BEST Tibetan Singing Bowls in Los Angeles, ",,,,,,https://yelp.com,United States,Wholesale Importer,tibetan-singing-bowls,web_search,web_search,https://www.yelp.com/search?find_desc=Tibetan+Singing+Bowls&find_loc=Los+Angeles%2C+CA,"Top 10 Best Tibetan Singing Bowls Near Los Angeles, California (Updated 2026) · 1. Tenzin Imports · 2. Zenda Imports · 3. Chakra vibes unlimited · 4. iSingingBowls.","Top 10 Best Tibetan Singing Bowls Near Los Angeles, California (Updated 2026) · 1. Tenzin Imports · 2. Zenda Imports · 3. Chakra vibes unlimited · 4. iSingingBowls.",missing,missing,False,False,pending,,,,,not_eligible,False,2026-09-05T12:11:10.711053+00:00,2026-09-05T12:11:10.711053+00:00,2026-09-05T12:11:10.711053+00:00,True,False,Missing email address,,,,,,
5b4b14ed7eee,5b4b14ed7eee,Singing bowls,Singing bowls,,,,,,https://phoeniximport.com,United States,Wholesale Importer,tibetan-singing-bowls,web_search,web_search,https://www.phoeniximport.com/en/collections/singing-bowls-and-more,"Mani Bhadra BV - Phoenix Import is one of Europe's largest singing bowls wholesaler, with a very wide range of metal singing bowls, crystal singing bowls, gongs ...","Mani Bhadra BV - Phoenix Import is one of Europe's largest singing bowls wholesaler, with a very wide range of metal singing bowls, crystal singing bowls, gongs ...",missing,missing,False,False,pending,,,,,not_eligible,False,2026-09-05T12:17:26.723941+00:00,2026-09-05T12:17:26.723941+00:00,2026-09-05T12:17:26.723941+00:00,True,False,Missing email address,,,,,,
6090c2ec398d,6090c2ec398d,Soundtopia: Singing Bowls for Sale,Soundtopia: Singing Bowls for Sale,,,,,,https://soundtopia.com,United States,Wholesale Importer,tibetan-singing-bowls,web_search,web_search,https://www.soundtopia.com/?srsltid=AfmBOoqaZDUmXuPHBv20XwD_a2FN-wkqQI1UX4gpNoKKklJYq2f42Gl0,"largest US-based supplier of Crystal and Himalayan Singing Bowls, with over 10,000 unique pieces in stock—each carefully sound-tested and recorded","largest US-based supplier of Crystal and Himalayan Singing Bowls, with over 10,000 unique pieces in stock—each carefully sound-tested and recorded",missing,missing,False,False,pending,,,,,not_eligible,False,2026-09-05T12:17:26.724020+00:00,2026-09-05T12:17:26.724020+00:00,2026-09-05T12:17:26.724020+00:00,True,False,Missing email address,,,,,,
987eccb29962,987eccb29962,Singing Bowls,Singing Bowls,,,,info@dharmashop.com,800-886-5551,https://dharmashop.com,United States,Wholesale Importer,tibetan-singing-bowls,web_search,web_search,https://www.dharmashop.com/collections/wholesale-singing-bowls?srsltid=AfmBOopyIj8Kxh7NlHsBKq57SlrkX9VYQPvFm506FMpFJL5dVBc9KwT1,MasterpieceTM Tibetan Singing Bowl $ 199.00. Bowl Set $ 399.00. Contact us or order by phone at 800-886-5551 Email: info@dharmashop.com,MasterpieceTM Tibetan Singing Bowl $ 199.00. Bowl Set $ 399.00. Contact us or order by phone at 800-886-5551 Email: info@dharmashop.com,valid,valid,True,True,pending,,,,,not_eligible,False,2026-09-05T12:17:26.724514+00:00,2026-09-05T12:17:26.724514+00:00,2026-09-05T12:17:26.724514+00:00,True,False,Syntax Valid,,,,,,
1cb4721d0eeb,1cb4721d0eeb,Where to  Tibetan singing bowls ?,Where to  Tibetan singing bowls ?,,,,,,https://facebook.com,United States,Wholesale Importer,tibetan-singing-bowls,web_search,web_search,https://www.facebook.com/groups/235814466274117/posts/410822048773357/,"Does anyone on here sell Tibetan singing bowls wholesale and if not does anyone know where I could purchase them from?
Would love recommendations ...","Does anyone on here sell Tibetan singing bowls wholesale and if not does anyone know where I could purchase them from?
Would love recommendations ...",missing,missing,False,False,pending,,,,,not_eligible,False,2026-09-05T12:17:26.724559+00:00,2026-09-05T12:17:26.724559+00:00,2026-09-05T12:17:26.724559+00:00,True,False,Missing email address,,,,,,
cda3d88c7a26,cda3d88c7a26,singing bowls for your store,singing bowls for your store,,,,,,https://faire.com,United States,Wholesale Importer,tibetan-singing-bowls,web_search,web_search,https://www.faire.com/discover/singing-bowls,Shop wholesale singing bowls and more for your store on Faire. Singing Bowl Set – 7 Metal Tibetan Bowls from Nepal. Tuned for Sound Healing & Meditation,Shop wholesale singing bowls and more for your store on Faire. Singing Bowl Set – 7 Metal Tibetan Bowls from Nepal. Tuned for Sound Healing & Meditation,missing,missing,False,False,pending,,,,,not_eligible,False,2026-09-05T12:17:26.724589+00:00,2026-09-05T12:17:26.724589+00:00,2026-09-05T12:17:26.724589+00:00,True,False,Missing email address,,,,,,
22bf76715447,22bf76715447,Chakra Singing Bowls,Chakra Singing Bowls,,,,,541-636-3594,https://katmandutrading.com,United States,Wholesale Importer,tibetan-singing-bowls,web_search,web_search,https://katmandutrading.com/products/chakra-singing-bowls-wholesale?srsltid=AfmBOorpGCnJ_5lDGg96w5Ipl6GUaYDC-dPVGSM4lVGwijV51XI-hcej,"Searching for chakra singing bowls wholesale near me? Katmandu has you covered. Visit our Eugene, OR, location today or call 541-636-3594 to learn more.","Searching for chakra singing bowls wholesale near me? Katmandu has you covered. Visit our Eugene, OR, location today or call 541-636-3594 to learn more.",missing,missing,False,False,pending,,,,,not_eligible,False,2026-09-05T12:17:26.724618+00:00,2026-09-05T12:17:26.724618+00:00,2026-09-05T12:17:26.724618+00:00,True,False,Missing email address,,,,,,
cb7fd818df14,cb7fd818df14,Set of 3 Pieces Handmade singing bowl- deal ...,Set of 3 Pieces Handmade singing bowl- deal ...,,,,,,https://ebay.com,United States,Wholesale Importer,tibetan-singing-bowls,web_search,web_search,https://www.ebay.com/itm/274038747259,"Set of three brass Tibetan singing bowls with carved patterns, wooden striker, and red. Message $179.99/ this item Condition New Quantity 14 sold","Set of three brass Tibetan singing bowls with carved patterns, wooden striker, and red. Message $179.99/ this item Condition New Quantity 14 sold",missing,missing,False,False,pending,,,,,not_eligible,False,2026-09-05T12:17:26.724645+00:00,2026-09-05T12:17:26.724645+00:00,2026-09-05T12:17:26.724645+00:00,True,False,Missing email address,,,,,,
8522ef300692,8522ef300692,Temple Sounds Tibetan Singing Bowls,Temple Sounds Tibetan Singing Bowls,,,,,,https://templesounds.net,United States,Wholesale Importer,tibetan-singing-bowls,web_search,web_search,http://www.templesounds.net/,Temple Sounds specializes in the highest quality Singing Bowls and Bells and all hand selected by Singing Bowl Master Emile de Leon for Great Tones!,Temple Sounds specializes in the highest quality Singing Bowls and Bells and all hand selected by Singing Bowl Master Emile de Leon for Great Tones!,missing,missing,False,False,pending,,,,,not_eligible,False,2026-09-05T12:17:26.724670+00:00,2026-09-05T12:17:26.724670+00:00,2026-09-05T12:17:26.724670+00:00,True,False,Missing email address,,,,,,
145ce7425a09,145ce7425a09,"TOP 10 BEST Tibetan Singing Bowls in Los Angeles, ","TOP 10 BEST Tibetan Singing Bowls in Los Angeles, ",,,,,,https://yelp.com,United States,Wholesale Importer,tibetan-singing-bowls,web_search,web_search,https://www.yelp.com/search?find_desc=Tibetan+Singing+Bowls&find_loc=Los+Angeles%2C+CA,"Top 10 Best Tibetan Singing Bowls Near Los Angeles, California (Updated 2026) · 1. Tenzin Imports · 2. Zenda Imports · 3. Chakra vibes unlimited · 4. iSingingBowls.","Top 10 Best Tibetan Singing Bowls Near Los Angeles, California (Updated 2026) · 1. Tenzin Imports · 2. Zenda Imports · 3. Chakra vibes unlimited · 4. iSingingBowls.",missing,missing,False,False,pending,,,,,not_eligible,False,2026-09-05T12:17:26.724695+00:00,2026-09-05T12:17:26.724695+00:00,2026-09-05T12:17:26.724695+00:00,True,False,Missing email address,,,,,,
lead-abccompany-08e3ea,lead-abccompany-08e3ea,ABC Company,ABC Company,Naina Varshney,,Naina Varshney,naina2311081@gmail.com,123456789,,India,Distributor,himalayan-sound-healing-bowls,Manual Entry,,,,,valid,,True,True,rejected,10,0.2,"Lacks any identifiable business information, website, or relevant snippet, making it highly suspicious and unqualified.",low,not_eligible,False,,,2026-09-05T13:28:35.084393+00:00,False,False,Syntax Valid,individual,sent,SMTP_ACCEPTED,Accepted by Gmail SMTP for transmission; recipient delivery not yet confirmed.,,
lead-kjhkuhiu-64c6c4,lead-kjhkuhiu-64c6c4,kjhkuhiu,kjhkuhiu,Naina Varshney,,Naina Varshney,nainavarshney842@gmail.com,,,India,Distributor,himalayan-sound-healing-bowls,Manual Entry,,,,,valid,,True,True,rejected,5,0.1,"Nonsense company name, no website, no snippet, and a generic email address indicate an unqualified lead.",low,not_eligible,False,,,2026-09-05T13:33:00.782689+00:00,False,False,Syntax Valid,individual,sent,SMTP_ACCEPTED,Accepted by Gmail SMTP for transmission; recipient delivery not yet confirmed.,,
lead-vhvjhvj-e80934,lead-vhvjhvj-e80934,vhvjhvj,vhvjhvj,Naina,,Naina,naina2311081@gmail.com,,,India,Distributor,himalayan-sound-healing-bowls,Manual Entry,,,,,valid,,True,True,rejected,10,0.2,"Lacks any identifiable business information, website, or relevant snippet, making it highly suspicious and unqualified.",low,not_eligible,False,,,2026-09-05T13:59:36.853517+00:00,True,False,Syntax Valid,individual,campaign_ready,UNKNOWN,,,
lead-soundheali-9d666d,lead-soundheali-9d666d,Sound Healing Deutschland,Sound Healing Deutschland,Naina Test,,Naina Test,nainavarshney842@gmail.com,,,Germany,Distributor,himalayan-sound-healing-bowls,Manual Entry,,,,,valid,,True,True,rejected,5,0.1,"Nonsense company name, no website, no snippet, and a generic email address indicate an unqualified lead.",low,not_eligible,False,,,2026-09-05T14:01:23.569704+00:00,True,False,Syntax Valid,individual,campaign_ready,UNKNOWN,,,
lead-kmkm-dafc14,lead-kmkm-dafc14,kmkm,kmkm,Naina Varshney,,Naina Varshney,nainavarshney842@gmail.com,,,India,Distributor,himalayan-sound-healing-bowls,Manual Entry,,,,,valid,,True,True,rejected,5,0.1,"Nonsense company name, no website, no snippet, and a generic email address indicate an unqualified lead.",low,not_eligible,False,,,2026-09-05T14:05:10.746292+00:00,True,False,Syntax Valid,individual,campaign_ready,UNKNOWN,,,
lead-soundheali-9703c1,lead-soundheali-9703c1,Sound Healing Deutschland,Sound Healing Deutschland,Naina,,Naina,nainavarshney842@gmail.com,,,Germany,Distributor,himalayan-sound-healing-bowls,Manual Entry,,,,,valid,,True,True,rejected,5,0.1,"Nonsense company name, no website, no snippet, and a generic email address indicate an unqualified lead.",low,not_eligible,False,,,2026-09-05T14:14:58.797708+00:00,True,False,Syntax Valid,individual,campaign_ready,UNKNOWN,,,
lead-hiuhiuhgiu-871b80,lead-hiuhiuhgiu-871b80,hiuhiuhgiu,hiuhiuhgiu,Naina Varshney,,Naina Varshney,nainavarshney842@gmail.com,,,India,Distributor,himalayan-sound-healing-bowls,Manual Entry,,,,,valid,,True,True,rejected,5,0.1,"Nonsense company name, no website, no snippet, and a generic email address indicate an unqualified lead.",low,not_eligible,False,,,2026-09-05T14:20:56.650369+00:00,True,False,Syntax Valid,individual,campaign_ready,UNKNOWN,,,
lead-anc-f6f8db,lead-anc-f6f8db,anc,anc,Naina Varshney,,Naina Varshney,nainavarshney842@gmail.com,,,India,Distributor,himalayan-sound-healing-bowls,Manual Entry,,,,,valid,,True,True,rejected,5,0.1,"Nonsense company name, no website, no snippet, and a generic email address indicate an unqualified lead.",low,not_eligible,False,,,2026-09-05T14:31:29.511876+00:00,True,False,Syntax Valid,individual,campaign_ready,UNKNOWN,,,
lead-gugiu-ae8edd,lead-gugiu-ae8edd,gugiu,gugiu,Naina Varshney,,Naina Varshney,naina2311081@gmail.com,,,India,Distributor,himalayan-sound-healing-bowls,Manual Entry,,,,,valid,,True,True,rejected,10,0.2,"Lacks any identifiable business information, website, or relevant snippet, making it highly suspicious and unqualified.",low,not_eligible,False,,,2026-09-05T14:32:57.384603+00:00,True,False,Syntax Valid,individual,campaign_ready,UNKNOWN,,,
6090c2ec398d,6090c2ec398d,Soundtopia: Singing Bowls for Sale,Soundtopia: Singing Bowls for Sale,,,,,,https://soundtopia.com,United States,Wholesale Importer,himalayan-sound-healing-bowls,web_search,web_search,https://www.soundtopia.com/?srsltid=AfmBOoqTXBHocXWhnHeAdybxDBBgVgFV3Wntxs2hxKFJbt82vSGFgy2U,"We specialize in authentic Crystal and Himalayan Singing Bowls, gongs, and sound therapy instruments,","We specialize in authentic Crystal and Himalayan Singing Bowls, gongs, and sound therapy instruments,",missing,missing,False,False,pending,,,,,not_eligible,False,2026-09-07T13:16:25.419903+00:00,2026-09-07T13:16:25.419903+00:00,2026-09-07T13:16:25.419903+00:00,True,False,Missing email address,,,,,,
c83f9c8adf51,c83f9c8adf51,How to find a supplier for singing bowls for sound,How to find a supplier for singing bowls for sound,,,,,,https://facebook.com,United States,Wholesale Importer,himalayan-sound-healing-bowls,web_search,web_search,https://www.facebook.com/groups/235814466274117/posts/572076925981201/,Have any of you gone the route of selling singing bowls along with your sound bath services? How did you find your supplier?,Have any of you gone the route of selling singing bowls along with your sound bath services? How did you find your supplier?,missing,missing,False,False,pending,,,,,not_eligible,False,2026-09-07T13:16:25.420097+00:00,2026-09-07T13:16:25.420097+00:00,2026-09-07T13:16:25.420097+00:00,True,False,Missing email address,,,,,,
5b4b14ed7eee,5b4b14ed7eee,Singing bowls,Singing bowls,,,,,,https://phoeniximport.com,United States,Wholesale Importer,himalayan-sound-healing-bowls,web_search,web_search,https://www.phoeniximport.com/en/collections/singing-bowls-and-more,"Mani Bhadra BV - Phoenix Import is one of Europe's largest singing bowls wholesaler, with a very wide range of metal singing bowls, crystal singing bowls, gongs ...","Mani Bhadra BV - Phoenix Import is one of Europe's largest singing bowls wholesaler, with a very wide range of metal singing bowls, crystal singing bowls, gongs ...",missing,missing,False,False,pending,,,,,not_eligible,False,2026-09-07T13:16:25.420145+00:00,2026-09-07T13:16:25.420145+00:00,2026-09-07T13:16:25.420145+00:00,True,False,Missing email address,,,,,,
b87cdd6e214e,b87cdd6e214e,How to Import  Himalayan Singing Bowls from ...,How to Import  Himalayan Singing Bowls from ...,,,,business@besthimalaya.com,,https://besthimalaya.com,United States,Wholesale Importer,himalayan-sound-healing-bowls,web_search,web_search,https://besthimalaya.com/blogs/singing-bowl/how-to-import-wholesale-himalayan-singing-bowls-from-nepal-to-the-usa?srsltid=AfmBOoqqVL5l_WgPYunZC01AeVJwApQyeVMIUEvBGHbJB_l928cWXo4h,"Learn how to import authentic Tibetan singing bowls in bulk from Nepal to the USA. for meditation, therapy, and holistic healing practices.","Learn how to import authentic Tibetan singing bowls in bulk from Nepal to the USA. for meditation, therapy, and holistic healing practices.",valid,valid,True,True,needs_review,50,0.6,"The company website and snippet suggest a guide or information resource on importing singing bowls, not a direct B2B buyer.",medium,not_eligible,False,2026-09-07T13:16:25.429646+00:00,2026-09-07T13:16:25.429646+00:00,2026-09-07T13:16:25.429646+00:00,True,False,Syntax Valid,individual,,,,,
987eccb29962,987eccb29962,Singing Bowls,Singing Bowls,,,,info@dharmashop.com,800-886-5551,https://dharmashop.com,United States,Wholesale Importer,himalayan-sound-healing-bowls,web_search,web_search,https://www.dharmashop.com/collections/wholesale-singing-bowls?srsltid=AfmBOoroeWtOE75Enu1CiKX5dFWVvmIjcqkT2zopRxyqUVMTEeDfCI-c,Singing Bowl Set of 3 $ 437.00. Tibetan Healing Prayer ・ s Wholesale Singing Bowls. Contact us or order by phone at 800-886-5551 Email: info@dharmashop.com ・ ...,Singing Bowl Set of 3 $ 437.00. Tibetan Healing Prayer ・ s Wholesale Singing Bowls. Contact us or order by phone at 800-886-5551 Email: info@dharmashop.com ・ ...,valid,valid,True,True,qualified,90,1.0,"Directly sells singing bowls and explicitly mentions wholesale, indicating a strong commercial interest in sourcing.",high,eligible,False,2026-09-07T13:16:25.430024+00:00,2026-09-07T13:16:25.430024+00:00,2026-09-07T13:16:25.430024+00:00,True,False,Syntax Valid,business,,,,,
4bff98175bf5,4bff98175bf5,Himalayan Bowls,Himalayan Bowls,,,,,,https://himalayanbowls.com,United States,Wholesale Importer,himalayan-sound-healing-bowls,web_search,web_search,https://www.himalayanbowls.com/,"Himalayan Bowls, the world's best handmade singing bowls. We record and photograph each bowl so you can pick exactly what speaks to you.","Himalayan Bowls, the world's best handmade singing bowls. We record and photograph each bowl so you can pick exactly what speaks to you.",missing,missing,False,False,pending,,,,,not_eligible,False,2026-09-07T13:16:25.430058+00:00,2026-09-07T13:16:25.430058+00:00,2026-09-07T13:16:25.430058+00:00,True,False,Missing email address,,,,,,
93e56ab57e32,93e56ab57e32,Himalayas Shop: Singing Bowl Shop for Healing & Me,Himalayas Shop: Singing Bowl Shop for Healing & Me,,,,,,https://himalayasshop.com,United States,Wholesale Importer,himalayan-sound-healing-bowls,web_search,web_search,https://www.himalayasshop.com/,"Discover our wide selection of authentic singing bowls, handcrafted by skilled artisans in Nepal and India. Our singing bowls come in various sizes and ...","Discover our wide selection of authentic singing bowls, handcrafted by skilled artisans in Nepal and India. Our singing bowls come in various sizes and ...",missing,missing,False,False,pending,,,,,not_eligible,False,2026-09-07T13:16:25.430078+00:00,2026-09-07T13:16:25.430078+00:00,2026-09-07T13:16:25.430078+00:00,True,False,Missing email address,,,,,,
6090c2ec398d,6090c2ec398d,Soundtopia: Singing Bowls for Sale,Soundtopia: Singing Bowls for Sale,,,,,,https://soundtopia.com,United States,Wholesale Importer,himalayan-sound-healing-bowls,web_search,web_search,https://www.soundtopia.com/?srsltid=AfmBOopkF_Dv_7g8_kwfVTAmTdK_BCUlce3jCZa2KELPsswnAar3G_Ni,Soundtopia (formerly Silver Sky Imports) has been guiding people on their sound journey since 2002. We specialize in authentic Crystal and Himalayan Singing ...,Soundtopia (formerly Silver Sky Imports) has been guiding people on their sound journey since 2002. We specialize in authentic Crystal and Himalayan Singing ...,missing,missing,False,False,pending,,,,,not_eligible,False,2026-09-07T15:34:34.595344+00:00,2026-09-07T15:34:34.595344+00:00,2026-09-07T15:34:34.595344+00:00,True,False,Missing email address,,,,,,
c83f9c8adf51,c83f9c8adf51,How to find a supplier for singing bowls for sound,How to find a supplier for singing bowls for sound,,,,,,https://facebook.com,United States,Wholesale Importer,himalayan-sound-healing-bowls,web_search,web_search,https://www.facebook.com/groups/235814466274117/posts/572076925981201/,Have any of you gone the route of selling singing bowls along with your sound bath services? How did you find your supplier?,Have any of you gone the route of selling singing bowls along with your sound bath services? How did you find your supplier?,missing,missing,False,False,pending,,,,,not_eligible,False,2026-09-07T15:34:34.595417+00:00,2026-09-07T15:34:34.595417+00:00,2026-09-07T15:34:34.595417+00:00,True,False,Missing email address,,,,,,
5b4b14ed7eee,5b4b14ed7eee,Singing bowls,Singing bowls,,,,,,https://phoeniximport.com,United States,Wholesale Importer,himalayan-sound-healing-bowls,web_search,web_search,https://www.phoeniximport.com/en/collections/singing-bowls-and-more,"Mani Bhadra BV - Phoenix Import is one of Europe's largest singing bowls wholesaler, with a very wide range of metal singing bowls, crystal singing bowls, gongs ...","Mani Bhadra BV - Phoenix Import is one of Europe's largest singing bowls wholesaler, with a very wide range of metal singing bowls, crystal singing bowls, gongs ...",missing,missing,False,False,pending,,,,,not_eligible,False,2026-09-07T15:34:34.595440+00:00,2026-09-07T15:34:34.595440+00:00,2026-09-07T15:34:34.595440+00:00,True,False,Missing email address,,,,,,
b87cdd6e214e,b87cdd6e214e,How to Import  Himalayan Singing Bowls from ...,How to Import  Himalayan Singing Bowls from ...,,,,business@besthimalaya.com,,https://besthimalaya.com,United States,Wholesale Importer,himalayan-sound-healing-bowls,web_search,web_search,https://besthimalaya.com/blogs/singing-bowl/how-to-import-wholesale-himalayan-singing-bowls-from-nepal-to-the-usa?srsltid=AfmBOooZH7fV0kjUx1_0sYEvWveOwnktvECKGlZ_v0ZODKq0NMA2b4yA,"Learn how to import authentic Tibetan singing bowls in bulk from Nepal to the USA. A complete guide for wellness brands, shops, ...","Learn how to import authentic Tibetan singing bowls in bulk from Nepal to the USA. A complete guide for wellness brands, shops, ...",valid,valid,True,True,needs_review,50,0.6,"The company website and snippet suggest a guide or information resource on importing singing bowls, not a direct B2B buyer.",medium,not_eligible,False,2026-09-07T15:34:34.608704+00:00,2026-09-07T15:34:34.608704+00:00,2026-09-07T15:34:34.608704+00:00,True,False,Syntax Valid,individual,,,,,
5ca6e50a160c,5ca6e50a160c,Singing Bowls,Singing Bowls,,,,,,https://dharmashop.com,United States,Wholesale Importer,himalayan-sound-healing-bowls,web_search,web_search,https://www.dharmashop.com/collections/wholesale-singing-bowls?srsltid=AfmBOor7xv47aLhIhXg18ZAIsf48yudcwNDnLm1ATf8FtpIRU2Amb1yu,Wholesale Singing Bowls ... Best Seller! Masterpiece™ Tibetan Singing Bowl 49 reviews $ 199.00.,Wholesale Singing Bowls ... Best Seller! Masterpiece™ Tibetan Singing Bowl 49 reviews $ 199.00.,missing,missing,False,False,pending,,,,,not_eligible,False,2026-09-07T15:34:34.608801+00:00,2026-09-07T15:34:34.608801+00:00,2026-09-07T15:34:34.608801+00:00,False,False,Missing email address,,,,,,
4bff98175bf5,4bff98175bf5,Himalayan Bowls,Himalayan Bowls,,,,,,https://himalayanbowls.com,United States,Wholesale Importer,himalayan-sound-healing-bowls,web_search,web_search,https://www.himalayanbowls.com/,"Himalayan Bowls, the world's best handmade singing bowls. We record and photograph each bowl so you can pick exactly what speaks to you.","Himalayan Bowls, the world's best handmade singing bowls. We record and photograph each bowl so you can pick exactly what speaks to you.",missing,missing,False,False,pending,,,,,not_eligible,False,2026-09-07T15:34:34.608865+00:00,2026-09-07T15:34:34.608865+00:00,2026-09-07T15:34:34.608865+00:00,True,False,Missing email address,,,,,,
93e56ab57e32,93e56ab57e32,Himalayas Shop: Singing Bowl Shop for Healing & Me,Himalayas Shop: Singing Bowl Shop for Healing & Me,,,,,,https://himalayasshop.com,United States,Wholesale Importer,himalayan-sound-healing-bowls,web_search,web_search,https://www.himalayasshop.com/,"Discover our wide selection of authentic singing bowls, handcrafted by skilled artisans in Nepal and India. Our singing bowls come in various sizes and ...","Discover our wide selection of authentic singing bowls, handcrafted by skilled artisans in Nepal and India. Our singing bowls come in various sizes and ...",missing,missing,False,False,pending,,,,,not_eligible,False,2026-09-07T15:34:34.608915+00:00,2026-09-07T15:34:34.608915+00:00,2026-09-07T15:34:34.608915+00:00,True,False,Missing email address,,,,,,
6090c2ec398d,6090c2ec398d,Soundtopia: Singing Bowls for Sale,Soundtopia: Singing Bowls for Sale,,,,,,https://soundtopia.com,United States,Wholesale Importer,himalayan-sound-healing-bowls,web_search,web_search,https://www.soundtopia.com/?srsltid=AfmBOorNNTLZ9drNWe8VHag98iza2k2g9-kg9b7AFEw_7QeoK-rNXOSj,"We specialize in authentic Crystal and Himalayan Singing Bowls, gongs, and sound therapy instruments,","We specialize in authentic Crystal and Himalayan Singing Bowls, gongs, and sound therapy instruments,",missing,missing,False,False,pending,,,,,not_eligible,False,2026-09-07T15:35:14.985947+00:00,2026-09-07T15:35:14.985947+00:00,2026-09-07T15:35:14.985947+00:00,True,False,Missing email address,,,,,,
c83f9c8adf51,c83f9c8adf51,How to find a supplier for singing bowls for sound,How to find a supplier for singing bowls for sound,,,,,,https://facebook.com,United States,Wholesale Importer,himalayan-sound-healing-bowls,web_search,web_search,https://www.facebook.com/groups/235814466274117/posts/572076925981201/,Have any of you gone the route of selling singing bowls along with your sound bath services? How did you find your supplier?,Have any of you gone the route of selling singing bowls along with your sound bath services? How did you find your supplier?,missing,missing,False,False,pending,,,,,not_eligible,False,2026-09-07T15:35:14.986020+00:00,2026-09-07T15:35:14.986020+00:00,2026-09-07T15:35:14.986020+00:00,True,False,Missing email address,,,,,,
5b4b14ed7eee,5b4b14ed7eee,Singing bowls,Singing bowls,,,,,,https://phoeniximport.com,United States,Wholesale Importer,himalayan-sound-healing-bowls,web_search,web_search,https://www.phoeniximport.com/en/collections/singing-bowls-and-more,"Mani Bhadra BV - Phoenix Import is one of Europe's largest singing bowls wholesaler, with a very wide range of metal singing bowls, crystal singing bowls, gongs ...","Mani Bhadra BV - Phoenix Import is one of Europe's largest singing bowls wholesaler, with a very wide range of metal singing bowls, crystal singing bowls, gongs ...",missing,missing,False,False,pending,,,,,not_eligible,False,2026-09-07T15:35:14.986038+00:00,2026-09-07T15:35:14.986038+00:00,2026-09-07T15:35:14.986038+00:00,True,False,Missing email address,,,,,,
b87cdd6e214e,b87cdd6e214e,How to Import  Himalayan Singing Bowls from ...,How to Import  Himalayan Singing Bowls from ...,,,,business@besthimalaya.com,,https://besthimalaya.com,United States,Wholesale Importer,himalayan-sound-healing-bowls,web_search,web_search,https://besthimalaya.com/blogs/singing-bowl/how-to-import-wholesale-himalayan-singing-bowls-from-nepal-to-the-usa?srsltid=AfmBOorYWAILDW2e_ZVlaOQKzlFLcKj3KXAIgN7YHCGx9CFoBRTr9YuB,"Learn how to import authentic Tibetan singing bowls in bulk from Nepal to the USA. for meditation, therapy, and holistic healing practices.","Learn how to import authentic Tibetan singing bowls in bulk from Nepal to the USA. for meditation, therapy, and holistic healing practices.",valid,valid,True,True,needs_review,50,0.6,"The company website and snippet suggest a guide or information resource on importing singing bowls, not a direct B2B buyer.",medium,not_eligible,False,2026-09-07T15:35:14.986826+00:00,2026-09-07T15:35:14.986826+00:00,2026-09-07T15:35:14.986826+00:00,True,False,Syntax Valid,individual,,,,,
7f69b15093f2,7f69b15093f2,Gopali Authentic Tibetan Singing Bowls & Sound Hea,Gopali Authentic Tibetan Singing Bowls & Sound Hea,,,,,,https://gopaliimports.com,United States,Wholesale Importer,himalayan-sound-healing-bowls,web_search,web_search,https://gopaliimports.com/,"Discover handcrafted Tibetan singing bowls from Nepal. Experience sound healing sessions, certifications, and wholesale access with Gopali Imports.","Discover handcrafted Tibetan singing bowls from Nepal. Experience sound healing sessions, certifications, and wholesale access with Gopali Imports.",missing,missing,False,False,pending,,,,,not_eligible,False,2026-09-07T15:35:14.986846+00:00,2026-09-07T15:35:14.986846+00:00,2026-09-07T15:35:14.986846+00:00,False,False,Missing email address,,,,,,
b41e6f612c23,b41e6f612c23,Himalayan Singing Bowl And Trading,Himalayan Singing Bowl And Trading,,,,,,https://tripadvisor.com,United States,Wholesale Importer,himalayan-sound-healing-bowls,web_search,web_search,https://www.tripadvisor.com/Attraction_Review-g293891-d26789507-Reviews-Himalayan_Singing_Bowl_And_Trading-Pokhara_Gandaki_Zone_Western_Region.html,"Himalayan singing bowl and trading company Nepal is manufacturing company and also the sound healing hub, The sound is clear, rich and beautifully tuned, ...","Himalayan singing bowl and trading company Nepal is manufacturing company and also the sound healing hub, The sound is clear, rich and beautifully tuned, ...",missing,missing,False,False,pending,,,,,not_eligible,False,2026-09-07T15:35:14.986862+00:00,2026-09-07T15:35:14.986862+00:00,2026-09-07T15:35:14.986862+00:00,False,False,Missing email address,,,,,,
1bdd8cece05c,1bdd8cece05c,Premium Tibetan Singing Bowl Set,Premium Tibetan Singing Bowl Set,,,,,,https://amazon.com,United States,Wholesale Importer,himalayan-sound-healing-bowls,web_search,web_search,https://www.amazon.com/clp/B09RQY1S5W,"Ohm Store Handcrafted Tibetan Singing Bowl Set – 3.5” Sound Bowl for Meditation, Sound Healing & Yoga – Healing Instrument with Wooden Striker & Cushion ...","Ohm Store Handcrafted Tibetan Singing Bowl Set – 3.5” Sound Bowl for Meditation, Sound Healing & Yoga – Healing Instrument with Wooden Striker & Cushion ...",missing,missing,False,False,pending,,,,,not_eligible,False,2026-09-07T15:35:14.986889+00:00,2026-09-07T15:35:14.986889+00:00,2026-09-07T15:35:14.986889+00:00,False,False,Missing email address,,,,,,
6090c2ec398d,6090c2ec398d,Soundtopia: Singing Bowls for Sale,Soundtopia: Singing Bowls for Sale,,,,,,https://soundtopia.com,United States,Wholesale Importer,himalayan-sound-healing-bowls,web_search,web_search,https://www.soundtopia.com/?srsltid=AfmBOoqoWh1YiGszUu464vyzUAO2dyzcm_5l2hTNDCP0ZyKLtCLE8zrb,"We specialize in authentic Crystal and Himalayan Singing Bowls, gongs, and sound therapy instruments,","We specialize in authentic Crystal and Himalayan Singing Bowls, gongs, and sound therapy instruments,",missing,missing,False,False,pending,,,,,not_eligible,False,2026-09-07T15:35:48.928935+00:00,2026-09-07T15:35:48.928935+00:00,2026-09-07T15:35:48.928935+00:00,True,False,Missing email address,,,,,,
c83f9c8adf51,c83f9c8adf51,How to find a supplier for singing bowls for sound,How to find a supplier for singing bowls for sound,,,,,,https://facebook.com,United States,Wholesale Importer,himalayan-sound-healing-bowls,web_search,web_search,https://www.facebook.com/groups/235814466274117/posts/572076925981201/,Have any of you gone the route of selling singing bowls along with your sound bath services? How did you find your supplier?,Have any of you gone the route of selling singing bowls along with your sound bath services? How did you find your supplier?,missing,missing,False,False,pending,,,,,not_eligible,False,2026-09-07T15:35:48.929043+00:00,2026-09-07T15:35:48.929043+00:00,2026-09-07T15:35:48.929043+00:00,True,False,Missing email address,,,,,,
5b4b14ed7eee,5b4b14ed7eee,Singing bowls,Singing bowls,,,,,,https://phoeniximport.com,United States,Wholesale Importer,himalayan-sound-healing-bowls,web_search,web_search,https://www.phoeniximport.com/en/collections/singing-bowls-and-more,"Mani Bhadra BV - Phoenix Import is one of Europe's largest singing bowls wholesaler, with a very wide range of metal singing bowls, crystal singing bowls, gongs ...","Mani Bhadra BV - Phoenix Import is one of Europe's largest singing bowls wholesaler, with a very wide range of metal singing bowls, crystal singing bowls, gongs ...",missing,missing,False,False,pending,,,,,not_eligible,False,2026-09-07T15:35:48.929096+00:00,2026-09-07T15:35:48.929096+00:00,2026-09-07T15:35:48.929096+00:00,True,False,Missing email address,,,,,,
b87cdd6e214e,b87cdd6e214e,How to Import  Himalayan Singing Bowls from ...,How to Import  Himalayan Singing Bowls from ...,,,,business@besthimalaya.com,,https://besthimalaya.com,United States,Wholesale Importer,himalayan-sound-healing-bowls,web_search,web_search,https://besthimalaya.com/blogs/singing-bowl/how-to-import-wholesale-himalayan-singing-bowls-from-nepal-to-the-usa?srsltid=AfmBOoqoiGdW3vf0icUvhb3EfrZ8kvsZ3GJqf7hJ9-NsJrjzAjRX1f8Q,"Learn how to import authentic Tibetan singing bowls in bulk from Nepal to the USA. for meditation, therapy, and holistic healing practices.","Learn how to import authentic Tibetan singing bowls in bulk from Nepal to the USA. for meditation, therapy, and holistic healing practices.",valid,valid,True,True,needs_review,50,0.6,"The company website and snippet suggest a guide or information resource on importing singing bowls, not a direct B2B buyer.",medium,not_eligible,False,2026-09-07T15:35:48.929678+00:00,2026-09-07T15:35:48.929678+00:00,2026-09-07T15:35:48.929678+00:00,True,False,Syntax Valid,individual,,,,,
987eccb29962,987eccb29962,Singing Bowls,Singing Bowls,,,,info@dharmashop.com,800-886-5551,https://dharmashop.com,United States,Wholesale Importer,himalayan-sound-healing-bowls,web_search,web_search,https://www.dharmashop.com/collections/wholesale-singing-bowls?srsltid=AfmBOoqPfz5CbicgLA_XyI64R_TbPllMc84ha5Oib6Z0y2tLb-CPt36y,Singing Bowl Set of 3 $ 437.00. Tibetan Healing Prayer ・ s Wholesale Singing Bowls. Contact us or order by phone at 800-886-5551 Email: info@dharmashop.com ・ ...,Singing Bowl Set of 3 $ 437.00. Tibetan Healing Prayer ・ s Wholesale Singing Bowls. Contact us or order by phone at 800-886-5551 Email: info@dharmashop.com ・ ...,valid,valid,True,True,qualified,90,1.0,"Directly sells singing bowls and explicitly mentions wholesale, indicating a strong commercial interest in sourcing.",high,eligible,False,2026-09-07T15:35:48.930077+00:00,2026-09-07T15:35:48.930077+00:00,2026-09-07T15:35:48.930077+00:00,True,False,Syntax Valid,business,,,,,
c14db34503a7,c14db34503a7,Himalayan Bowls,Himalayan Bowls,,,,support@himalayanbowls.com,,https://himalayanbowls.com,United States,Wholesale Importer,himalayan-sound-healing-bowls,web_search,web_search,https://www.himalayanbowls.com/,"Himalayan Bowls, the world's best handmade singing bowls. We record and photograph each bowl so you can pick exactly what speaks to you.","Himalayan Bowls, the world's best handmade singing bowls. We record and photograph each bowl so you can pick exactly what speaks to you.",valid,valid,True,True,needs_review,55,0.7,"Appears to be an existing retailer or producer of Himalayan singing bowls, making their fit as an importer for our product ambiguous or potentially competitive.",medium,not_eligible,False,2026-09-07T15:35:48.930628+00:00,2026-09-07T15:35:48.930628+00:00,2026-09-07T15:35:48.930628+00:00,False,False,Syntax Valid,individual,,,,,
93e56ab57e32,93e56ab57e32,Himalayas Shop: Singing Bowl Shop for Healing & Me,Himalayas Shop: Singing Bowl Shop for Healing & Me,,,,,,https://himalayasshop.com,United States,Wholesale Importer,himalayan-sound-healing-bowls,web_search,web_search,https://www.himalayasshop.com/,"Discover our wide selection of authentic singing bowls, handcrafted by skilled artisans in Nepal and India. Our singing bowls come in various sizes and ...","Discover our wide selection of authentic singing bowls, handcrafted by skilled artisans in Nepal and India. Our singing bowls come in various sizes and ...",missing,missing,False,False,pending,,,,,not_eligible,False,2026-09-07T15:35:48.930689+00:00,2026-09-07T15:35:48.930689+00:00,2026-09-07T15:35:48.930689+00:00,True,False,Missing email address,,,,,,
6090c2ec398d,6090c2ec398d,Soundtopia: Singing Bowls for Sale,Soundtopia: Singing Bowls for Sale,,,,,,https://soundtopia.com,United States,Wholesale Importer,himalayan-sound-healing-bowls,web_search,web_search,https://www.soundtopia.com/?srsltid=AfmBOorKu2UPA72QO1CMnfAam6Udv4J3n5O0KGYuTuvUPo5Z0WY7Jh5H,"We specialize in authentic Crystal and Himalayan Singing Bowls, gongs, and sound therapy instruments,","We specialize in authentic Crystal and Himalayan Singing Bowls, gongs, and sound therapy instruments,",missing,missing,False,False,pending,,,,,not_eligible,False,2026-09-07T15:36:06.345328+00:00,2026-09-07T15:36:06.345328+00:00,2026-09-07T15:36:06.345328+00:00,True,False,Missing email address,,,,,,
c83f9c8adf51,c83f9c8adf51,How to find a supplier for singing bowls for sound,How to find a supplier for singing bowls for sound,,,,,,https://facebook.com,United States,Wholesale Importer,himalayan-sound-healing-bowls,web_search,web_search,https://www.facebook.com/groups/235814466274117/posts/572076925981201/,Have any of you gone the route of selling singing bowls along with your sound bath services? How did you find your supplier?,Have any of you gone the route of selling singing bowls along with your sound bath services? How did you find your supplier?,missing,missing,False,False,pending,,,,,not_eligible,False,2026-09-07T15:36:06.345420+00:00,2026-09-07T15:36:06.345420+00:00,2026-09-07T15:36:06.345420+00:00,True,False,Missing email address,,,,,,
5b4b14ed7eee,5b4b14ed7eee,Singing bowls,Singing bowls,,,,,,https://phoeniximport.com,United States,Wholesale Importer,himalayan-sound-healing-bowls,web_search,web_search,https://www.phoeniximport.com/en/collections/singing-bowls-and-more,"Mani Bhadra BV - Phoenix Import is one of Europe's largest singing bowls wholesaler, with a very wide range of metal singing bowls, crystal singing bowls, gongs ...","Mani Bhadra BV - Phoenix Import is one of Europe's largest singing bowls wholesaler, with a very wide range of metal singing bowls, crystal singing bowls, gongs ...",missing,missing,False,False,pending,,,,,not_eligible,False,2026-09-07T15:36:06.345478+00:00,2026-09-07T15:36:06.345478+00:00,2026-09-07T15:36:06.345478+00:00,True,False,Missing email address,,,,,,
b87cdd6e214e,b87cdd6e214e,How to Import  Himalayan Singing Bowls from ...,How to Import  Himalayan Singing Bowls from ...,,,,business@besthimalaya.com,,https://besthimalaya.com,United States,Wholesale Importer,himalayan-sound-healing-bowls,web_search,web_search,https://besthimalaya.com/blogs/singing-bowl/how-to-import-wholesale-himalayan-singing-bowls-from-nepal-to-the-usa?srsltid=AfmBOopabltrsiXEk-Y4Y8sTNH765kmSUXkTt0G29y8nCKy_Dib482hl,"Learn how to import authentic Tibetan singing bowls in bulk from Nepal to the USA. for meditation, therapy, and holistic healing practices.","Learn how to import authentic Tibetan singing bowls in bulk from Nepal to the USA. for meditation, therapy, and holistic healing practices.",valid,valid,True,True,needs_review,50,0.6,"The company website and snippet suggest a guide or information resource on importing singing bowls, not a direct B2B buyer.",medium,not_eligible,False,2026-09-07T15:36:06.346185+00:00,2026-09-07T15:36:06.346185+00:00,2026-09-07T15:36:06.346185+00:00,True,False,Syntax Valid,individual,,,,,
987eccb29962,987eccb29962,Singing Bowls,Singing Bowls,,,,info@dharmashop.com,800-886-5551,https://dharmashop.com,United States,Wholesale Importer,himalayan-sound-healing-bowls,web_search,web_search,https://www.dharmashop.com/collections/wholesale-singing-bowls?srsltid=AfmBOoqXnGn7PcJxWPtwTEB-sJcncUAFfgZdwQ4rWMt-bNYkYlFdc4lv,Singing Bowl Set of 3 $ 437.00. Tibetan Healing Prayer ・ s Wholesale Singing Bowls. Contact us or order by phone at 800-886-5551 Email: info@dharmashop.com ・ ...,Singing Bowl Set of 3 $ 437.00. Tibetan Healing Prayer ・ s Wholesale Singing Bowls. Contact us or order by phone at 800-886-5551 Email: info@dharmashop.com ・ ...,valid,valid,True,True,qualified,90,1.0,"Directly sells singing bowls and explicitly mentions wholesale, indicating a strong commercial interest in sourcing.",high,eligible,False,2026-09-07T15:36:06.346729+00:00,2026-09-07T15:36:06.346729+00:00,2026-09-07T15:36:06.346729+00:00,True,False,Syntax Valid,business,,,,,
c14db34503a7,c14db34503a7,Himalayan Bowls,Himalayan Bowls,,,,support@himalayanbowls.com,,https://himalayanbowls.com,United States,Wholesale Importer,himalayan-sound-healing-bowls,web_search,web_search,https://www.himalayanbowls.com/,"Himalayan Bowls, the world's best handmade singing bowls. We record and photograph each bowl so you can pick exactly what speaks to you.","Himalayan Bowls, the world's best handmade singing bowls. We record and photograph each bowl so you can pick exactly what speaks to you.",valid,valid,True,True,needs_review,55,0.7,"Appears to be an existing retailer or producer of Himalayan singing bowls, making their fit as an importer for our product ambiguous or potentially competitive.",medium,not_eligible,False,2026-09-07T15:36:06.347271+00:00,2026-09-07T15:36:06.347271+00:00,2026-09-07T15:36:06.347271+00:00,True,False,Syntax Valid,individual,,,,,
93e56ab57e32,93e56ab57e32,Himalayas Shop: Singing Bowl Shop for Healing & Me,Himalayas Shop: Singing Bowl Shop for Healing & Me,,,,,,https://himalayasshop.com,United States,Wholesale Importer,himalayan-sound-healing-bowls,web_search,web_search,https://www.himalayasshop.com/,"Discover our wide selection of authentic singing bowls, handcrafted by skilled artisans in Nepal and India. Our singing bowls come in various sizes and ...","Discover our wide selection of authentic singing bowls, handcrafted by skilled artisans in Nepal and India. Our singing bowls come in various sizes and ...",missing,missing,False,False,pending,,,,,not_eligible,False,2026-09-07T15:36:06.347333+00:00,2026-09-07T15:36:06.347333+00:00,2026-09-07T15:36:06.347333+00:00,True,False,Missing email address,,,,,,
c83f9c8adf51,c83f9c8adf51,How to find a supplier for singing bowls for sound,How to find a supplier for singing bowls for sound,,,,,,https://facebook.com,United States,Wholesale Importer,himalayan-sound-healing-bowls,web_search,web_search,https://www.facebook.com/groups/235814466274117/posts/572076925981201/,Have any of you gone the route of selling singing bowls along with your sound bath services? How did you find your supplier?,Have any of you gone the route of selling singing bowls along with your sound bath services? How did you find your supplier?,missing,missing,False,False,pending,,,,,not_eligible,False,2026-09-07T15:36:33.149691+00:00,2026-09-07T15:36:33.149691+00:00,2026-09-07T15:36:33.149691+00:00,True,False,Missing email address,,,,,,
6090c2ec398d,6090c2ec398d,Soundtopia: Singing Bowls for Sale,Soundtopia: Singing Bowls for Sale,,,,,,https://soundtopia.com,United States,Wholesale Importer,himalayan-sound-healing-bowls,web_search,web_search,https://www.soundtopia.com/?srsltid=AfmBOooFJ4fCV3-00XpwqWhn8JW5RGhQmnBq2n4EGBk29qGzv3kj4fuY,"Now: $9,979.98. We specialize in authentic Crystal and Himalayan Singing Bowls, gongs, and sound therapy instruments, become the largest US-based supplier of ...","Now: $9,979.98. We specialize in authentic Crystal and Himalayan Singing Bowls, gongs, and sound therapy instruments, become the largest US-based supplier of ...",missing,missing,False,False,pending,,,,,not_eligible,False,2026-09-07T15:36:33.149742+00:00,2026-09-07T15:36:33.149742+00:00,2026-09-07T15:36:33.149742+00:00,True,False,Missing email address,,,,,,
5b4b14ed7eee,5b4b14ed7eee,Singing bowls,Singing bowls,,,,,,https://phoeniximport.com,United States,Wholesale Importer,himalayan-sound-healing-bowls,web_search,web_search,https://www.phoeniximport.com/en/collections/singing-bowls-and-more,"Import is one of Europe's largest singing bowls wholesaler, with a very wide range of metal singing bowls, crystal singing bowls, gongs, sound bars, singing ...","Import is one of Europe's largest singing bowls wholesaler, with a very wide range of metal singing bowls, crystal singing bowls, gongs, sound bars, singing ...",missing,missing,False,False,pending,,,,,not_eligible,False,2026-09-07T15:36:33.149767+00:00,2026-09-07T15:36:33.149767+00:00,2026-09-07T15:36:33.149767+00:00,True,False,Missing email address,,,,,,
b87cdd6e214e,b87cdd6e214e,How to Import  Himalayan Singing Bowls from ...,How to Import  Himalayan Singing Bowls from ...,,,,business@besthimalaya.com,,https://besthimalaya.com,United States,Wholesale Importer,himalayan-sound-healing-bowls,web_search,web_search,https://besthimalaya.com/blogs/singing-bowl/how-to-import-wholesale-himalayan-singing-bowls-from-nepal-to-the-usa?srsltid=AfmBOooGG95f71Q6Q65WZ-RvCMXeAsWrqI6Q5Kz-ww9b1ivBgiN-TRti,"Learn how to import authentic Tibetan singing bowls in bulk from Nepal to the USA. A complete guide for wellness brands, for meditation, ...","Learn how to import authentic Tibetan singing bowls in bulk from Nepal to the USA. A complete guide for wellness brands, for meditation, ...",valid,valid,True,True,needs_review,50,0.6,"The company website and snippet suggest a guide or information resource on importing singing bowls, not a direct B2B buyer.",medium,not_eligible,False,2026-09-07T15:36:33.150108+00:00,2026-09-07T15:36:33.150108+00:00,2026-09-07T15:36:33.150108+00:00,True,False,Syntax Valid,individual,,,,,
42bf73346000,42bf73346000,Singing bowls wholesaler,Singing bowls wholesaler,,,,,,https://singingbowlswholesaler.weebly.com,United States,Wholesale Importer,himalayan-sound-healing-bowls,web_search,web_search,https://singingbowlswholesaler.weebly.com/,"Singing bowls are round, metal or crystal vessels that produce sounds when struck or rubbed. They come from the Himalayan areas, like Tibet and ...","Singing bowls are round, metal or crystal vessels that produce sounds when struck or rubbed. They come from the Himalayan areas, like Tibet and ...",missing,missing,False,False,pending,,,,,not_eligible,False,2026-09-07T15:36:33.150135+00:00,2026-09-07T15:36:33.150135+00:00,2026-09-07T15:36:33.150135+00:00,False,False,Missing email address,,,,,,
34a59e09eb9e,34a59e09eb9e,singing bowls for sound therapy for your store,singing bowls for sound therapy for your store,,,,,,https://faire.com,United States,Wholesale Importer,himalayan-sound-healing-bowls,web_search,web_search,https://www.faire.com/discover/singing-bowls-for-sound-therapy,Shop wholesale singing bowls for sound therapy ・ 7 Metal Tibetan Bowls from Nepal ・ ly Tuned for Sound Healing & Meditation. Himalayan Singing Bowls,Shop wholesale singing bowls for sound therapy ・ 7 Metal Tibetan Bowls from Nepal ・ ly Tuned for Sound Healing & Meditation. Himalayan Singing Bowls,missing,missing,False,False,pending,,,,,not_eligible,False,2026-09-07T15:36:33.150156+00:00,2026-09-07T15:36:33.150156+00:00,2026-09-07T15:36:33.150156+00:00,False,False,Missing email address,,,,,,
b5478aee7423,b5478aee7423,Singing Bowl Wholesaler (@singingbowlwholesaler),Singing Bowl Wholesaler (@singingbowlwholesaler),,,,,,https://instagram.com,United States,Wholesale Importer,himalayan-sound-healing-bowls,web_search,web_search,https://www.instagram.com/singingbowlwholesaler/,"We are a genuine and authentic wholesaler based in Nepal. Himalayan Gupla Singing Bowl for Meditation, Sound, Himalayan Gupla Singing Bowl for Meditation, ...","We are a genuine and authentic wholesaler based in Nepal. Himalayan Gupla Singing Bowl for Meditation, Sound, Himalayan Gupla Singing Bowl for Meditation, ...",missing,missing,False,False,pending,,,,,not_eligible,False,2026-09-07T15:36:33.150175+00:00,2026-09-07T15:36:33.150175+00:00,2026-09-07T15:36:33.150175+00:00,False,False,Missing email address,,,,,,
5ca6e50a160c,5ca6e50a160c,Singing Bowls,Singing Bowls,,,,,,https://dharmashop.com,United States,Wholesale Importer,himalayan-sound-healing-bowls,web_search,web_search,https://www.dharmashop.com/collections/wholesale-singing-bowls?srsltid=AfmBOooeZkjuyo1ocNAtQamV4AASe3SUYtLsD3wMM505w68dOOBHj3qD,"Fire and Tradition Singing Bowl Set of 3. $ 437.00. Add to cart. Masterpiece Sound Therapy Set of 5. $ 1,039.00. Add to cart.","Fire and Tradition Singing Bowl Set of 3. $ 437.00. Add to cart. Masterpiece Sound Therapy Set of 5. $ 1,039.00. Add to cart.",missing,missing,False,False,pending,,,,,not_eligible,False,2026-09-07T15:36:33.150194+00:00,2026-09-07T15:36:33.150194+00:00,2026-09-07T15:36:33.150194+00:00,True,False,Missing email address,,,,,,
6090c2ec398d,6090c2ec398d,Soundtopia: Singing Bowls for Sale,Soundtopia: Singing Bowls for Sale,,,,,,https://soundtopia.com,United States,Wholesale Importer,himalayan-sound-healing-bowls,web_search,web_search,https://www.soundtopia.com/?srsltid=AfmBOorzCbbLVQAEUyCNDs6q4AxIixZ5JKegRBC_0hK-ap2WyAT7UPFW,"Now: $9,979.98. We specialize in authentic Crystal and Himalayan Singing Bowls, gongs, and sound therapy instruments,","Now: $9,979.98. We specialize in authentic Crystal and Himalayan Singing Bowls, gongs, and sound therapy instruments,",missing,missing,False,False,pending,,,,,not_eligible,False,2026-09-07T15:37:12.673272+00:00,2026-09-07T15:37:12.673272+00:00,2026-09-07T15:37:12.673272+00:00,True,False,Missing email address,,,,,,
b87cdd6e214e,b87cdd6e214e,How to Import  Himalayan Singing Bowls from ...,How to Import  Himalayan Singing Bowls from ...,,,,business@besthimalaya.com,,https://besthimalaya.com,United States,Wholesale Importer,himalayan-sound-healing-bowls,web_search,web_search,https://besthimalaya.com/blogs/singing-bowl/how-to-import-wholesale-himalayan-singing-bowls-from-nepal-to-the-usa?srsltid=AfmBOop05OTko1RG8KBeu2w8g1PzitJhre3v3v_7RzIvaGOSg42_RZ_H,"Learn how to import authentic Tibetan singing bowls in bulk from Nepal to the USA. A complete guide for wellness brands, shops, ...","Learn how to import authentic Tibetan singing bowls in bulk from Nepal to the USA. A complete guide for wellness brands, shops, ...",valid,valid,True,True,needs_review,50,0.6,"The company website and snippet suggest a guide or information resource on importing singing bowls, not a direct B2B buyer.",medium,not_eligible,False,2026-09-07T15:37:12.673794+00:00,2026-09-07T15:37:12.673794+00:00,2026-09-07T15:37:12.673794+00:00,True,False,Syntax Valid,individual,,,,,
c83f9c8adf51,c83f9c8adf51,How to find a supplier for singing bowls for sound,How to find a supplier for singing bowls for sound,,,,,,https://facebook.com,United States,Wholesale Importer,himalayan-sound-healing-bowls,web_search,web_search,https://www.facebook.com/groups/235814466274117/posts/572076925981201/,Have any of you gone the route of selling singing bowls along with your sound bath services? How did you find your supplier?,Have any of you gone the route of selling singing bowls along with your sound bath services? How did you find your supplier?,missing,missing,False,False,pending,,,,,not_eligible,False,2026-09-07T15:37:12.673842+00:00,2026-09-07T15:37:12.673842+00:00,2026-09-07T15:37:12.673842+00:00,True,False,Missing email address,,,,,,
5b4b14ed7eee,5b4b14ed7eee,Singing bowls,Singing bowls,,,,,,https://phoeniximport.com,United States,Wholesale Importer,himalayan-sound-healing-bowls,web_search,web_search,https://www.phoeniximport.com/en/collections/singing-bowls-and-more,"Import is one of Europe's largest singing bowls wholesaler, with a very wide range of metal singing bowls, crystal singing bowls, gongs, sound bars,","Import is one of Europe's largest singing bowls wholesaler, with a very wide range of metal singing bowls, crystal singing bowls, gongs, sound bars,",missing,missing,False,False,pending,,,,,not_eligible,False,2026-09-07T15:37:12.674022+00:00,2026-09-07T15:37:12.674022+00:00,2026-09-07T15:37:12.674022+00:00,True,False,Missing email address,,,,,,
7f69b15093f2,7f69b15093f2,Gopali Authentic Tibetan Singing Bowls & Sound Hea,Gopali Authentic Tibetan Singing Bowls & Sound Hea,,,,,,https://gopaliimports.com,United States,Wholesale Importer,himalayan-sound-healing-bowls,web_search,web_search,https://gopaliimports.com/,"Discover handcrafted Tibetan singing bowls from Nepal. Experience sound healing sessions, certifications, and wholesale access with Gopali Imports.","Discover handcrafted Tibetan singing bowls from Nepal. Experience sound healing sessions, certifications, and wholesale access with Gopali Imports.",missing,missing,False,False,pending,,,,,not_eligible,False,2026-09-07T15:37:12.674059+00:00,2026-09-07T15:37:12.674059+00:00,2026-09-07T15:37:12.674059+00:00,True,False,Missing email address,,,,,,
34a59e09eb9e,34a59e09eb9e,singing bowls for sound therapy for your store,singing bowls for sound therapy for your store,,,,,,https://faire.com,United States,Wholesale Importer,himalayan-sound-healing-bowls,web_search,web_search,https://www.faire.com/discover/singing-bowls-for-sound-therapy,Handmade Full Moon Singing Bowl Set – 7 Metal Tibetan Bowls from Nepal | Perfectly Tuned for Sound Healing & Meditation.,Handmade Full Moon Singing Bowl Set – 7 Metal Tibetan Bowls from Nepal | Perfectly Tuned for Sound Healing & Meditation.,missing,missing,False,False,pending,,,,,not_eligible,False,2026-09-07T15:37:12.674092+00:00,2026-09-07T15:37:12.674092+00:00,2026-09-07T15:37:12.674092+00:00,True,False,Missing email address,,,,,,
da9f589de788,da9f589de788,"62  ""Singing Bowls"" suppliers & manufacturers","62  ""Singing Bowls"" suppliers & manufacturers",,,,,,https://globalsources.com,United States,Wholesale Importer,himalayan-sound-healing-bowls,web_search,web_search,https://www.globalsources.com/china-suppliers/singing-bowls.htm,"62 wholesale ""Singing Bowls"" suppliers & manufacturers · Tibetan Singing Bowl Meditation Sound Bowl Handcrafted in Nepal for Yoga, Chakra Healing, Mindfulnes.","62 wholesale ""Singing Bowls"" suppliers & manufacturers · Tibetan Singing Bowl Meditation Sound Bowl Handcrafted in Nepal for Yoga, Chakra Healing, Mindfulnes.",missing,missing,False,False,pending,,,,,not_eligible,False,2026-09-07T15:37:12.674158+00:00,2026-09-07T15:37:12.674158+00:00,2026-09-07T15:37:12.674158+00:00,False,False,Missing email address,,,,,,
83c867fd53ef,83c867fd53ef,Singing Bowls:,Singing Bowls:,,,,,,https://newageincense.com,United States,Wholesale Importer,himalayan-sound-healing-bowls,web_search,web_search,https://newageincense.com/wholesale-singing-bowls,"Himalayan bowls or suzu gongs) Minimum Order $100.00. Himalayan bowls or suzu gongs) We are importer, wholesaler, and distributor of Incense,","Himalayan bowls or suzu gongs) Minimum Order $100.00. Himalayan bowls or suzu gongs) We are importer, wholesaler, and distributor of Incense,",missing,missing,False,False,pending,,,,,not_eligible,False,2026-09-07T15:37:12.674190+00:00,2026-09-07T15:37:12.674190+00:00,2026-09-07T15:37:12.674190+00:00,False,False,Missing email address,,,,,,
7c4af816e047,7c4af816e047,Tibetan Singing Bowls,Tibetan Singing Bowls,,,,,,https://bellsofbliss.com,United States,Wholesale Importer,himalayan-sound-healing-bowls,web_search,web_search,https://bellsofbliss.com/?srsltid=AfmBOoorE4GDEDf31foO0yX-Eezpcw5bifz8W2Ehceyung9BvLGcAI_2,Add some magic to your life with Tibetan singing bowl or a singing bowl set. Bells of Bliss offers a wide range of top-quality hand picked sound bowls.,Add some magic to your life with Tibetan singing bowl or a singing bowl set. Bells of Bliss offers a wide range of top-quality hand picked sound bowls.,missing,missing,False,False,pending,,,,,not_eligible,False,2026-09-07T15:37:12.674219+00:00,2026-09-07T15:37:12.674219+00:00,2026-09-07T15:37:12.674219+00:00,False,False,Missing email address,,,,,,
6090c2ec398d,6090c2ec398d,Soundtopia: Singing Bowls for Sale,Soundtopia: Singing Bowls for Sale,,,,,,https://soundtopia.com,United States,Wholesale Importer,himalayan-sound-healing-bowls,web_search,web_search,https://www.soundtopia.com/?srsltid=AfmBOor2OxlrKmjqMbxMuvDdR2R8bTrIn8nnzzeYDUxxHZbBYRAsU7Pc,"Now: $9,979.98. We specialize in authentic Crystal and Himalayan Singing Bowls, gongs, and sound therapy instruments,","Now: $9,979.98. We specialize in authentic Crystal and Himalayan Singing Bowls, gongs, and sound therapy instruments,",missing,missing,False,False,pending,,,,,not_eligible,False,2026-09-07T15:42:28.140723+00:00,2026-09-07T15:42:28.140723+00:00,2026-09-07T15:42:28.140723+00:00,True,False,Missing email address,,,,,,
b87cdd6e214e,b87cdd6e214e,How to Import  Himalayan Singing Bowls from ...,How to Import  Himalayan Singing Bowls from ...,,,,business@besthimalaya.com,,https://besthimalaya.com,United States,Wholesale Importer,himalayan-sound-healing-bowls,web_search,web_search,https://besthimalaya.com/blogs/singing-bowl/how-to-import-wholesale-himalayan-singing-bowls-from-nepal-to-the-usa?srsltid=AfmBOorj_c7MeMucfm0mYAiTDJJmYa79c2-ARIHUoMUB3J4MygNAOjtj,"Learn how to import authentic Tibetan singing bowls in bulk from Nepal to the USA. A complete guide for wellness brands, shops, ...","Learn how to import authentic Tibetan singing bowls in bulk from Nepal to the USA. A complete guide for wellness brands, shops, ...",valid,valid,True,True,needs_review,50,0.6,"The company website and snippet suggest a guide or information resource on importing singing bowls, not a direct B2B buyer.",medium,not_eligible,False,2026-09-07T15:42:28.147169+00:00,2026-09-07T15:42:28.147169+00:00,2026-09-07T15:42:28.147169+00:00,True,False,Syntax Valid,individual,,,,,
c83f9c8adf51,c83f9c8adf51,How to find a supplier for singing bowls for sound,How to find a supplier for singing bowls for sound,,,,,,https://facebook.com,United States,Wholesale Importer,himalayan-sound-healing-bowls,web_search,web_search,https://www.facebook.com/groups/235814466274117/posts/572076925981201/,Have any of you gone the route of selling singing bowls along with your sound bath services? How did you find your supplier?,Have any of you gone the route of selling singing bowls along with your sound bath services? How did you find your supplier?,missing,missing,False,False,pending,,,,,not_eligible,False,2026-09-07T15:42:28.147240+00:00,2026-09-07T15:42:28.147240+00:00,2026-09-07T15:42:28.147240+00:00,True,False,Missing email address,,,,,,
5b4b14ed7eee,5b4b14ed7eee,Singing bowls,Singing bowls,,,,,,https://phoeniximport.com,United States,Wholesale Importer,himalayan-sound-healing-bowls,web_search,web_search,https://www.phoeniximport.com/en/collections/singing-bowls-and-more,"Import is one of Europe's largest singing bowls wholesaler, with a very wide range of metal singing bowls, crystal singing bowls, gongs, sound bars, singing ...","Import is one of Europe's largest singing bowls wholesaler, with a very wide range of metal singing bowls, crystal singing bowls, gongs, sound bars, singing ...",missing,missing,False,False,pending,,,,,not_eligible,False,2026-09-07T15:42:28.147273+00:00,2026-09-07T15:42:28.147273+00:00,2026-09-07T15:42:28.147273+00:00,True,False,Missing email address,,,,,,
7f69b15093f2,7f69b15093f2,Gopali Authentic Tibetan Singing Bowls & Sound Hea,Gopali Authentic Tibetan Singing Bowls & Sound Hea,,,,,,https://gopaliimports.com,United States,Wholesale Importer,himalayan-sound-healing-bowls,web_search,web_search,https://gopaliimports.com/,"Discover handcrafted Tibetan singing bowls from Nepal. Experience sound healing sessions, certifications, and wholesale access with Gopali Imports.","Discover handcrafted Tibetan singing bowls from Nepal. Experience sound healing sessions, certifications, and wholesale access with Gopali Imports.",missing,missing,False,False,pending,,,,,not_eligible,False,2026-09-07T15:42:28.147299+00:00,2026-09-07T15:42:28.147299+00:00,2026-09-07T15:42:28.147299+00:00,True,False,Missing email address,,,,,,
34a59e09eb9e,34a59e09eb9e,singing bowls for sound therapy for your store,singing bowls for sound therapy for your store,,,,,,https://faire.com,United States,Wholesale Importer,himalayan-sound-healing-bowls,web_search,web_search,https://www.faire.com/discover/singing-bowls-for-sound-therapy,Shop wholesale singing bowls for sound therapy and more for your store on Faire. Browse unique products from thousands of independent brands.,Shop wholesale singing bowls for sound therapy and more for your store on Faire. Browse unique products from thousands of independent brands.,missing,missing,False,False,pending,,,,,not_eligible,False,2026-09-07T15:42:28.147325+00:00,2026-09-07T15:42:28.147325+00:00,2026-09-07T15:42:28.147325+00:00,True,False,Missing email address,,,,,,
da9f589de788,da9f589de788,"62  ""Singing Bowls"" suppliers & manufacturers","62  ""Singing Bowls"" suppliers & manufacturers",,,,,,https://globalsources.com,United States,Wholesale Importer,himalayan-sound-healing-bowls,web_search,web_search,https://www.globalsources.com/china-suppliers/singing-bowls.htm,"62 wholesale ""Singing Bowls"" suppliers & manufacturers · Tibetan Singing Bowl Meditation Sound Bowl Handcrafted in Nepal for Yoga, Chakra Healing, Mindfulnes.","62 wholesale ""Singing Bowls"" suppliers & manufacturers · Tibetan Singing Bowl Meditation Sound Bowl Handcrafted in Nepal for Yoga, Chakra Healing, Mindfulnes.",missing,missing,False,False,pending,,,,,not_eligible,False,2026-09-07T15:42:28.147465+00:00,2026-09-07T15:42:28.147465+00:00,2026-09-07T15:42:28.147465+00:00,True,False,Missing email address,,,,,,
83c867fd53ef,83c867fd53ef,Singing Bowls:,Singing Bowls:,,,,,,https://newageincense.com,United States,Wholesale Importer,himalayan-sound-healing-bowls,web_search,web_search,https://newageincense.com/wholesale-singing-bowls,"Himalayan bowls or suzu gongs) Minimum Order $100.00. Himalayan bowls or suzu gongs) We are importer, wholesaler, and distributor of Incense,","Himalayan bowls or suzu gongs) Minimum Order $100.00. Himalayan bowls or suzu gongs) We are importer, wholesaler, and distributor of Incense,",missing,missing,False,False,pending,,,,,not_eligible,False,2026-09-07T15:42:28.147492+00:00,2026-09-07T15:42:28.147492+00:00,2026-09-07T15:42:28.147492+00:00,True,False,Missing email address,,,,,,
7c4af816e047,7c4af816e047,Tibetan Singing Bowls,Tibetan Singing Bowls,,,,,,https://bellsofbliss.com,United States,Wholesale Importer,himalayan-sound-healing-bowls,web_search,web_search,https://bellsofbliss.com/?srsltid=AfmBOoqK_oZFWIBYqHX7zMWWjClXtdOSL8W_y2zEyftg4VXa9WPa907e,Add some magic to your life with Tibetan singing bowl or a singing bowl set. Bells of Bliss offers a wide range of top-quality hand picked sound bowls.,Add some magic to your life with Tibetan singing bowl or a singing bowl set. Bells of Bliss offers a wide range of top-quality hand picked sound bowls.,missing,missing,False,False,pending,,,,,not_eligible,False,2026-09-07T15:42:28.147516+00:00,2026-09-07T15:42:28.147516+00:00,2026-09-07T15:42:28.147516+00:00,True,False,Missing email address,,,,,,
5b4b14ed7eee,5b4b14ed7eee,Singing bowls,Singing bowls,,,,,,https://phoeniximport.com,United States,Wholesale Importer,himalayan-sound-healing-bowls,web_search,web_search,https://www.phoeniximport.com/en/collections/singing-bowls-and-more,"Import is one of Europe's largest singing bowls wholesaler, with a very wide range of metal singing bowls, crystal singing bowls, gongs, sound bars, singing ...","Import is one of Europe's largest singing bowls wholesaler, with a very wide range of metal singing bowls, crystal singing bowls, gongs, sound bars, singing ...",missing,missing,False,False,pending,,,,,not_eligible,False,2026-09-07T15:42:54.620749+00:00,2026-09-07T15:42:54.620749+00:00,2026-09-07T15:42:54.620749+00:00,True,False,Missing email address,,,,,,
c83f9c8adf51,c83f9c8adf51,How to find a supplier for singing bowls for sound,How to find a supplier for singing bowls for sound,,,,,,https://facebook.com,United States,Wholesale Importer,himalayan-sound-healing-bowls,web_search,web_search,https://www.facebook.com/groups/235814466274117/posts/572076925981201/,Have any of you gone the route of selling singing bowls along with your sound bath services? How did you find your supplier?,Have any of you gone the route of selling singing bowls along with your sound bath services? How did you find your supplier?,missing,missing,False,False,pending,,,,,not_eligible,False,2026-09-07T15:42:54.620831+00:00,2026-09-07T15:42:54.620831+00:00,2026-09-07T15:42:54.620831+00:00,True,False,Missing email address,,,,,,
6090c2ec398d,6090c2ec398d,Soundtopia: Singing Bowls for Sale,Soundtopia: Singing Bowls for Sale,,,,,,https://soundtopia.com,United States,Wholesale Importer,himalayan-sound-healing-bowls,web_search,web_search,https://www.soundtopia.com/?srsltid=AfmBOoqaEJtlj14AhYaZIE24sodu1iJxP9trVw-mUo5lHBNJgFHGXCDL,"Shop the world's largest selection of singing bowls at Soundtopia — Himalayan & crystal bowls, gongs, and sound healing instruments, with audio for every bowl.","Shop the world's largest selection of singing bowls at Soundtopia — Himalayan & crystal bowls, gongs, and sound healing instruments, with audio for every bowl.",missing,missing,False,False,pending,,,,,not_eligible,False,2026-09-07T15:42:54.620870+00:00,2026-09-07T15:42:54.620870+00:00,2026-09-07T15:42:54.620870+00:00,True,False,Missing email address,,,,,,
b87cdd6e214e,b87cdd6e214e,How to Import  Himalayan Singing Bowls from ...,How to Import  Himalayan Singing Bowls from ...,,,,business@besthimalaya.com,,https://besthimalaya.com,United States,Wholesale Importer,himalayan-sound-healing-bowls,web_search,web_search,https://besthimalaya.com/blogs/singing-bowl/how-to-import-wholesale-himalayan-singing-bowls-from-nepal-to-the-usa?srsltid=AfmBOopIPs4GnH9VdEet-w9kvxdacEuvYBnhF1bxVc3sIXwxp4w_svdR,"Learn how to import authentic Tibetan singing bowls in bulk from Nepal to the USA. A complete guide for wellness brands, shops, ...","Learn how to import authentic Tibetan singing bowls in bulk from Nepal to the USA. A complete guide for wellness brands, shops, ...",valid,valid,True,True,needs_review,50,0.6,"The company website and snippet suggest a guide or information resource on importing singing bowls, not a direct B2B buyer.",medium,not_eligible,False,2026-09-07T15:42:54.621409+00:00,2026-09-07T15:42:54.621409+00:00,2026-09-07T15:42:54.621409+00:00,True,False,Syntax Valid,individual,,,,,
83c867fd53ef,83c867fd53ef,Singing Bowls:,Singing Bowls:,,,,,,https://newageincense.com,United States,Wholesale Importer,himalayan-sound-healing-bowls,web_search,web_search,https://newageincense.com/wholesale-singing-bowls,"Himalayan bowls or suzu gongs) Wholesale Minimum Order $100.00. Himalayan bowls or suzu gongs) We are importer, wholesaler, and distributor of Incense,","Himalayan bowls or suzu gongs) Wholesale Minimum Order $100.00. Himalayan bowls or suzu gongs) We are importer, wholesaler, and distributor of Incense,",missing,missing,False,False,pending,,,,,not_eligible,False,2026-09-07T15:42:54.621457+00:00,2026-09-07T15:42:54.621457+00:00,2026-09-07T15:42:54.621457+00:00,True,False,Missing email address,,,,,,
5f69239620c2,5f69239620c2,crystal singing bowl for your store,crystal singing bowl for your store,,,,,,https://faire.com,United States,Wholesale Importer,himalayan-sound-healing-bowls,web_search,web_search,https://www.faire.com/discover/crystal-singing-bowl,Explore wholesale crystal singing bowls and sound healing instruments. Discover crystal bowl sets and Tibetan singing bowls for your USA store today.,Explore wholesale crystal singing bowls and sound healing instruments. Discover crystal bowl sets and Tibetan singing bowls for your USA store today.,missing,missing,False,False,pending,,,,,not_eligible,False,2026-09-07T15:42:54.621495+00:00,2026-09-07T15:42:54.621495+00:00,2026-09-07T15:42:54.621495+00:00,False,False,Missing email address,,,,,,
42bf73346000,42bf73346000,Singing bowls wholesaler,Singing bowls wholesaler,,,,,,https://singingbowlswholesaler.weebly.com,United States,Wholesale Importer,himalayan-sound-healing-bowls,web_search,web_search,https://singingbowlswholesaler.weebly.com/,"Understanding the Power of Himalayan Sound Healing Singing bowls. Himalayan imports, complete … times wholesale. A $20 bowl sells at $50-60 ...","Understanding the Power of Himalayan Sound Healing Singing bowls. Himalayan imports, complete … times wholesale. A $20 bowl sells at $50-60 ...",missing,missing,False,False,pending,,,,,not_eligible,False,2026-09-07T15:42:54.621530+00:00,2026-09-07T15:42:54.621530+00:00,2026-09-07T15:42:54.621530+00:00,True,False,Missing email address,,,,,,
13ac10a6e7b7,13ac10a6e7b7,Singing Bowls,Singing Bowls,,,,,,https://oceaniclink.com,United States,Wholesale Importer,himalayan-sound-healing-bowls,web_search,web_search,https://oceaniclink.com/product-category/meditation-tools/singing-bowls/,Oceanic Linkways has an assortment of singing bowls & more. Select best sellers for your shop to keep your clients happy with a well-stocked store!,Oceanic Linkways has an assortment of singing bowls & more. Select best sellers for your shop to keep your clients happy with a well-stocked store!,missing,missing,False,False,pending,,,,,not_eligible,False,2026-09-07T15:42:54.621561+00:00,2026-09-07T15:42:54.621561+00:00,2026-09-07T15:42:54.621561+00:00,False,False,Missing email address,,,,,,
5ca6e50a160c,5ca6e50a160c,Singing Bowls,Singing Bowls,,,,,,https://dharmashop.com,United States,Wholesale Importer,himalayan-sound-healing-bowls,web_search,web_search,https://www.dharmashop.com/collections/wholesale-singing-bowls?srsltid=AfmBOorFyICIblJ-sMnEljD8OIhX4166o0MHrf9pXwhX59IbanTGZkEg,Wholesale Singing Bowls ... Best Seller! Masterpiece™ Tibetan Singing Bowl 49 reviews $ 199.00.,Wholesale Singing Bowls ... Best Seller! Masterpiece™ Tibetan Singing Bowl 49 reviews $ 199.00.,missing,missing,False,False,pending,,,,,not_eligible,False,2026-09-07T15:42:54.621594+00:00,2026-09-07T15:42:54.621594+00:00,2026-09-07T15:42:54.621594+00:00,True,False,Missing email address,,,,,,
c83f9c8adf51,c83f9c8adf51,How to find a supplier for singing bowls for sound,How to find a supplier for singing bowls for sound,,,,,,https://facebook.com,United States,Wholesale Importer,himalayan-sound-healing-bowls,web_search,web_search,https://www.facebook.com/groups/235814466274117/posts/572076925981201/,Have any of you gone the route of selling singing bowls along with your sound bath services? How did you find your supplier?,Have any of you gone the route of selling singing bowls along with your sound bath services? How did you find your supplier?,missing,missing,False,False,pending,,,,,not_eligible,False,2026-09-07T15:43:01.668455+00:00,2026-09-07T15:43:01.668455+00:00,2026-09-07T15:43:01.668455+00:00,True,False,Missing email address,,,,,,
5b4b14ed7eee,5b4b14ed7eee,Singing bowls,Singing bowls,,,,,,https://phoeniximport.com,United States,Wholesale Importer,himalayan-sound-healing-bowls,web_search,web_search,https://www.phoeniximport.com/en/collections/singing-bowls-and-more,"Import is one of Europe's largest singing bowls wholesaler, with a very wide range of metal singing bowls, crystal singing bowls, gongs, sound bars, singing ...","Import is one of Europe's largest singing bowls wholesaler, with a very wide range of metal singing bowls, crystal singing bowls, gongs, sound bars, singing ...",missing,missing,False,False,pending,,,,,not_eligible,False,2026-09-07T15:43:01.668537+00:00,2026-09-07T15:43:01.668537+00:00,2026-09-07T15:43:01.668537+00:00,True,False,Missing email address,,,,,,
6090c2ec398d,6090c2ec398d,Soundtopia: Singing Bowls for Sale,Soundtopia: Singing Bowls for Sale,,,,,,https://soundtopia.com,United States,Wholesale Importer,himalayan-sound-healing-bowls,web_search,web_search,https://www.soundtopia.com/?srsltid=AfmBOooHYvNvjKQ07eVOqPDrw2XjfM1vOvdDm3-6jYera3x7CH-KGdkk,"Shop the world's largest selection of singing bowls at Soundtopia — Himalayan & crystal bowls, gongs, and sound healing instruments, with audio for every bowl.","Shop the world's largest selection of singing bowls at Soundtopia — Himalayan & crystal bowls, gongs, and sound healing instruments, with audio for every bowl.",missing,missing,False,False,pending,,,,,not_eligible,False,2026-09-07T15:43:01.668576+00:00,2026-09-07T15:43:01.668576+00:00,2026-09-07T15:43:01.668576+00:00,True,False,Missing email address,,,,,,
b87cdd6e214e,b87cdd6e214e,How to Import  Himalayan Singing Bowls from ...,How to Import  Himalayan Singing Bowls from ...,,,,business@besthimalaya.com,,https://besthimalaya.com,United States,Wholesale Importer,himalayan-sound-healing-bowls,web_search,web_search,https://besthimalaya.com/blogs/singing-bowl/how-to-import-wholesale-himalayan-singing-bowls-from-nepal-to-the-usa?srsltid=AfmBOopojUHKwKTjT3hIkxz01Zu4X_ueisW7HIO26UQF9CgA-Z6JyHQ2,"Learn how to import authentic Tibetan singing bowls in bulk from Nepal to the USA. A complete guide for wellness brands, shops, ...","Learn how to import authentic Tibetan singing bowls in bulk from Nepal to the USA. A complete guide for wellness brands, shops, ...",valid,valid,True,True,needs_review,50,0.6,"The company website and snippet suggest a guide or information resource on importing singing bowls, not a direct B2B buyer.",medium,not_eligible,False,2026-09-07T15:43:01.669097+00:00,2026-09-07T15:43:01.669097+00:00,2026-09-07T15:43:01.669097+00:00,True,False,Syntax Valid,individual,,,,,
42bf73346000,42bf73346000,Singing bowls wholesaler,Singing bowls wholesaler,,,,,,https://singingbowlswholesaler.weebly.com,United States,Wholesale Importer,himalayan-sound-healing-bowls,web_search,web_search,https://singingbowlswholesaler.weebly.com/,"Himalayan Sound Healing Singing bowls. They focus on Himalayan imports, complete with certificates of authenticity. US Sound Healing NicheMark ...","Himalayan Sound Healing Singing bowls. They focus on Himalayan imports, complete with certificates of authenticity. US Sound Healing NicheMark ...",missing,missing,False,False,pending,,,,,not_eligible,False,2026-09-07T15:43:01.669148+00:00,2026-09-07T15:43:01.669148+00:00,2026-09-07T15:43:01.669148+00:00,True,False,Missing email address,,,,,,
34a59e09eb9e,34a59e09eb9e,singing bowls for sound therapy for your store,singing bowls for sound therapy for your store,,,,,,https://faire.com,United States,Wholesale Importer,himalayan-sound-healing-bowls,web_search,web_search,https://www.faire.com/discover/singing-bowls-for-sound-therapy,Handmade Full Moon Singing Bowl Set – 7 Metal Tibetan Bowls from Nepal | Perfectly Tuned for Sound Healing & Meditation.,Handmade Full Moon Singing Bowl Set – 7 Metal Tibetan Bowls from Nepal | Perfectly Tuned for Sound Healing & Meditation.,missing,missing,False,False,pending,,,,,not_eligible,False,2026-09-07T15:43:01.669184+00:00,2026-09-07T15:43:01.669184+00:00,2026-09-07T15:43:01.669184+00:00,True,False,Missing email address,,,,,,
b5478aee7423,b5478aee7423,Singing Bowl Wholesaler (@singingbowlwholesaler),Singing Bowl Wholesaler (@singingbowlwholesaler),,,,,,https://instagram.com,United States,Wholesale Importer,himalayan-sound-healing-bowls,web_search,web_search,https://www.instagram.com/singingbowlwholesaler/,"We are a genuine and authentic wholesaler based in Nepal , offering high-quality products with trusted international shipping partners worldwide.","We are a genuine and authentic wholesaler based in Nepal , offering high-quality products with trusted international shipping partners worldwide.",missing,missing,False,False,pending,,,,,not_eligible,False,2026-09-07T15:43:01.669216+00:00,2026-09-07T15:43:01.669216+00:00,2026-09-07T15:43:01.669216+00:00,True,False,Missing email address,,,,,,
5ca6e50a160c,5ca6e50a160c,Singing Bowls,Singing Bowls,,,,,,https://dharmashop.com,United States,Wholesale Importer,himalayan-sound-healing-bowls,web_search,web_search,https://www.dharmashop.com/collections/wholesale-singing-bowls?srsltid=AfmBOoqaknHeuHKzFqRXst30Vntmt0mvuahP5Z8ONWSry2VS9FGvr7gL,Wholesale Singing Bowls ... Best Seller! Masterpiece™ Tibetan Singing Bowl 49 reviews $ 199.00.,Wholesale Singing Bowls ... Best Seller! Masterpiece™ Tibetan Singing Bowl 49 reviews $ 199.00.,missing,missing,False,False,pending,,,,,not_eligible,False,2026-09-07T15:43:01.669249+00:00,2026-09-07T15:43:01.669249+00:00,2026-09-07T15:43:01.669249+00:00,True,False,Missing email address,,,,,,
6090c2ec398d,6090c2ec398d,Soundtopia: Singing Bowls for Sale,Soundtopia: Singing Bowls for Sale,,,,,,https://soundtopia.com,United States,Wholesale Importer,himalayan-sound-healing-bowls,web_search,web_search,https://www.soundtopia.com/?srsltid=AfmBOopvGu2qEOFzJtLRxwZMk0Tg_Z7i1rKAWaAD6Uihu6TIvx1L-vAS,"We specialize in authentic Crystal and Himalayan Singing Bowls, gongs, and sound therapy instruments,","We specialize in authentic Crystal and Himalayan Singing Bowls, gongs, and sound therapy instruments,",missing,missing,False,False,pending,,,,,not_eligible,False,2026-09-07T15:45:11.724011+00:00,2026-09-07T15:45:11.724011+00:00,2026-09-07T15:45:11.724011+00:00,True,False,Missing email address,,,,,,
c83f9c8adf51,c83f9c8adf51,How to find a supplier for singing bowls for sound,How to find a supplier for singing bowls for sound,,,,,,https://facebook.com,United States,Wholesale Importer,himalayan-sound-healing-bowls,web_search,web_search,https://www.facebook.com/groups/235814466274117/posts/572076925981201/,Have any of you gone the route of selling singing bowls along with your sound bath services? How did you find your supplier?,Have any of you gone the route of selling singing bowls along with your sound bath services? How did you find your supplier?,missing,missing,False,False,pending,,,,,not_eligible,False,2026-09-07T15:45:11.724090+00:00,2026-09-07T15:45:11.724090+00:00,2026-09-07T15:45:11.724090+00:00,True,False,Missing email address,,,,,,
5b4b14ed7eee,5b4b14ed7eee,Singing bowls,Singing bowls,,,,,,https://phoeniximport.com,United States,Wholesale Importer,himalayan-sound-healing-bowls,web_search,web_search,https://www.phoeniximport.com/en/collections/singing-bowls-and-more,"Mani Bhadra BV - Phoenix Import is one of Europe's largest singing bowls wholesaler, with a very wide range of metal singing bowls, crystal singing bowls, gongs ...","Mani Bhadra BV - Phoenix Import is one of Europe's largest singing bowls wholesaler, with a very wide range of metal singing bowls, crystal singing bowls, gongs ...",missing,missing,False,False,pending,,,,,not_eligible,False,2026-09-07T15:45:11.724129+00:00,2026-09-07T15:45:11.724129+00:00,2026-09-07T15:45:11.724129+00:00,True,False,Missing email address,,,,,,
b87cdd6e214e,b87cdd6e214e,How to Import  Himalayan Singing Bowls from ...,How to Import  Himalayan Singing Bowls from ...,,,,business@besthimalaya.com,,https://besthimalaya.com,United States,Wholesale Importer,himalayan-sound-healing-bowls,web_search,web_search,https://besthimalaya.com/blogs/singing-bowl/how-to-import-wholesale-himalayan-singing-bowls-from-nepal-to-the-usa?srsltid=AfmBOoqMBvvqKmb6LK02lv_gLZrA-SlJeAmRRPbTar0Wm8RMavVJJFSw,"Learn how to import authentic Tibetan singing bowls in bulk from Nepal to the USA. for meditation, therapy, and holistic healing practices.","Learn how to import authentic Tibetan singing bowls in bulk from Nepal to the USA. for meditation, therapy, and holistic healing practices.",valid,valid,True,True,needs_review,50,0.6,"The company website and snippet suggest a guide or information resource on importing singing bowls, not a direct B2B buyer.",medium,not_eligible,False,2026-09-07T15:45:11.727071+00:00,2026-09-07T15:45:11.727071+00:00,2026-09-07T15:45:11.727071+00:00,True,False,Syntax Valid,individual,,,,,
987eccb29962,987eccb29962,Singing Bowls,Singing Bowls,,,,info@dharmashop.com,800-886-5551,https://dharmashop.com,United States,Wholesale Importer,himalayan-sound-healing-bowls,web_search,web_search,https://www.dharmashop.com/collections/wholesale-singing-bowls?srsltid=AfmBOorPYhp8q0Ued1_TafsSM2_xgZqxJzdhWYzgavxAH_UkuNvn9uez,Singing Bowl Set of 3 $ 437.00. Tibetan Healing Prayer ・ s Wholesale Singing Bowls. Contact us or order by phone at 800-886-5551 Email: info@dharmashop.com ・ ...,Singing Bowl Set of 3 $ 437.00. Tibetan Healing Prayer ・ s Wholesale Singing Bowls. Contact us or order by phone at 800-886-5551 Email: info@dharmashop.com ・ ...,valid,valid,True,True,qualified,90,1.0,"Directly sells singing bowls and explicitly mentions wholesale, indicating a strong commercial interest in sourcing.",high,eligible,False,2026-09-07T15:45:11.727450+00:00,2026-09-07T15:45:11.727450+00:00,2026-09-07T15:45:11.727450+00:00,True,False,Syntax Valid,business,,,,,
c14db34503a7,c14db34503a7,Himalayan Bowls,Himalayan Bowls,,,,support@himalayanbowls.com,,https://himalayanbowls.com,United States,Wholesale Importer,himalayan-sound-healing-bowls,web_search,web_search,https://www.himalayanbowls.com/,"Himalayan Bowls, the world's best handmade singing bowls. We record and photograph each bowl so you can pick exactly what speaks to you.","Himalayan Bowls, the world's best handmade singing bowls. We record and photograph each bowl so you can pick exactly what speaks to you.",valid,valid,True,True,needs_review,55,0.7,"Appears to be an existing retailer or producer of Himalayan singing bowls, making their fit as an importer for our product ambiguous or potentially competitive.",medium,not_eligible,False,2026-09-07T15:45:11.727809+00:00,2026-09-07T15:45:11.727809+00:00,2026-09-07T15:45:11.727809+00:00,True,False,Syntax Valid,individual,,,,,
93e56ab57e32,93e56ab57e32,Himalayas Shop: Singing Bowl Shop for Healing & Me,Himalayas Shop: Singing Bowl Shop for Healing & Me,,,,,,https://himalayasshop.com,United States,Wholesale Importer,himalayan-sound-healing-bowls,web_search,web_search,https://www.himalayasshop.com/,"Discover our wide selection of authentic singing bowls, handcrafted by skilled artisans in Nepal and India. Our singing bowls come in various sizes and ...","Discover our wide selection of authentic singing bowls, handcrafted by skilled artisans in Nepal and India. Our singing bowls come in various sizes and ...",missing,missing,False,False,pending,,,,,not_eligible,False,2026-09-07T15:45:11.727846+00:00,2026-09-07T15:45:11.727846+00:00,2026-09-07T15:45:11.727846+00:00,True,False,Missing email address,,,,,,
b87cdd6e214e,b87cdd6e214e,How to Import  Himalayan Singing Bowls from ...,How to Import  Himalayan Singing Bowls from ...,,,,business@besthimalaya.com,,https://besthimalaya.com,United States,Wholesale Importer,himalayan-sound-healing-bowls,web_search,web_search,https://besthimalaya.com/blogs/singing-bowl/how-to-import-wholesale-himalayan-singing-bowls-from-nepal-to-the-usa?srsltid=AfmBOoq73Z4b0QeBAbr9nl7r6vnfn0gq7DIb3ersdaBo7HiFqxmhWjWm,"Learn how to import authentic Tibetan singing bowls in bulk from Nepal to the USA. A complete guide for wellness brands, shops, ...","Learn how to import authentic Tibetan singing bowls in bulk from Nepal to the USA. A complete guide for wellness brands, shops, ...",valid,valid,True,True,needs_review,50,0.6,"The company website and snippet suggest a guide or information resource on importing singing bowls, not a direct B2B buyer.",medium,not_eligible,False,2026-09-07T15:45:25.923762+00:00,2026-09-07T15:45:25.923762+00:00,2026-09-07T15:45:25.923762+00:00,True,False,Syntax Valid,individual,,,,,
c83f9c8adf51,c83f9c8adf51,How to find a supplier for singing bowls for sound,How to find a supplier for singing bowls for sound,,,,,,https://facebook.com,United States,Wholesale Importer,himalayan-sound-healing-bowls,web_search,web_search,https://www.facebook.com/groups/235814466274117/posts/572076925981201/,Have any of you gone the route of selling singing bowls along with your sound bath services? How did you find your supplier?,Have any of you gone the route of selling singing bowls along with your sound bath services? How did you find your supplier?,missing,missing,False,False,pending,,,,,not_eligible,False,2026-09-07T15:45:25.923828+00:00,2026-09-07T15:45:25.923828+00:00,2026-09-07T15:45:25.923828+00:00,True,False,Missing email address,,,,,,
6090c2ec398d,6090c2ec398d,Soundtopia: Singing Bowls for Sale,Soundtopia: Singing Bowls for Sale,,,,,,https://soundtopia.com,United States,Wholesale Importer,himalayan-sound-healing-bowls,web_search,web_search,https://www.soundtopia.com/?srsltid=AfmBOoohpUXtlwnP6N6M5FdunF1BNAr3-xJ5hJCTKSJHTyfuykMgZNhA,"Now: $9,979.98. We specialize in authentic Crystal and Himalayan Singing Bowls, gongs, and sound therapy instruments,","Now: $9,979.98. We specialize in authentic Crystal and Himalayan Singing Bowls, gongs, and sound therapy instruments,",missing,missing,False,False,pending,,,,,not_eligible,False,2026-09-07T15:45:25.923867+00:00,2026-09-07T15:45:25.923867+00:00,2026-09-07T15:45:25.923867+00:00,True,False,Missing email address,,,,,,
5b4b14ed7eee,5b4b14ed7eee,Singing bowls,Singing bowls,,,,,,https://phoeniximport.com,United States,Wholesale Importer,himalayan-sound-healing-bowls,web_search,web_search,https://www.phoeniximport.com/en/collections/singing-bowls-and-more,"Import is one of Europe's largest singing bowls wholesaler, with a very wide range of metal singing bowls, crystal singing bowls, gongs, sound bars,","Import is one of Europe's largest singing bowls wholesaler, with a very wide range of metal singing bowls, crystal singing bowls, gongs, sound bars,",missing,missing,False,False,pending,,,,,not_eligible,False,2026-09-07T15:45:25.923898+00:00,2026-09-07T15:45:25.923898+00:00,2026-09-07T15:45:25.923898+00:00,True,False,Missing email address,,,,,,
da9f589de788,da9f589de788,"62  ""Singing Bowls"" suppliers & manufacturers","62  ""Singing Bowls"" suppliers & manufacturers",,,,,,https://globalsources.com,United States,Wholesale Importer,himalayan-sound-healing-bowls,web_search,web_search,https://www.globalsources.com/china-suppliers/singing-bowls.htm,"62 wholesale ""Singing Bowls"" suppliers & manufacturers · Tibetan Singing Bowl Meditation Sound Bowl Handcrafted in Nepal for Yoga, Chakra Healing, Mindfulnes.","62 wholesale ""Singing Bowls"" suppliers & manufacturers · Tibetan Singing Bowl Meditation Sound Bowl Handcrafted in Nepal for Yoga, Chakra Healing, Mindfulnes.",missing,missing,False,False,pending,,,,,not_eligible,False,2026-09-07T15:45:25.923926+00:00,2026-09-07T15:45:25.923926+00:00,2026-09-07T15:45:25.923926+00:00,True,False,Missing email address,,,,,,
34a59e09eb9e,34a59e09eb9e,singing bowls for sound therapy for your store,singing bowls for sound therapy for your store,,,,,,https://faire.com,United States,Wholesale Importer,himalayan-sound-healing-bowls,web_search,web_search,https://www.faire.com/discover/singing-bowls-for-sound-therapy,Handmade Full Moon Singing Bowl Set – 7 Metal Tibetan Bowls from Nepal | Perfectly Tuned for Sound Healing & Meditation.,Handmade Full Moon Singing Bowl Set – 7 Metal Tibetan Bowls from Nepal | Perfectly Tuned for Sound Healing & Meditation.,missing,missing,False,False,pending,,,,,not_eligible,False,2026-09-07T15:45:25.923954+00:00,2026-09-07T15:45:25.923954+00:00,2026-09-07T15:45:25.923954+00:00,True,False,Missing email address,,,,,,
83c867fd53ef,83c867fd53ef,Singing Bowls:,Singing Bowls:,,,,,,https://newageincense.com,United States,Wholesale Importer,himalayan-sound-healing-bowls,web_search,web_search,https://newageincense.com/wholesale-singing-bowls,"Himalayan bowls or suzu gongs) Minimum Order $100.00. Himalayan bowls or suzu gongs) We are importer, wholesaler, and distributor of Incense,","Himalayan bowls or suzu gongs) Minimum Order $100.00. Himalayan bowls or suzu gongs) We are importer, wholesaler, and distributor of Incense,",missing,missing,False,False,pending,,,,,not_eligible,False,2026-09-07T15:45:25.923981+00:00,2026-09-07T15:45:25.923981+00:00,2026-09-07T15:45:25.923981+00:00,True,False,Missing email address,,,,,,
7c4af816e047,7c4af816e047,Tibetan Singing Bowls,Tibetan Singing Bowls,,,,,,https://bellsofbliss.com,United States,Wholesale Importer,himalayan-sound-healing-bowls,web_search,web_search,https://bellsofbliss.com/?srsltid=AfmBOorEBpj_7JD36CLmN3K9eQoyQ6W3TFcEsyJepqCJWOsYRgQ3b8yX,Bells of Bliss offers a wide range of top-quality hand picked sound bowls. FREE SHIPPING WITHIN USA. FOR MEDITATION AND HEALING. Authentic Himalayan Singing ...,Bells of Bliss offers a wide range of top-quality hand picked sound bowls. FREE SHIPPING WITHIN USA. FOR MEDITATION AND HEALING. Authentic Himalayan Singing ...,missing,missing,False,False,pending,,,,,not_eligible,False,2026-09-07T15:45:25.924007+00:00,2026-09-07T15:45:25.924007+00:00,2026-09-07T15:45:25.924007+00:00,True,False,Missing email address,,,,,,
c14db34503a7,c14db34503a7,Himalayan Bowls,Himalayan Bowls,,,,support@himalayanbowls.com,,https://himalayanbowls.com,United States,Wholesale Importer,himalayan-sound-healing-bowls,web_search,web_search,https://www.himalayanbowls.com/,"Himalayan Bowls, the world's best handmade singing bowls. We record and photograph each bowl so you can pick exactly what speaks to you.","Himalayan Bowls, the world's best handmade singing bowls. We record and photograph each bowl so you can pick exactly what speaks to you.",valid,valid,True,True,needs_review,55,0.7,"Appears to be an existing retailer or producer of Himalayan singing bowls, making their fit as an importer for our product ambiguous or potentially competitive.",medium,not_eligible,False,2026-09-07T15:45:25.924396+00:00,2026-09-07T15:45:25.924396+00:00,2026-09-07T15:45:25.924396+00:00,True,False,Syntax Valid,individual,,,,,
6090c2ec398d,6090c2ec398d,Soundtopia: Singing Bowls for Sale,Soundtopia: Singing Bowls for Sale,,,,,,https://soundtopia.com,United States,Wholesale Importer,himalayan-sound-healing-bowls,web_search,web_search,https://www.soundtopia.com/?srsltid=AfmBOopnMF9h-KjEDipDVrFe9uyB0GgtI3jmgQ0g7ZIyv1tQgCNiILZF,"We specialize in authentic Crystal and Himalayan Singing Bowls, gongs, and sound therapy instruments,","We specialize in authentic Crystal and Himalayan Singing Bowls, gongs, and sound therapy instruments,",missing,missing,False,False,pending,,,,,not_eligible,False,2026-09-07T15:50:57.616811+00:00,2026-09-07T15:50:57.616811+00:00,2026-09-07T15:50:57.616811+00:00,True,False,Missing email address,,,,,,
c83f9c8adf51,c83f9c8adf51,How to find a supplier for singing bowls for sound,How to find a supplier for singing bowls for sound,,,,,,https://facebook.com,United States,Wholesale Importer,himalayan-sound-healing-bowls,web_search,web_search,https://www.facebook.com/groups/235814466274117/posts/572076925981201/,Have any of you gone the route of selling singing bowls along with your sound bath services? How did you find your supplier?,Have any of you gone the route of selling singing bowls along with your sound bath services? How did you find your supplier?,missing,missing,False,False,pending,,,,,not_eligible,False,2026-09-07T15:50:57.616850+00:00,2026-09-07T15:50:57.616850+00:00,2026-09-07T15:50:57.616850+00:00,True,False,Missing email address,,,,,,
5b4b14ed7eee,5b4b14ed7eee,Singing bowls,Singing bowls,,,,,,https://phoeniximport.com,United States,Wholesale Importer,himalayan-sound-healing-bowls,web_search,web_search,https://www.phoeniximport.com/en/collections/singing-bowls-and-more,"Mani Bhadra BV - Phoenix Import is one of Europe's largest singing bowls wholesaler, with a very wide range of metal singing bowls, crystal singing bowls, gongs ...","Mani Bhadra BV - Phoenix Import is one of Europe's largest singing bowls wholesaler, with a very wide range of metal singing bowls, crystal singing bowls, gongs ...",missing,missing,False,False,pending,,,,,not_eligible,False,2026-09-07T15:50:57.616867+00:00,2026-09-07T15:50:57.616867+00:00,2026-09-07T15:50:57.616867+00:00,True,False,Missing email address,,,,,,
b87cdd6e214e,b87cdd6e214e,How to Import  Himalayan Singing Bowls from ...,How to Import  Himalayan Singing Bowls from ...,,,,business@besthimalaya.com,,https://besthimalaya.com,United States,Wholesale Importer,himalayan-sound-healing-bowls,web_search,web_search,https://besthimalaya.com/blogs/singing-bowl/how-to-import-wholesale-himalayan-singing-bowls-from-nepal-to-the-usa?srsltid=AfmBOorsemqyx4U-s-6ERWlod-VsbLNb4kr-tOBOHm9WRTV7xtt8zpbe,"Learn how to import authentic Tibetan singing bowls in bulk from Nepal to the USA. for meditation, therapy, and holistic healing practices.","Learn how to import authentic Tibetan singing bowls in bulk from Nepal to the USA. for meditation, therapy, and holistic healing practices.",valid,valid,True,True,needs_review,50,0.6,"The company website and snippet suggest a guide or information resource on importing singing bowls, not a direct B2B buyer.",medium,not_eligible,False,2026-09-07T15:50:57.618801+00:00,2026-09-07T15:50:57.618801+00:00,2026-09-07T15:50:57.618801+00:00,True,False,Syntax Valid,individual,,,,,
987eccb29962,987eccb29962,Singing Bowls,Singing Bowls,,,,info@dharmashop.com,800-886-5551,https://dharmashop.com,United States,Wholesale Importer,himalayan-sound-healing-bowls,web_search,web_search,https://www.dharmashop.com/collections/wholesale-singing-bowls?srsltid=AfmBOoo8Pz8KcIDBqEosaSVF5f92kA0B6cvyn_luG--ptVXHPrWweAfV,Singing Bowl Set of 3 $ 437.00. Tibetan Healing Prayer ・ s Wholesale Singing Bowls. Contact us or order by phone at 800-886-5551 Email: info@dharmashop.com ・ ...,Singing Bowl Set of 3 $ 437.00. Tibetan Healing Prayer ・ s Wholesale Singing Bowls. Contact us or order by phone at 800-886-5551 Email: info@dharmashop.com ・ ...,valid,valid,True,True,qualified,90,1.0,"Directly sells singing bowls and explicitly mentions wholesale, indicating a strong commercial interest in sourcing.",high,eligible,False,2026-09-07T15:50:57.619009+00:00,2026-09-07T15:50:57.619009+00:00,2026-09-07T15:50:57.619009+00:00,True,False,Syntax Valid,business,,,,,
c14db34503a7,c14db34503a7,Himalayan Bowls,Himalayan Bowls,,,,support@himalayanbowls.com,,https://himalayanbowls.com,United States,Wholesale Importer,himalayan-sound-healing-bowls,web_search,web_search,https://www.himalayanbowls.com/,"Himalayan Bowls, the world's best handmade singing bowls. We record and photograph each bowl so you can pick exactly what speaks to you.","Himalayan Bowls, the world's best handmade singing bowls. We record and photograph each bowl so you can pick exactly what speaks to you.",valid,valid,True,True,needs_review,55,0.7,"Appears to be an existing retailer or producer of Himalayan singing bowls, making their fit as an importer for our product ambiguous or potentially competitive.",medium,not_eligible,False,2026-09-07T15:50:57.619176+00:00,2026-09-07T15:50:57.619176+00:00,2026-09-07T15:50:57.619176+00:00,True,False,Syntax Valid,individual,,,,,
93e56ab57e32,93e56ab57e32,Himalayas Shop: Singing Bowl Shop for Healing & Me,Himalayas Shop: Singing Bowl Shop for Healing & Me,,,,,,https://himalayasshop.com,United States,Wholesale Importer,himalayan-sound-healing-bowls,web_search,web_search,https://www.himalayasshop.com/,"Discover our wide selection of authentic singing bowls, handcrafted by skilled artisans in Nepal and India. Our singing bowls come in various sizes and ...","Discover our wide selection of authentic singing bowls, handcrafted by skilled artisans in Nepal and India. Our singing bowls come in various sizes and ...",missing,missing,False,False,pending,,,,,not_eligible,False,2026-09-07T15:50:57.619200+00:00,2026-09-07T15:50:57.619200+00:00,2026-09-07T15:50:57.619200+00:00,True,False,Missing email address,,,,,,
6090c2ec398d,6090c2ec398d,Soundtopia: Singing Bowls for Sale,Soundtopia: Singing Bowls for Sale,,,,,,https://soundtopia.com,United States,Wholesale Importer,himalayan-sound-healing-bowls,web_search,web_search,https://www.soundtopia.com/?srsltid=AfmBOoqWvHJ_uGG-phSA7xwv43aZ1bwZE2VF8mdP4j0WkelhR5zQjhbT,"Shop the world's largest selection of singing bowls at Soundtopia — Himalayan & crystal bowls, gongs, and sound healing instruments, with audio for every ...","Shop the world's largest selection of singing bowls at Soundtopia — Himalayan & crystal bowls, gongs, and sound healing instruments, with audio for every ...",missing,missing,False,False,pending,,,,,not_eligible,False,2026-09-07T15:51:40.562862+00:00,2026-09-07T15:51:40.562862+00:00,2026-09-07T15:51:40.562862+00:00,True,False,Missing email address,,,,,,
c83f9c8adf51,c83f9c8adf51,How to find a supplier for singing bowls for sound,How to find a supplier for singing bowls for sound,,,,,,https://facebook.com,United States,Wholesale Importer,himalayan-sound-healing-bowls,web_search,web_search,https://www.facebook.com/groups/235814466274117/posts/572076925981201/,Have any of you gone the route of selling singing bowls along with your sound bath services? How did you find your supplier?,Have any of you gone the route of selling singing bowls along with your sound bath services? How did you find your supplier?,missing,missing,False,False,pending,,,,,not_eligible,False,2026-09-07T15:51:40.562960+00:00,2026-09-07T15:51:40.562960+00:00,2026-09-07T15:51:40.562960+00:00,True,False,Missing email address,,,,,,
b87cdd6e214e,b87cdd6e214e,How to Import  Himalayan Singing Bowls from ...,How to Import  Himalayan Singing Bowls from ...,,,,business@besthimalaya.com,,https://besthimalaya.com,United States,Wholesale Importer,himalayan-sound-healing-bowls,web_search,web_search,https://besthimalaya.com/blogs/singing-bowl/how-to-import-wholesale-himalayan-singing-bowls-from-nepal-to-the-usa?srsltid=AfmBOorPFNG8NIiOZhENh63qSgIKBjuhpQ8VvyrCXYKjbFqwraCcvMkZ,"Learn how to import authentic Tibetan singing bowls in bulk from Nepal to the USA. A complete guide for wellness brands, shops, ...","Learn how to import authentic Tibetan singing bowls in bulk from Nepal to the USA. A complete guide for wellness brands, shops, ...",valid,valid,True,True,needs_review,50,0.6,"The company website and snippet suggest a guide or information resource on importing singing bowls, not a direct B2B buyer.",medium,not_eligible,False,2026-09-07T15:51:40.563659+00:00,2026-09-07T15:51:40.563659+00:00,2026-09-07T15:51:40.563659+00:00,True,False,Syntax Valid,individual,,,,,
5b4b14ed7eee,5b4b14ed7eee,Singing bowls,Singing bowls,,,,,,https://phoeniximport.com,United States,Wholesale Importer,himalayan-sound-healing-bowls,web_search,web_search,https://www.phoeniximport.com/en/collections/singing-bowls-and-more,"The sound wave of the High Ohm octave has a soothing and healing effect and can help restore the balance in the aura, which further benefits the physical body.","The sound wave of the High Ohm octave has a soothing and healing effect and can help restore the balance in the aura, which further benefits the physical body.",missing,missing,False,False,pending,,,,,not_eligible,False,2026-09-07T15:51:40.563746+00:00,2026-09-07T15:51:40.563746+00:00,2026-09-07T15:51:40.563746+00:00,True,False,Missing email address,,,,,,
34a59e09eb9e,34a59e09eb9e,singing bowls for sound therapy for your store,singing bowls for sound therapy for your store,,,,,,https://faire.com,United States,Wholesale Importer,himalayan-sound-healing-bowls,web_search,web_search,https://www.faire.com/discover/singing-bowls-for-sound-therapy,Handmade Full Moon Singing Bowl Set – 7 Metal Tibetan Bowls from Nepal | Perfectly Tuned for Sound Healing & Meditation.,Handmade Full Moon Singing Bowl Set – 7 Metal Tibetan Bowls from Nepal | Perfectly Tuned for Sound Healing & Meditation.,missing,missing,False,False,pending,,,,,not_eligible,False,2026-09-07T15:51:40.563850+00:00,2026-09-07T15:51:40.563850+00:00,2026-09-07T15:51:40.563850+00:00,True,False,Missing email address,,,,,,
93e56ab57e32,93e56ab57e32,Himalayas Shop: Singing Bowl Shop for Healing & Me,Himalayas Shop: Singing Bowl Shop for Healing & Me,,,,,,https://himalayasshop.com,United States,Wholesale Importer,himalayan-sound-healing-bowls,web_search,web_search,https://www.himalayasshop.com/,"Discover our wide selection of authentic singing bowls, handcrafted by skilled artisans in Nepal and India. Our singing bowls come in various sizes and ...","Discover our wide selection of authentic singing bowls, handcrafted by skilled artisans in Nepal and India. Our singing bowls come in various sizes and ...",missing,missing,False,False,pending,,,,,not_eligible,False,2026-09-07T15:51:40.563901+00:00,2026-09-07T15:51:40.563901+00:00,2026-09-07T15:51:40.563901+00:00,True,False,Missing email address,,,,,,
4bff98175bf5,4bff98175bf5,Himalayan Bowls,Himalayan Bowls,,,,,,https://himalayanbowls.com,United States,Wholesale Importer,himalayan-sound-healing-bowls,web_search,web_search,https://www.himalayanbowls.com/,"Himalayan Bowls, the world's best handmade singing bowls. We record and photograph each bowl so you can pick exactly what speaks to you.","Himalayan Bowls, the world's best handmade singing bowls. We record and photograph each bowl so you can pick exactly what speaks to you.",missing,missing,False,False,pending,,,,,not_eligible,False,2026-09-07T15:51:40.563944+00:00,2026-09-07T15:51:40.563944+00:00,2026-09-07T15:51:40.563944+00:00,True,False,Missing email address,,,,,,
6090c2ec398d,6090c2ec398d,Soundtopia: Singing Bowls for Sale,Soundtopia: Singing Bowls for Sale,,,,,,https://soundtopia.com,United States,Wholesale Importer,himalayan-sound-healing-bowls,web_search,web_search,https://www.soundtopia.com/?srsltid=AfmBOooaCULjuazpev3yuSVnZdY_6yxcXQIte2Ib3_pKc1p9xkcXX_As,"Now: $9,979.98. We specialize in authentic Crystal and Himalayan Singing Bowls, gongs, and sound therapy instruments,","Now: $9,979.98. We specialize in authentic Crystal and Himalayan Singing Bowls, gongs, and sound therapy instruments,",missing,missing,False,False,pending,,,,,not_eligible,False,2026-09-07T15:51:56.111183+00:00,2026-09-07T15:51:56.111183+00:00,2026-09-07T15:51:56.111183+00:00,True,False,Missing email address,,,,,,
b87cdd6e214e,b87cdd6e214e,How to Import  Himalayan Singing Bowls from ...,How to Import  Himalayan Singing Bowls from ...,,,,business@besthimalaya.com,,https://besthimalaya.com,United States,Wholesale Importer,himalayan-sound-healing-bowls,web_search,web_search,https://besthimalaya.com/blogs/singing-bowl/how-to-import-wholesale-himalayan-singing-bowls-from-nepal-to-the-usa?srsltid=AfmBOooFHktdJ2UDsylO68RmU_7vLE8T9aLzRF5n2PE9-JSowuECe3ef,"Learn how to import authentic Tibetan singing bowls in bulk from Nepal to the USA. A complete guide for wellness brands, shops, ...","Learn how to import authentic Tibetan singing bowls in bulk from Nepal to the USA. A complete guide for wellness brands, shops, ...",valid,valid,True,True,needs_review,50,0.6,"The company website and snippet suggest a guide or information resource on importing singing bowls, not a direct B2B buyer.",medium,not_eligible,False,2026-09-07T15:51:56.111752+00:00,2026-09-07T15:51:56.111752+00:00,2026-09-07T15:51:56.111752+00:00,True,False,Syntax Valid,individual,,,,,
c83f9c8adf51,c83f9c8adf51,How to find a supplier for singing bowls for sound,How to find a supplier for singing bowls for sound,,,,,,https://facebook.com,United States,Wholesale Importer,himalayan-sound-healing-bowls,web_search,web_search,https://www.facebook.com/groups/235814466274117/posts/572076925981201/,Have any of you gone the route of selling singing bowls along with your sound bath services? How did you find your supplier?,Have any of you gone the route of selling singing bowls along with your sound bath services? How did you find your supplier?,missing,missing,False,False,pending,,,,,not_eligible,False,2026-09-07T15:51:56.111808+00:00,2026-09-07T15:51:56.111808+00:00,2026-09-07T15:51:56.111808+00:00,True,False,Missing email address,,,,,,
5b4b14ed7eee,5b4b14ed7eee,Singing bowls,Singing bowls,,,,,,https://phoeniximport.com,United States,Wholesale Importer,himalayan-sound-healing-bowls,web_search,web_search,https://www.phoeniximport.com/en/collections/singing-bowls-and-more,"Import is one of Europe's largest singing bowls wholesaler, with a very wide range of metal singing bowls, crystal singing bowls, gongs, sound bars,","Import is one of Europe's largest singing bowls wholesaler, with a very wide range of metal singing bowls, crystal singing bowls, gongs, sound bars,",missing,missing,False,False,pending,,,,,not_eligible,False,2026-09-07T15:51:56.111850+00:00,2026-09-07T15:51:56.111850+00:00,2026-09-07T15:51:56.111850+00:00,True,False,Missing email address,,,,,,
7f69b15093f2,7f69b15093f2,Gopali Authentic Tibetan Singing Bowls & Sound Hea,Gopali Authentic Tibetan Singing Bowls & Sound Hea,,,,,,https://gopaliimports.com,United States,Wholesale Importer,himalayan-sound-healing-bowls,web_search,web_search,https://gopaliimports.com/,"Discover handcrafted Tibetan singing bowls from Nepal. Experience sound healing sessions, certifications, and wholesale access with Gopali Imports.","Discover handcrafted Tibetan singing bowls from Nepal. Experience sound healing sessions, certifications, and wholesale access with Gopali Imports.",missing,missing,False,False,pending,,,,,not_eligible,False,2026-09-07T15:51:56.111885+00:00,2026-09-07T15:51:56.111885+00:00,2026-09-07T15:51:56.111885+00:00,True,False,Missing email address,,,,,,
34a59e09eb9e,34a59e09eb9e,singing bowls for sound therapy for your store,singing bowls for sound therapy for your store,,,,,,https://faire.com,United States,Wholesale Importer,himalayan-sound-healing-bowls,web_search,web_search,https://www.faire.com/discover/singing-bowls-for-sound-therapy,Handmade Full Moon Singing Bowl Set – 7 Metal Tibetan Bowls from Nepal | Perfectly Tuned for Sound Healing & Meditation.,Handmade Full Moon Singing Bowl Set – 7 Metal Tibetan Bowls from Nepal | Perfectly Tuned for Sound Healing & Meditation.,missing,missing,False,False,pending,,,,,not_eligible,False,2026-09-07T15:51:56.111921+00:00,2026-09-07T15:51:56.111921+00:00,2026-09-07T15:51:56.111921+00:00,True,False,Missing email address,,,,,,
da9f589de788,da9f589de788,"62  ""Singing Bowls"" suppliers & manufacturers","62  ""Singing Bowls"" suppliers & manufacturers",,,,,,https://globalsources.com,United States,Wholesale Importer,himalayan-sound-healing-bowls,web_search,web_search,https://www.globalsources.com/china-suppliers/singing-bowls.htm,"62 wholesale ""Singing Bowls"" suppliers & manufacturers · Tibetan Singing Bowl Meditation Sound Bowl Handcrafted in Nepal for Yoga, Chakra Healing, Mindfulnes.","62 wholesale ""Singing Bowls"" suppliers & manufacturers · Tibetan Singing Bowl Meditation Sound Bowl Handcrafted in Nepal for Yoga, Chakra Healing, Mindfulnes.",missing,missing,False,False,pending,,,,,not_eligible,False,2026-09-07T15:51:56.111953+00:00,2026-09-07T15:51:56.111953+00:00,2026-09-07T15:51:56.111953+00:00,True,False,Missing email address,,,,,,
83c867fd53ef,83c867fd53ef,Singing Bowls:,Singing Bowls:,,,,,,https://newageincense.com,United States,Wholesale Importer,himalayan-sound-healing-bowls,web_search,web_search,https://newageincense.com/wholesale-singing-bowls,"Himalayan bowls or suzu gongs) Minimum Order $100.00. Himalayan bowls or suzu gongs) We are importer, wholesaler, and distributor of Incense,","Himalayan bowls or suzu gongs) Minimum Order $100.00. Himalayan bowls or suzu gongs) We are importer, wholesaler, and distributor of Incense,",missing,missing,False,False,pending,,,,,not_eligible,False,2026-09-07T15:51:56.111984+00:00,2026-09-07T15:51:56.111984+00:00,2026-09-07T15:51:56.111984+00:00,True,False,Missing email address,,,,,,
7c4af816e047,7c4af816e047,Tibetan Singing Bowls,Tibetan Singing Bowls,,,,,,https://bellsofbliss.com,United States,Wholesale Importer,himalayan-sound-healing-bowls,web_search,web_search,https://bellsofbliss.com/?srsltid=AfmBOoqZMNuLnBF-f_Jp6mTmXGoQY_f-3E9i3xY_04ol00J3CRPznrfH,Add some magic to your life with Tibetan singing bowl or a singing bowl set. Bells of Bliss offers a wide range of top-quality hand picked sound bowls.,Add some magic to your life with Tibetan singing bowl or a singing bowl set. Bells of Bliss offers a wide range of top-quality hand picked sound bowls.,missing,missing,False,False,pending,,,,,not_eligible,False,2026-09-07T15:51:56.112014+00:00,2026-09-07T15:51:56.112014+00:00,2026-09-07T15:51:56.112014+00:00,True,False,Missing email address,,,,,,
6090c2ec398d,6090c2ec398d,Soundtopia: Singing Bowls for Sale,Soundtopia: Singing Bowls for Sale,,,,,,https://soundtopia.com,United States,Wholesale Importer,himalayan-sound-healing-bowls,web_search,web_search,https://www.soundtopia.com/?srsltid=AfmBOoqI_CUBfLt1vpjeUTOeSoUe2vu3nXLuWNccnoFnJUz6rSgZRgnv,"Shop the world's largest selection of singing bowls at Soundtopia — Himalayan & crystal bowls, gongs, and sound healing instruments, with audio for every bowl.","Shop the world's largest selection of singing bowls at Soundtopia — Himalayan & crystal bowls, gongs, and sound healing instruments, with audio for every bowl.",missing,missing,False,False,pending,,,,,not_eligible,False,2026-09-07T15:52:15.059817+00:00,2026-09-07T15:52:15.059817+00:00,2026-09-07T15:52:15.059817+00:00,True,False,Missing email address,,,,,,
c83f9c8adf51,c83f9c8adf51,How to find a supplier for singing bowls for sound,How to find a supplier for singing bowls for sound,,,,,,https://facebook.com,United States,Wholesale Importer,himalayan-sound-healing-bowls,web_search,web_search,https://www.facebook.com/groups/235814466274117/posts/572076925981201/,Have any of you gone the route of selling singing bowls along with your sound bath services? How did you find your supplier?,Have any of you gone the route of selling singing bowls along with your sound bath services? How did you find your supplier?,missing,missing,False,False,pending,,,,,not_eligible,False,2026-09-07T15:52:15.059889+00:00,2026-09-07T15:52:15.059889+00:00,2026-09-07T15:52:15.059889+00:00,True,False,Missing email address,,,,,,
5b4b14ed7eee,5b4b14ed7eee,Singing bowls,Singing bowls,,,,,,https://phoeniximport.com,United States,Wholesale Importer,himalayan-sound-healing-bowls,web_search,web_search,https://www.phoeniximport.com/en/collections/singing-bowls-and-more,"Import is one of Europe's largest singing bowls wholesaler, with a very wide range of metal singing bowls, crystal singing bowls, gongs, sound bars, singing ...","Import is one of Europe's largest singing bowls wholesaler, with a very wide range of metal singing bowls, crystal singing bowls, gongs, sound bars, singing ...",missing,missing,False,False,pending,,,,,not_eligible,False,2026-09-07T15:52:15.059927+00:00,2026-09-07T15:52:15.059927+00:00,2026-09-07T15:52:15.059927+00:00,True,False,Missing email address,,,,,,
b87cdd6e214e,b87cdd6e214e,How to Import  Himalayan Singing Bowls from ...,How to Import  Himalayan Singing Bowls from ...,,,,business@besthimalaya.com,,https://besthimalaya.com,United States,Wholesale Importer,himalayan-sound-healing-bowls,web_search,web_search,https://besthimalaya.com/blogs/singing-bowl/how-to-import-wholesale-himalayan-singing-bowls-from-nepal-to-the-usa?srsltid=AfmBOoqzr3EcTv3pgnlBUSo7Xa19wf368DKJ-A1YdXdkm9co38R9Pdb1,"Learn how to import authentic Tibetan singing bowls in bulk from Nepal to the USA. A complete guide for wellness brands, shops, ...","Learn how to import authentic Tibetan singing bowls in bulk from Nepal to the USA. A complete guide for wellness brands, shops, ...",valid,valid,True,True,needs_review,50,0.6,"The company website and snippet suggest a guide or information resource on importing singing bowls, not a direct B2B buyer.",medium,not_eligible,False,2026-09-07T15:52:15.060459+00:00,2026-09-07T15:52:15.060459+00:00,2026-09-07T15:52:15.060459+00:00,True,False,Syntax Valid,individual,,,,,
42bf73346000,42bf73346000,Singing bowls wholesaler,Singing bowls wholesaler,,,,,,https://singingbowlswholesaler.weebly.com,United States,Wholesale Importer,himalayan-sound-healing-bowls,web_search,web_search,https://singingbowlswholesaler.weebly.com/,"Understanding the Power of Himalayan Sound Healing Singing bowls. Himalayan imports, wholesale. A $20 bowl sells at $50-60 easy.","Understanding the Power of Himalayan Sound Healing Singing bowls. Himalayan imports, wholesale. A $20 bowl sells at $50-60 easy.",missing,missing,False,False,pending,,,,,not_eligible,False,2026-09-07T15:52:15.060606+00:00,2026-09-07T15:52:15.060606+00:00,2026-09-07T15:52:15.060606+00:00,True,False,Missing email address,,,,,,
34a59e09eb9e,34a59e09eb9e,singing bowls for sound therapy for your store,singing bowls for sound therapy for your store,,,,,,https://faire.com,United States,Wholesale Importer,himalayan-sound-healing-bowls,web_search,web_search,https://www.faire.com/discover/singing-bowls-for-sound-therapy,Handmade Full Moon Singing Bowl Set – 7 Metal Tibetan Bowls from Nepal | Perfectly Tuned for Sound Healing & Meditation.,Handmade Full Moon Singing Bowl Set – 7 Metal Tibetan Bowls from Nepal | Perfectly Tuned for Sound Healing & Meditation.,missing,missing,False,False,pending,,,,,not_eligible,False,2026-09-07T15:52:15.060648+00:00,2026-09-07T15:52:15.060648+00:00,2026-09-07T15:52:15.060648+00:00,True,False,Missing email address,,,,,,
b5478aee7423,b5478aee7423,Singing Bowl Wholesaler (@singingbowlwholesaler),Singing Bowl Wholesaler (@singingbowlwholesaler),,,,,,https://instagram.com,United States,Wholesale Importer,himalayan-sound-healing-bowls,web_search,web_search,https://www.instagram.com/singingbowlwholesaler/,"We are a genuine and authentic wholesaler based in Nepal , offering high-quality products with trusted international shipping partners worldwide.","We are a genuine and authentic wholesaler based in Nepal , offering high-quality products with trusted international shipping partners worldwide.",missing,missing,False,False,pending,,,,,not_eligible,False,2026-09-07T15:52:15.060682+00:00,2026-09-07T15:52:15.060682+00:00,2026-09-07T15:52:15.060682+00:00,True,False,Missing email address,,,,,,
5ca6e50a160c,5ca6e50a160c,Singing Bowls,Singing Bowls,,,,,,https://dharmashop.com,United States,Wholesale Importer,himalayan-sound-healing-bowls,web_search,web_search,https://www.dharmashop.com/collections/wholesale-singing-bowls?srsltid=AfmBOopxizUgXT6BbjV1fhrHZrEVz7dLAuZqyrzX7GSBRnGrSzrBprGt,Wholesale Singing Bowls ... Best Seller! Masterpiece™ Tibetan Singing Bowl 49 reviews $ 199.00.,Wholesale Singing Bowls ... Best Seller! Masterpiece™ Tibetan Singing Bowl 49 reviews $ 199.00.,missing,missing,False,False,pending,,,,,not_eligible,False,2026-09-07T15:52:15.060714+00:00,2026-09-07T15:52:15.060714+00:00,2026-09-07T15:52:15.060714+00:00,True,False,Missing email address,,,,,,
b87cdd6e214e,b87cdd6e214e,How to Import  Himalayan Singing Bowls from ...,How to Import  Himalayan Singing Bowls from ...,,,,business@besthimalaya.com,,https://besthimalaya.com,United States,Wholesale Importer,himalayan-sound-healing-bowls,web_search,web_search,https://besthimalaya.com/blogs/singing-bowl/how-to-import-wholesale-himalayan-singing-bowls-from-nepal-to-the-usa?srsltid=AfmBOooInN4DfDreZx0wwM1w0-y-pPjjmcX0kbOKm0LYEecfmBt73Gc_,"Learn how to import authentic Tibetan singing bowls in bulk from Nepal to the USA. A complete guide for wellness brands, shops, ...","Learn how to import authentic Tibetan singing bowls in bulk from Nepal to the USA. A complete guide for wellness brands, shops, ...",valid,valid,True,True,needs_review,50,0.6,"The company website and snippet suggest a guide or information resource on importing singing bowls, not a direct B2B buyer.",medium,not_eligible,False,2026-09-07T15:52:28.222158+00:00,2026-09-07T15:52:28.222158+00:00,2026-09-07T15:52:28.222158+00:00,True,False,Syntax Valid,individual,,,,,
c83f9c8adf51,c83f9c8adf51,How to find a supplier for singing bowls for sound,How to find a supplier for singing bowls for sound,,,,,,https://facebook.com,United States,Wholesale Importer,himalayan-sound-healing-bowls,web_search,web_search,https://www.facebook.com/groups/235814466274117/posts/572076925981201/,Have any of you gone the route of selling singing bowls along with your sound bath services? How did you find your supplier?,Have any of you gone the route of selling singing bowls along with your sound bath services? How did you find your supplier?,missing,missing,False,False,pending,,,,,not_eligible,False,2026-09-07T15:52:28.222261+00:00,2026-09-07T15:52:28.222261+00:00,2026-09-07T15:52:28.222261+00:00,True,False,Missing email address,,,,,,
5b4b14ed7eee,5b4b14ed7eee,Singing bowls,Singing bowls,,,,,,https://phoeniximport.com,United States,Wholesale Importer,himalayan-sound-healing-bowls,web_search,web_search,https://www.phoeniximport.com/en/collections/singing-bowls-and-more,"Supplier of Singing bowls and more ✓ Metal and Crystal singing bowls ✓ Tuning forks, Gongs ✓ Phoenix Import B2B wholesale ✓ Quick delivery ✓ Order ...","Supplier of Singing bowls and more ✓ Metal and Crystal singing bowls ✓ Tuning forks, Gongs ✓ Phoenix Import B2B wholesale ✓ Quick delivery ✓ Order ...",missing,missing,False,False,pending,,,,,not_eligible,False,2026-09-07T15:52:28.222327+00:00,2026-09-07T15:52:28.222327+00:00,2026-09-07T15:52:28.222327+00:00,True,False,Missing email address,,,,,,
6090c2ec398d,6090c2ec398d,Soundtopia: Singing Bowls for Sale,Soundtopia: Singing Bowls for Sale,,,,,,https://soundtopia.com,United States,Wholesale Importer,himalayan-sound-healing-bowls,web_search,web_search,https://www.soundtopia.com/?srsltid=AfmBOoqu4BRBE2hmnO2lf5j0TsKCpSyaCoJ2PlX9XaMbRJ2db9R51o8k,"Shop the world's largest selection of singing bowls at Soundtopia — Himalayan & crystal bowls, gongs, and sound healing instruments, with audio for every ...","Shop the world's largest selection of singing bowls at Soundtopia — Himalayan & crystal bowls, gongs, and sound healing instruments, with audio for every ...",missing,missing,False,False,pending,,,,,not_eligible,False,2026-09-07T15:52:28.222381+00:00,2026-09-07T15:52:28.222381+00:00,2026-09-07T15:52:28.222381+00:00,True,False,Missing email address,,,,,,
da9f589de788,da9f589de788,"62  ""Singing Bowls"" suppliers & manufacturers","62  ""Singing Bowls"" suppliers & manufacturers",,,,,,https://globalsources.com,United States,Wholesale Importer,himalayan-sound-healing-bowls,web_search,web_search,https://www.globalsources.com/china-suppliers/singing-bowls.htm,"62 wholesale ""Singing Bowls"" suppliers & manufacturers · Tibetan Singing Bowl Meditation Sound Bowl Handcrafted in Nepal for Yoga, Chakra Healing, Mindfulnes.","62 wholesale ""Singing Bowls"" suppliers & manufacturers · Tibetan Singing Bowl Meditation Sound Bowl Handcrafted in Nepal for Yoga, Chakra Healing, Mindfulnes.",missing,missing,False,False,pending,,,,,not_eligible,False,2026-09-07T15:52:28.222430+00:00,2026-09-07T15:52:28.222430+00:00,2026-09-07T15:52:28.222430+00:00,True,False,Missing email address,,,,,,
34a59e09eb9e,34a59e09eb9e,singing bowls for sound therapy for your store,singing bowls for sound therapy for your store,,,,,,https://faire.com,United States,Wholesale Importer,himalayan-sound-healing-bowls,web_search,web_search,https://www.faire.com/discover/singing-bowls-for-sound-therapy,Handmade Full Moon Singing Bowl Set – 7 Metal Tibetan Bowls from Nepal | Perfectly Tuned for Sound Healing & Meditation.,Handmade Full Moon Singing Bowl Set – 7 Metal Tibetan Bowls from Nepal | Perfectly Tuned for Sound Healing & Meditation.,missing,missing,False,False,pending,,,,,not_eligible,False,2026-09-07T15:52:28.222477+00:00,2026-09-07T15:52:28.222477+00:00,2026-09-07T15:52:28.222477+00:00,True,False,Missing email address,,,,,,
83c867fd53ef,83c867fd53ef,Singing Bowls:,Singing Bowls:,,,,,,https://newageincense.com,United States,Wholesale Importer,himalayan-sound-healing-bowls,web_search,web_search,https://newageincense.com/wholesale-singing-bowls,"We are importer, wholesaler, and distributor of Incense, Incense Burners, Altar Supplies, Pagan Supplies, Tapestries, Totes, Smudges & Herbs, Tibetan Products, ...","We are importer, wholesaler, and distributor of Incense, Incense Burners, Altar Supplies, Pagan Supplies, Tapestries, Totes, Smudges & Herbs, Tibetan Products, ...",missing,missing,False,False,pending,,,,,not_eligible,False,2026-09-07T15:52:28.222521+00:00,2026-09-07T15:52:28.222521+00:00,2026-09-07T15:52:28.222521+00:00,True,False,Missing email address,,,,,,
7c4af816e047,7c4af816e047,Tibetan Singing Bowls,Tibetan Singing Bowls,,,,,,https://bellsofbliss.com,United States,Wholesale Importer,himalayan-sound-healing-bowls,web_search,web_search,https://bellsofbliss.com/?srsltid=AfmBOopEOtH2T3YYcypZ1wAQLozk8WFBkfJQ5vUG05UFYIxBoZOsduh4,Add some magic to your life with Tibetan singing bowl or a singing bowl set. Bells of Bliss offers a wide range of top-quality hand picked sound bowls.,Add some magic to your life with Tibetan singing bowl or a singing bowl set. Bells of Bliss offers a wide range of top-quality hand picked sound bowls.,missing,missing,False,False,pending,,,,,not_eligible,False,2026-09-07T15:52:28.222563+00:00,2026-09-07T15:52:28.222563+00:00,2026-09-07T15:52:28.222563+00:00,True,False,Missing email address,,,,,,
4bff98175bf5,4bff98175bf5,Himalayan Bowls,Himalayan Bowls,,,,,,https://himalayanbowls.com,United States,Wholesale Importer,himalayan-sound-healing-bowls,web_search,web_search,https://www.himalayanbowls.com/,"Himalayan Bowls, the world's best handmade singing bowls. We record and photograph each bowl so you can pick exactly what speaks to you.","Himalayan Bowls, the world's best handmade singing bowls. We record and photograph each bowl so you can pick exactly what speaks to you.",missing,missing,False,False,pending,,,,,not_eligible,False,2026-09-07T15:52:28.222605+00:00,2026-09-07T15:52:28.222605+00:00,2026-09-07T15:52:28.222605+00:00,True,False,Missing email address,,,,,,
6090c2ec398d,6090c2ec398d,Soundtopia: Singing Bowls for Sale,Soundtopia: Singing Bowls for Sale,,,,,,https://soundtopia.com,United States,Wholesale Importer,himalayan-sound-healing-bowls,web_search,web_search,https://www.soundtopia.com/?srsltid=AfmBOooLX_a32W5vs-3_k0jEvvwoUUfrw4TJj59Zn-zKTHNkfynNk1ch,"Shop the world's largest selection of singing bowls at Soundtopia — Himalayan & crystal bowls, gongs, and sound healing instruments, with audio for every ...","Shop the world's largest selection of singing bowls at Soundtopia — Himalayan & crystal bowls, gongs, and sound healing instruments, with audio for every ...",missing,missing,False,False,pending,,,,,not_eligible,False,2026-09-07T15:55:24.258342+00:00,2026-09-07T15:55:24.258342+00:00,2026-09-07T15:55:24.258342+00:00,True,False,Missing email address,,,,,,
b87cdd6e214e,b87cdd6e214e,How to Import  Himalayan Singing Bowls from ...,How to Import  Himalayan Singing Bowls from ...,,,,business@besthimalaya.com,,https://besthimalaya.com,United States,Wholesale Importer,himalayan-sound-healing-bowls,web_search,web_search,https://besthimalaya.com/blogs/singing-bowl/how-to-import-wholesale-himalayan-singing-bowls-from-nepal-to-the-usa?srsltid=AfmBOoob40cw3jcpEhEqB3atmlUkhF_wytfdhQFYoML05VE409b9sExV,"Learn how to import authentic Tibetan singing bowls in bulk from Nepal to the USA. A complete guide for wellness brands, shops, ...","Learn how to import authentic Tibetan singing bowls in bulk from Nepal to the USA. A complete guide for wellness brands, shops, ...",valid,valid,True,True,needs_review,50,0.6,"The company website and snippet suggest a guide or information resource on importing singing bowls, not a direct B2B buyer.",medium,not_eligible,False,2026-09-07T15:55:24.266050+00:00,2026-09-07T15:55:24.266050+00:00,2026-09-07T15:55:24.266050+00:00,True,False,Syntax Valid,individual,,,,,
c83f9c8adf51,c83f9c8adf51,How to find a supplier for singing bowls for sound,How to find a supplier for singing bowls for sound,,,,,,https://facebook.com,United States,Wholesale Importer,himalayan-sound-healing-bowls,web_search,web_search,https://www.facebook.com/groups/235814466274117/posts/572076925981201/,Have any of you gone the route of selling singing bowls along with your sound bath services? How did you find your supplier?,Have any of you gone the route of selling singing bowls along with your sound bath services? How did you find your supplier?,missing,missing,False,False,pending,,,,,not_eligible,False,2026-09-07T15:55:24.266141+00:00,2026-09-07T15:55:24.266141+00:00,2026-09-07T15:55:24.266141+00:00,True,False,Missing email address,,,,,,
5b4b14ed7eee,5b4b14ed7eee,Singing bowls,Singing bowls,,,,,,https://phoeniximport.com,United States,Wholesale Importer,himalayan-sound-healing-bowls,web_search,web_search,https://www.phoeniximport.com/en/collections/singing-bowls-and-more,"Supplier of Singing bowls and more ✓ Metal and Crystal singing bowls ✓ Tuning forks, Gongs ✓ Phoenix Import B2B wholesale ✓ Quick delivery ✓ Order ...","Supplier of Singing bowls and more ✓ Metal and Crystal singing bowls ✓ Tuning forks, Gongs ✓ Phoenix Import B2B wholesale ✓ Quick delivery ✓ Order ...",missing,missing,False,False,pending,,,,,not_eligible,False,2026-09-07T15:55:24.266175+00:00,2026-09-07T15:55:24.266175+00:00,2026-09-07T15:55:24.266175+00:00,True,False,Missing email address,,,,,,
7f69b15093f2,7f69b15093f2,Gopali Authentic Tibetan Singing Bowls & Sound Hea,Gopali Authentic Tibetan Singing Bowls & Sound Hea,,,,,,https://gopaliimports.com,United States,Wholesale Importer,himalayan-sound-healing-bowls,web_search,web_search,https://gopaliimports.com/,"Discover handcrafted Tibetan singing bowls from Nepal. Experience sound healing sessions, certifications, and wholesale access with Gopali Imports.","Discover handcrafted Tibetan singing bowls from Nepal. Experience sound healing sessions, certifications, and wholesale access with Gopali Imports.",missing,missing,False,False,pending,,,,,not_eligible,False,2026-09-07T15:55:24.266201+00:00,2026-09-07T15:55:24.266201+00:00,2026-09-07T15:55:24.266201+00:00,True,False,Missing email address,,,,,,
34a59e09eb9e,34a59e09eb9e,singing bowls for sound therapy for your store,singing bowls for sound therapy for your store,,,,,,https://faire.com,United States,Wholesale Importer,himalayan-sound-healing-bowls,web_search,web_search,https://www.faire.com/discover/singing-bowls-for-sound-therapy,Handmade Full Moon Singing Bowl Set – 7 Metal Tibetan Bowls from Nepal | Perfectly Tuned for Sound Healing & Meditation.,Handmade Full Moon Singing Bowl Set – 7 Metal Tibetan Bowls from Nepal | Perfectly Tuned for Sound Healing & Meditation.,missing,missing,False,False,pending,,,,,not_eligible,False,2026-09-07T15:55:24.266266+00:00,2026-09-07T15:55:24.266266+00:00,2026-09-07T15:55:24.266266+00:00,True,False,Missing email address,,,,,,
da9f589de788,da9f589de788,"62  ""Singing Bowls"" suppliers & manufacturers","62  ""Singing Bowls"" suppliers & manufacturers",,,,,,https://globalsources.com,United States,Wholesale Importer,himalayan-sound-healing-bowls,web_search,web_search,https://www.globalsources.com/china-suppliers/singing-bowls.htm,"62 wholesale ""Singing Bowls"" suppliers & manufacturers · Tibetan Singing Bowl Meditation Sound Bowl Handcrafted in Nepal for Yoga, Chakra Healing, Mindfulnes.","62 wholesale ""Singing Bowls"" suppliers & manufacturers · Tibetan Singing Bowl Meditation Sound Bowl Handcrafted in Nepal for Yoga, Chakra Healing, Mindfulnes.",missing,missing,False,False,pending,,,,,not_eligible,False,2026-09-07T15:55:24.266299+00:00,2026-09-07T15:55:24.266299+00:00,2026-09-07T15:55:24.266299+00:00,True,False,Missing email address,,,,,,
83c867fd53ef,83c867fd53ef,Singing Bowls:,Singing Bowls:,,,,,,https://newageincense.com,United States,Wholesale Importer,himalayan-sound-healing-bowls,web_search,web_search,https://newageincense.com/wholesale-singing-bowls,"We are importer, wholesaler, and distributor of Incense, Incense Burners, Altar Supplies, Pagan Supplies, Tapestries, Totes, Smudges & Herbs, Tibetan Products, ...","We are importer, wholesaler, and distributor of Incense, Incense Burners, Altar Supplies, Pagan Supplies, Tapestries, Totes, Smudges & Herbs, Tibetan Products, ...",missing,missing,False,False,pending,,,,,not_eligible,False,2026-09-07T15:55:24.266322+00:00,2026-09-07T15:55:24.266322+00:00,2026-09-07T15:55:24.266322+00:00,True,False,Missing email address,,,,,,
7c4af816e047,7c4af816e047,Tibetan Singing Bowls,Tibetan Singing Bowls,,,,,,https://bellsofbliss.com,United States,Wholesale Importer,himalayan-sound-healing-bowls,web_search,web_search,https://bellsofbliss.com/?srsltid=AfmBOoo0qm_ON3fVzV4z8zz9ldOdm77Xoa1usm0TL4pSVQcPbtN_MyUH,Add some magic to your life with Tibetan singing bowl or a singing bowl set. Bells of Bliss offers a wide range of top-quality hand picked sound bowls.,Add some magic to your life with Tibetan singing bowl or a singing bowl set. Bells of Bliss offers a wide range of top-quality hand picked sound bowls.,missing,missing,False,False,pending,,,,,not_eligible,False,2026-09-07T15:55:24.266345+00:00,2026-09-07T15:55:24.266345+00:00,2026-09-07T15:55:24.266345+00:00,True,False,Missing email address,,,,,,
c83f9c8adf51,c83f9c8adf51,How to find a supplier for singing bowls for sound,How to find a supplier for singing bowls for sound,,,,,,https://facebook.com,United States,Wholesale Importer,himalayan-sound-healing-bowls,web_search,web_search,https://www.facebook.com/groups/235814466274117/posts/572076925981201/,Have any of you gone the route of selling singing bowls along with your sound bath services? How did you find your supplier?,Have any of you gone the route of selling singing bowls along with your sound bath services? How did you find your supplier?,missing,missing,False,False,pending,,,,,not_eligible,False,2026-09-07T15:55:40.323817+00:00,2026-09-07T15:55:40.323817+00:00,2026-09-07T15:55:40.323817+00:00,True,False,Missing email address,,,,,,
6090c2ec398d,6090c2ec398d,Soundtopia: Singing Bowls for Sale,Soundtopia: Singing Bowls for Sale,,,,,,https://soundtopia.com,United States,Wholesale Importer,himalayan-sound-healing-bowls,web_search,web_search,https://www.soundtopia.com/?srsltid=AfmBOor8-6YLTZqAgWzY6gqnp_SEBamLak8jokNtA0OsRNQtt0ccMtrE,"Shop the world's largest selection of singing bowls at Soundtopia — Himalayan & crystal bowls, gongs, and sound healing instruments, with audio for every ...","Shop the world's largest selection of singing bowls at Soundtopia — Himalayan & crystal bowls, gongs, and sound healing instruments, with audio for every ...",missing,missing,False,False,pending,,,,,not_eligible,False,2026-09-07T15:55:40.323921+00:00,2026-09-07T15:55:40.323921+00:00,2026-09-07T15:55:40.323921+00:00,True,False,Missing email address,,,,,,
5b4b14ed7eee,5b4b14ed7eee,Singing bowls,Singing bowls,,,,,,https://phoeniximport.com,United States,Wholesale Importer,himalayan-sound-healing-bowls,web_search,web_search,https://www.phoeniximport.com/en/collections/singing-bowls-and-more,"Supplier of Singing bowls and more ✓ Metal and Crystal singing bowls ✓ Tuning forks, Gongs ✓ Phoenix Import B2B wholesale ✓ Quick delivery ✓ Order ...","Supplier of Singing bowls and more ✓ Metal and Crystal singing bowls ✓ Tuning forks, Gongs ✓ Phoenix Import B2B wholesale ✓ Quick delivery ✓ Order ...",missing,missing,False,False,pending,,,,,not_eligible,False,2026-09-07T15:55:40.323956+00:00,2026-09-07T15:55:40.323956+00:00,2026-09-07T15:55:40.323956+00:00,True,False,Missing email address,,,,,,
b87cdd6e214e,b87cdd6e214e,How to Import  Himalayan Singing Bowls from ...,How to Import  Himalayan Singing Bowls from ...,,,,business@besthimalaya.com,,https://besthimalaya.com,United States,Wholesale Importer,himalayan-sound-healing-bowls,web_search,web_search,https://besthimalaya.com/blogs/singing-bowl/how-to-import-wholesale-himalayan-singing-bowls-from-nepal-to-the-usa?srsltid=AfmBOopjdK84OMo5LcCZnBmV77Fq_6uu85JnUqCjOtGjZpxEY51LdidN,"Learn how to import authentic Tibetan singing bowls in bulk from Nepal to the USA. A complete guide for wellness brands, shops, ...","Learn how to import authentic Tibetan singing bowls in bulk from Nepal to the USA. A complete guide for wellness brands, shops, ...",valid,valid,True,True,needs_review,50,0.6,"The company website and snippet suggest a guide or information resource on importing singing bowls, not a direct B2B buyer.",medium,not_eligible,False,2026-09-07T15:55:40.324586+00:00,2026-09-07T15:55:40.324586+00:00,2026-09-07T15:55:40.324586+00:00,True,False,Syntax Valid,individual,,,,,
42bf73346000,42bf73346000,Singing bowls wholesaler,Singing bowls wholesaler,,,,,,https://singingbowlswholesaler.weebly.com,United States,Wholesale Importer,himalayan-sound-healing-bowls,web_search,web_search,https://singingbowlswholesaler.weebly.com/,"Another gem is Lotus Sound Haven in Tanjong Pagar. They focus on Himalayan imports, complete with certificates of authenticity. Visit for hands- ...","Another gem is Lotus Sound Haven in Tanjong Pagar. They focus on Himalayan imports, complete with certificates of authenticity. Visit for hands- ...",missing,missing,False,False,pending,,,,,not_eligible,False,2026-09-07T15:55:40.324623+00:00,2026-09-07T15:55:40.324623+00:00,2026-09-07T15:55:40.324623+00:00,True,False,Missing email address,,,,,,
83c867fd53ef,83c867fd53ef,Singing Bowls:,Singing Bowls:,,,,,,https://newageincense.com,United States,Wholesale Importer,himalayan-sound-healing-bowls,web_search,web_search,https://newageincense.com/wholesale-singing-bowls,"We are importer, wholesaler, and distributor of Incense, Incense Burners, Altar Supplies, Pagan Supplies, Tapestries, Totes, Smudges & Herbs, Tibetan Products, ...","We are importer, wholesaler, and distributor of Incense, Incense Burners, Altar Supplies, Pagan Supplies, Tapestries, Totes, Smudges & Herbs, Tibetan Products, ...",missing,missing,False,False,pending,,,,,not_eligible,False,2026-09-07T15:55:40.324647+00:00,2026-09-07T15:55:40.324647+00:00,2026-09-07T15:55:40.324647+00:00,True,False,Missing email address,,,,,,
b5478aee7423,b5478aee7423,Singing Bowl Wholesaler (@singingbowlwholesaler),Singing Bowl Wholesaler (@singingbowlwholesaler),,,,,,https://instagram.com,United States,Wholesale Importer,himalayan-sound-healing-bowls,web_search,web_search,https://www.instagram.com/singingbowlwholesaler/,"We are a genuine and authentic wholesaler based in Nepal , offering high-quality products with trusted international shipping partners worldwide.","We are a genuine and authentic wholesaler based in Nepal , offering high-quality products with trusted international shipping partners worldwide.",missing,missing,False,False,pending,,,,,not_eligible,False,2026-09-07T15:55:40.324668+00:00,2026-09-07T15:55:40.324668+00:00,2026-09-07T15:55:40.324668+00:00,True,False,Missing email address,,,,,,
7f69b15093f2,7f69b15093f2,Gopali Authentic Tibetan Singing Bowls & Sound Hea,Gopali Authentic Tibetan Singing Bowls & Sound Hea,,,,,,https://gopaliimports.com,United States,Wholesale Importer,himalayan-sound-healing-bowls,web_search,web_search,https://gopaliimports.com/,"Discover handcrafted Tibetan singing bowls from Nepal. Experience sound healing sessions, certifications, and wholesale access with Gopali Imports.","Discover handcrafted Tibetan singing bowls from Nepal. Experience sound healing sessions, certifications, and wholesale access with Gopali Imports.",missing,missing,False,False,pending,,,,,not_eligible,False,2026-09-07T15:55:40.324687+00:00,2026-09-07T15:55:40.324687+00:00,2026-09-07T15:55:40.324687+00:00,True,False,Missing email address,,,,,,
6090c2ec398d,6090c2ec398d,Soundtopia: Singing Bowls for Sale,Soundtopia: Singing Bowls for Sale,,,,,,https://soundtopia.com,United States,Wholesale Importer,himalayan-sound-healing-bowls,web_search,web_search,https://www.soundtopia.com/?srsltid=AfmBOookxVWHENWtHMDIQfeFKNzWrRkFDhjAHbxj0eMLoeRdKbMRDtLI,"Shop the world's largest selection of singing bowls at Soundtopia — Himalayan & crystal bowls, gongs, and sound healing instruments, with audio for every ...","Shop the world's largest selection of singing bowls at Soundtopia — Himalayan & crystal bowls, gongs, and sound healing instruments, with audio for every ...",missing,missing,False,False,pending,,,,,not_eligible,False,2026-09-07T15:57:06.848681+00:00,2026-09-07T15:57:06.848681+00:00,2026-09-07T15:57:06.848681+00:00,True,False,Missing email address,,,,,,
c83f9c8adf51,c83f9c8adf51,How to find a supplier for singing bowls for sound,How to find a supplier for singing bowls for sound,,,,,,https://facebook.com,United States,Wholesale Importer,himalayan-sound-healing-bowls,web_search,web_search,https://www.facebook.com/groups/235814466274117/posts/572076925981201/,Have any of you gone the route of selling singing bowls along with your sound bath services? How did you find your supplier?,Have any of you gone the route of selling singing bowls along with your sound bath services? How did you find your supplier?,missing,missing,False,False,pending,,,,,not_eligible,False,2026-09-07T15:57:06.848761+00:00,2026-09-07T15:57:06.848761+00:00,2026-09-07T15:57:06.848761+00:00,True,False,Missing email address,,,,,,
b87cdd6e214e,b87cdd6e214e,How to Import  Himalayan Singing Bowls from ...,How to Import  Himalayan Singing Bowls from ...,,,,business@besthimalaya.com,,https://besthimalaya.com,United States,Wholesale Importer,himalayan-sound-healing-bowls,web_search,web_search,https://besthimalaya.com/blogs/singing-bowl/how-to-import-wholesale-himalayan-singing-bowls-from-nepal-to-the-usa?srsltid=AfmBOoqO8kGXWcCfBYqf_8ueYtfq89cMCAKA95XZG6ZQyvAjZFg-Owkt,"Learn how to import authentic Tibetan singing bowls in bulk from Nepal to the USA. A complete guide for wellness brands, shops, ...","Learn how to import authentic Tibetan singing bowls in bulk from Nepal to the USA. A complete guide for wellness brands, shops, ...",valid,valid,True,True,needs_review,50,0.6,"The company website and snippet suggest a guide or information resource on importing singing bowls, not a direct B2B buyer.",medium,not_eligible,False,2026-09-07T15:57:06.849411+00:00,2026-09-07T15:57:06.849411+00:00,2026-09-07T15:57:06.849411+00:00,True,False,Syntax Valid,individual,,,,,
5b4b14ed7eee,5b4b14ed7eee,Singing bowls,Singing bowls,,,,,,https://phoeniximport.com,United States,Wholesale Importer,himalayan-sound-healing-bowls,web_search,web_search,https://www.phoeniximport.com/en/collections/singing-bowls-and-more,"The sound wave of the High Ohm octave has a soothing and healing effect and can help restore the balance in the aura, which further benefits the physical body.","The sound wave of the High Ohm octave has a soothing and healing effect and can help restore the balance in the aura, which further benefits the physical body.",missing,missing,False,False,pending,,,,,not_eligible,False,2026-09-07T15:57:06.849466+00:00,2026-09-07T15:57:06.849466+00:00,2026-09-07T15:57:06.849466+00:00,True,False,Missing email address,,,,,,
7f69b15093f2,7f69b15093f2,Gopali Authentic Tibetan Singing Bowls & Sound Hea,Gopali Authentic Tibetan Singing Bowls & Sound Hea,,,,,,https://gopaliimports.com,United States,Wholesale Importer,himalayan-sound-healing-bowls,web_search,web_search,https://gopaliimports.com/,"Discover handcrafted Tibetan singing bowls from Nepal. Experience sound healing sessions, certifications, and wholesale access with Gopali Imports.","Discover handcrafted Tibetan singing bowls from Nepal. Experience sound healing sessions, certifications, and wholesale access with Gopali Imports.",missing,missing,False,False,pending,,,,,not_eligible,False,2026-09-07T15:57:06.849503+00:00,2026-09-07T15:57:06.849503+00:00,2026-09-07T15:57:06.849503+00:00,True,False,Missing email address,,,,,,
34a59e09eb9e,34a59e09eb9e,singing bowls for sound therapy for your store,singing bowls for sound therapy for your store,,,,,,https://faire.com,United States,Wholesale Importer,himalayan-sound-healing-bowls,web_search,web_search,https://www.faire.com/discover/singing-bowls-for-sound-therapy,Handmade Full Moon Singing Bowl Set – 7 Metal Tibetan Bowls from Nepal | Perfectly Tuned for Sound Healing & Meditation.,Handmade Full Moon Singing Bowl Set – 7 Metal Tibetan Bowls from Nepal | Perfectly Tuned for Sound Healing & Meditation.,missing,missing,False,False,pending,,,,,not_eligible,False,2026-09-07T15:57:06.849538+00:00,2026-09-07T15:57:06.849538+00:00,2026-09-07T15:57:06.849538+00:00,True,False,Missing email address,,,,,,
93e56ab57e32,93e56ab57e32,Himalayas Shop: Singing Bowl Shop for Healing & Me,Himalayas Shop: Singing Bowl Shop for Healing & Me,,,,,,https://himalayasshop.com,United States,Wholesale Importer,himalayan-sound-healing-bowls,web_search,web_search,https://www.himalayasshop.com/,"Discover our wide selection of authentic singing bowls, handcrafted by skilled artisans in Nepal and India. Our singing bowls come in various sizes and ...","Discover our wide selection of authentic singing bowls, handcrafted by skilled artisans in Nepal and India. Our singing bowls come in various sizes and ...",missing,missing,False,False,pending,,,,,not_eligible,False,2026-09-07T15:57:06.849571+00:00,2026-09-07T15:57:06.849571+00:00,2026-09-07T15:57:06.849571+00:00,True,False,Missing email address,,,,,,
6090c2ec398d,6090c2ec398d,Soundtopia: Singing Bowls for Sale,Soundtopia: Singing Bowls for Sale,,,,,,https://soundtopia.com,United States,Wholesale Importer,himalayan-sound-healing-bowls,web_search,web_search,https://www.soundtopia.com/?srsltid=AfmBOoq3JEzYgUQPI729oHQpfogRoz4TJlv7FPi0N-OZ0wRUd4M05Nu2,"Shop the world's largest selection of singing bowls at Soundtopia — Himalayan & crystal bowls, gongs, and sound healing instruments, with audio for every ...","Shop the world's largest selection of singing bowls at Soundtopia — Himalayan & crystal bowls, gongs, and sound healing instruments, with audio for every ...",missing,missing,False,False,pending,,,,,not_eligible,False,2026-09-07T15:57:28.166650+00:00,2026-09-07T15:57:28.166650+00:00,2026-09-07T15:57:28.166650+00:00,True,False,Missing email address,,,,,,
b87cdd6e214e,b87cdd6e214e,How to Import  Himalayan Singing Bowls from ...,How to Import  Himalayan Singing Bowls from ...,,,,business@besthimalaya.com,,https://besthimalaya.com,United States,Wholesale Importer,himalayan-sound-healing-bowls,web_search,web_search,https://besthimalaya.com/blogs/singing-bowl/how-to-import-wholesale-himalayan-singing-bowls-from-nepal-to-the-usa?srsltid=AfmBOoqplxMLV9Wpr0RyIBPoRo1ZwZYy4HphqovsnScW05st4QpfKP9q,"Learn how to import authentic Tibetan singing bowls in bulk from Nepal to the USA. A complete guide for wellness brands, shops, ...","Learn how to import authentic Tibetan singing bowls in bulk from Nepal to the USA. A complete guide for wellness brands, shops, ...",valid,valid,True,True,needs_review,50,0.6,"The company website and snippet suggest a guide or information resource on importing singing bowls, not a direct B2B buyer.",medium,not_eligible,False,2026-09-07T15:57:28.167149+00:00,2026-09-07T15:57:28.167149+00:00,2026-09-07T15:57:28.167149+00:00,True,False,Syntax Valid,individual,,,,,
c83f9c8adf51,c83f9c8adf51,How to find a supplier for singing bowls for sound,How to find a supplier for singing bowls for sound,,,,,,https://facebook.com,United States,Wholesale Importer,himalayan-sound-healing-bowls,web_search,web_search,https://www.facebook.com/groups/235814466274117/posts/572076925981201/,Have any of you gone the route of selling singing bowls along with your sound bath services? How did you find your supplier?,Have any of you gone the route of selling singing bowls along with your sound bath services? How did you find your supplier?,missing,missing,False,False,pending,,,,,not_eligible,False,2026-09-07T15:57:28.167201+00:00,2026-09-07T15:57:28.167201+00:00,2026-09-07T15:57:28.167201+00:00,True,False,Missing email address,,,,,,
5b4b14ed7eee,5b4b14ed7eee,Singing bowls,Singing bowls,,,,,,https://phoeniximport.com,United States,Wholesale Importer,himalayan-sound-healing-bowls,web_search,web_search,https://www.phoeniximport.com/en/collections/singing-bowls-and-more,"Supplier of Singing bowls and more ✓ Metal and Crystal singing bowls ✓ Tuning forks, Gongs ✓ Phoenix Import B2B wholesale ✓ Quick delivery ✓ Order ...","Supplier of Singing bowls and more ✓ Metal and Crystal singing bowls ✓ Tuning forks, Gongs ✓ Phoenix Import B2B wholesale ✓ Quick delivery ✓ Order ...",missing,missing,False,False,pending,,,,,not_eligible,False,2026-09-07T15:57:28.167233+00:00,2026-09-07T15:57:28.167233+00:00,2026-09-07T15:57:28.167233+00:00,True,False,Missing email address,,,,,,
7f69b15093f2,7f69b15093f2,Gopali Authentic Tibetan Singing Bowls & Sound Hea,Gopali Authentic Tibetan Singing Bowls & Sound Hea,,,,,,https://gopaliimports.com,United States,Wholesale Importer,himalayan-sound-healing-bowls,web_search,web_search,https://gopaliimports.com/,"Discover handcrafted Tibetan singing bowls from Nepal. Experience sound healing sessions, certifications, and wholesale access with Gopali Imports.","Discover handcrafted Tibetan singing bowls from Nepal. Experience sound healing sessions, certifications, and wholesale access with Gopali Imports.",missing,missing,False,False,pending,,,,,not_eligible,False,2026-09-07T15:57:28.167261+00:00,2026-09-07T15:57:28.167261+00:00,2026-09-07T15:57:28.167261+00:00,True,False,Missing email address,,,,,,
34a59e09eb9e,34a59e09eb9e,singing bowls for sound therapy for your store,singing bowls for sound therapy for your store,,,,,,https://faire.com,United States,Wholesale Importer,himalayan-sound-healing-bowls,web_search,web_search,https://www.faire.com/discover/singing-bowls-for-sound-therapy,Handmade Full Moon Singing Bowl Set – 7 Metal Tibetan Bowls from Nepal | Perfectly Tuned for Sound Healing & Meditation.,Handmade Full Moon Singing Bowl Set – 7 Metal Tibetan Bowls from Nepal | Perfectly Tuned for Sound Healing & Meditation.,missing,missing,False,False,pending,,,,,not_eligible,False,2026-09-07T15:57:28.167280+00:00,2026-09-07T15:57:28.167280+00:00,2026-09-07T15:57:28.167280+00:00,True,False,Missing email address,,,,,,
da9f589de788,da9f589de788,"62  ""Singing Bowls"" suppliers & manufacturers","62  ""Singing Bowls"" suppliers & manufacturers",,,,,,https://globalsources.com,United States,Wholesale Importer,himalayan-sound-healing-bowls,web_search,web_search,https://www.globalsources.com/china-suppliers/singing-bowls.htm,"62 wholesale ""Singing Bowls"" suppliers & manufacturers · Tibetan Singing Bowl Meditation Sound Bowl Handcrafted in Nepal for Yoga, Chakra Healing, Mindfulnes.","62 wholesale ""Singing Bowls"" suppliers & manufacturers · Tibetan Singing Bowl Meditation Sound Bowl Handcrafted in Nepal for Yoga, Chakra Healing, Mindfulnes.",missing,missing,False,False,pending,,,,,not_eligible,False,2026-09-07T15:57:28.167342+00:00,2026-09-07T15:57:28.167342+00:00,2026-09-07T15:57:28.167342+00:00,True,False,Missing email address,,,,,,
83c867fd53ef,83c867fd53ef,Singing Bowls:,Singing Bowls:,,,,,,https://newageincense.com,United States,Wholesale Importer,himalayan-sound-healing-bowls,web_search,web_search,https://newageincense.com/wholesale-singing-bowls,"We are importer, wholesaler, and distributor of Incense, Incense Burners, Altar Supplies, Pagan Supplies, Tapestries, Totes, Smudges & Herbs, Tibetan Products, ...","We are importer, wholesaler, and distributor of Incense, Incense Burners, Altar Supplies, Pagan Supplies, Tapestries, Totes, Smudges & Herbs, Tibetan Products, ...",missing,missing,False,False,pending,,,,,not_eligible,False,2026-09-07T15:57:28.167389+00:00,2026-09-07T15:57:28.167389+00:00,2026-09-07T15:57:28.167389+00:00,True,False,Missing email address,,,,,,
7c4af816e047,7c4af816e047,Tibetan Singing Bowls,Tibetan Singing Bowls,,,,,,https://bellsofbliss.com,United States,Wholesale Importer,himalayan-sound-healing-bowls,web_search,web_search,https://bellsofbliss.com/?srsltid=AfmBOoryvvbM3VZb5INiyPFVOwtJyyPuRO0kk1OTe67JWCj1faU8l5KI,Add some magic to your life with Tibetan singing bowl or a singing bowl set. Bells of Bliss offers a wide range of top-quality hand picked sound bowls.,Add some magic to your life with Tibetan singing bowl or a singing bowl set. Bells of Bliss offers a wide range of top-quality hand picked sound bowls.,missing,missing,False,False,pending,,,,,not_eligible,False,2026-09-07T15:57:28.168422+00:00,2026-09-07T15:57:28.168422+00:00,2026-09-07T15:57:28.168422+00:00,True,False,Missing email address,,,,,,
b87cdd6e214e,b87cdd6e214e,How to Import  Himalayan Singing Bowls from ...,How to Import  Himalayan Singing Bowls from ...,,,,business@besthimalaya.com,,https://besthimalaya.com,United States,Wholesale Importer,himalayan-sound-healing-bowls,web_search,web_search,https://besthimalaya.com/blogs/singing-bowl/how-to-import-wholesale-himalayan-singing-bowls-from-nepal-to-the-usa?srsltid=AfmBOoovMuCngt-ext83kU5Of8Y9rOyy9pRMscsBmK9cJmIO-GBW0eom,"Learn how to import authentic Tibetan singing bowls in bulk from Nepal to the USA. A complete guide for wellness brands, shops, ...","Learn how to import authentic Tibetan singing bowls in bulk from Nepal to the USA. A complete guide for wellness brands, shops, ...",valid,valid,True,True,needs_review,50,0.6,"The company website and snippet suggest a guide or information resource on importing singing bowls, not a direct B2B buyer.",medium,not_eligible,False,2026-09-07T15:58:37.243416+00:00,2026-09-07T15:58:37.243416+00:00,2026-09-07T15:58:37.243416+00:00,True,False,Syntax Valid,individual,,,,,
6090c2ec398d,6090c2ec398d,Soundtopia: Singing Bowls for Sale,Soundtopia: Singing Bowls for Sale,,,,,,https://soundtopia.com,United States,Wholesale Importer,himalayan-sound-healing-bowls,web_search,web_search,https://www.soundtopia.com/?srsltid=AfmBOopzew91JeLqAFV-2dP-L5nrgkQqe1XIfVNK0L5q9et6qvf0EEvA,"Shop the world's largest selection of singing bowls at Soundtopia — Himalayan & crystal bowls, gongs, and sound healing instruments, with audio for every ...","Shop the world's largest selection of singing bowls at Soundtopia — Himalayan & crystal bowls, gongs, and sound healing instruments, with audio for every ...",missing,missing,False,False,pending,,,,,not_eligible,False,2026-09-07T15:58:37.243496+00:00,2026-09-07T15:58:37.243496+00:00,2026-09-07T15:58:37.243496+00:00,True,False,Missing email address,,,,,,
c83f9c8adf51,c83f9c8adf51,How to find a supplier for singing bowls for sound,How to find a supplier for singing bowls for sound,,,,,,https://facebook.com,United States,Wholesale Importer,himalayan-sound-healing-bowls,web_search,web_search,https://www.facebook.com/groups/235814466274117/posts/572076925981201/,Have any of you gone the route of selling singing bowls along with your sound bath services? How did you find your supplier?,Have any of you gone the route of selling singing bowls along with your sound bath services? How did you find your supplier?,missing,missing,False,False,pending,,,,,not_eligible,False,2026-09-07T15:58:37.243540+00:00,2026-09-07T15:58:37.243540+00:00,2026-09-07T15:58:37.243540+00:00,True,False,Missing email address,,,,,,
5b4b14ed7eee,5b4b14ed7eee,Singing bowls,Singing bowls,,,,,,https://phoeniximport.com,United States,Wholesale Importer,himalayan-sound-healing-bowls,web_search,web_search,https://www.phoeniximport.com/en/collections/singing-bowls-and-more,"Supplier of Singing bowls and more ✓ Metal and Crystal singing bowls ✓ Tuning forks, Gongs ✓ Phoenix Import B2B wholesale ✓ Quick delivery ✓ Order ...","Supplier of Singing bowls and more ✓ Metal and Crystal singing bowls ✓ Tuning forks, Gongs ✓ Phoenix Import B2B wholesale ✓ Quick delivery ✓ Order ...",missing,missing,False,False,pending,,,,,not_eligible,False,2026-09-07T15:58:37.243573+00:00,2026-09-07T15:58:37.243573+00:00,2026-09-07T15:58:37.243573+00:00,True,False,Missing email address,,,,,,
da9f589de788,da9f589de788,"62  ""Singing Bowls"" suppliers & manufacturers","62  ""Singing Bowls"" suppliers & manufacturers",,,,,,https://globalsources.com,United States,Wholesale Importer,himalayan-sound-healing-bowls,web_search,web_search,https://www.globalsources.com/china-suppliers/singing-bowls.htm,"62 wholesale ""Singing Bowls"" suppliers & manufacturers · Tibetan Singing Bowl Meditation Sound Bowl Handcrafted in Nepal for Yoga, Chakra Healing, Mindfulnes.","62 wholesale ""Singing Bowls"" suppliers & manufacturers · Tibetan Singing Bowl Meditation Sound Bowl Handcrafted in Nepal for Yoga, Chakra Healing, Mindfulnes.",missing,missing,False,False,pending,,,,,not_eligible,False,2026-09-07T15:58:37.243602+00:00,2026-09-07T15:58:37.243602+00:00,2026-09-07T15:58:37.243602+00:00,True,False,Missing email address,,,,,,
34a59e09eb9e,34a59e09eb9e,singing bowls for sound therapy for your store,singing bowls for sound therapy for your store,,,,,,https://faire.com,United States,Wholesale Importer,himalayan-sound-healing-bowls,web_search,web_search,https://www.faire.com/discover/singing-bowls-for-sound-therapy,Handmade Full Moon Singing Bowl Set – 7 Metal Tibetan Bowls from Nepal | Perfectly Tuned for Sound Healing & Meditation.,Handmade Full Moon Singing Bowl Set – 7 Metal Tibetan Bowls from Nepal | Perfectly Tuned for Sound Healing & Meditation.,missing,missing,False,False,pending,,,,,not_eligible,False,2026-09-07T15:58:37.243629+00:00,2026-09-07T15:58:37.243629+00:00,2026-09-07T15:58:37.243629+00:00,True,False,Missing email address,,,,,,
83c867fd53ef,83c867fd53ef,Singing Bowls:,Singing Bowls:,,,,,,https://newageincense.com,United States,Wholesale Importer,himalayan-sound-healing-bowls,web_search,web_search,https://newageincense.com/wholesale-singing-bowls,"We are importer, wholesaler, and distributor of Incense, Incense Burners, Altar Supplies, Pagan Supplies, Tapestries, Totes, Smudges & Herbs, Tibetan Products, ...","We are importer, wholesaler, and distributor of Incense, Incense Burners, Altar Supplies, Pagan Supplies, Tapestries, Totes, Smudges & Herbs, Tibetan Products, ...",missing,missing,False,False,pending,,,,,not_eligible,False,2026-09-07T15:58:37.243654+00:00,2026-09-07T15:58:37.243654+00:00,2026-09-07T15:58:37.243654+00:00,True,False,Missing email address,,,,,,
7c4af816e047,7c4af816e047,Tibetan Singing Bowls,Tibetan Singing Bowls,,,,,,https://bellsofbliss.com,United States,Wholesale Importer,himalayan-sound-healing-bowls,web_search,web_search,https://bellsofbliss.com/?srsltid=AfmBOortH2I5QNBNoZeKErgXOK7NwzXNjGh8VVxFhvmVdeWyHFo8IZHs,Add some magic to your life with Tibetan singing bowl or a singing bowl set. Bells of Bliss offers a wide range of top-quality hand picked sound bowls.,Add some magic to your life with Tibetan singing bowl or a singing bowl set. Bells of Bliss offers a wide range of top-quality hand picked sound bowls.,missing,missing,False,False,pending,,,,,not_eligible,False,2026-09-07T15:58:37.243678+00:00,2026-09-07T15:58:37.243678+00:00,2026-09-07T15:58:37.243678+00:00,True,False,Missing email address,,,,,,
c14db34503a7,c14db34503a7,Himalayan Bowls,Himalayan Bowls,,,,support@himalayanbowls.com,,https://himalayanbowls.com,United States,Wholesale Importer,himalayan-sound-healing-bowls,web_search,web_search,https://www.himalayanbowls.com/,"Himalayan Bowls, the world's best handmade singing bowls. We record and photograph each bowl so you can pick exactly what speaks to you.","Himalayan Bowls, the world's best handmade singing bowls. We record and photograph each bowl so you can pick exactly what speaks to you.",valid,valid,True,True,needs_review,55,0.7,"Appears to be an existing retailer or producer of Himalayan singing bowls, making their fit as an importer for our product ambiguous or potentially competitive.",medium,not_eligible,False,2026-09-07T15:58:37.244078+00:00,2026-09-07T15:58:37.244078+00:00,2026-09-07T15:58:37.244078+00:00,True,False,Syntax Valid,individual,,,,,
c83f9c8adf51,c83f9c8adf51,How to find a supplier for singing bowls for sound,How to find a supplier for singing bowls for sound,,,,,,https://facebook.com,United States,Wholesale Importer,himalayan-sound-healing-bowls,web_search,web_search,https://www.facebook.com/groups/235814466274117/posts/572076925981201/,Have any of you gone the route of selling singing bowls along with your sound bath services? How did you find your supplier?,Have any of you gone the route of selling singing bowls along with your sound bath services? How did you find your supplier?,missing,missing,False,False,pending,,,,,not_eligible,False,2026-09-07T15:59:00.228904+00:00,2026-09-07T15:59:00.228904+00:00,2026-09-07T15:59:00.228904+00:00,True,False,Missing email address,,,,,,
5b4b14ed7eee,5b4b14ed7eee,Singing bowls,Singing bowls,,,,,,https://phoeniximport.com,United States,Wholesale Importer,himalayan-sound-healing-bowls,web_search,web_search,https://www.phoeniximport.com/en/collections/singing-bowls-and-more,"Import is one of Europe's largest singing bowls wholesaler, with a very wide range of metal singing bowls, crystal singing bowls, gongs, sound bars, singing ...","Import is one of Europe's largest singing bowls wholesaler, with a very wide range of metal singing bowls, crystal singing bowls, gongs, sound bars, singing ...",missing,missing,False,False,pending,,,,,not_eligible,False,2026-09-07T15:59:00.229034+00:00,2026-09-07T15:59:00.229034+00:00,2026-09-07T15:59:00.229034+00:00,True,False,Missing email address,,,,,,
6090c2ec398d,6090c2ec398d,Soundtopia: Singing Bowls for Sale,Soundtopia: Singing Bowls for Sale,,,,,1.800.494.1369,https://soundtopia.com,United States,Wholesale Importer,himalayan-sound-healing-bowls,web_search,web_search,https://www.soundtopia.com/?srsltid=AfmBOoqVJsglFSzQ_qzlxspV0529pHhEbu0SOf1yFEq0hCDmeNpuPcjK,"Toll Free USA & Canada 1.800.494.1369. We specialize in authentic Crystal and Himalayan Singing Bowls, gongs, and sound therapy instruments,","Toll Free USA & Canada 1.800.494.1369. We specialize in authentic Crystal and Himalayan Singing Bowls, gongs, and sound therapy instruments,",missing,missing,False,False,pending,,,,,not_eligible,False,2026-09-07T15:59:00.229197+00:00,2026-09-07T15:59:00.229197+00:00,2026-09-07T15:59:00.229197+00:00,True,False,Missing email address,,,,,,
b87cdd6e214e,b87cdd6e214e,How to Import  Himalayan Singing Bowls from ...,How to Import  Himalayan Singing Bowls from ...,,,,business@besthimalaya.com,+9779851249906,https://besthimalaya.com,United States,Wholesale Importer,himalayan-sound-healing-bowls,web_search,web_search,https://besthimalaya.com/blogs/singing-bowl/how-to-import-wholesale-himalayan-singing-bowls-from-nepal-to-the-usa?srsltid=AfmBOormLHyc19ZpsS0ORbTNCMmwV3RvtBFV5RfLx0UbWLw-jrZM5Y3S,Learn how to import authentic Tibetan singing bowls in bulk from Nepal to the USA. com ☎ +9779851249906. This guide will walk you through ...,Learn how to import authentic Tibetan singing bowls in bulk from Nepal to the USA. com ☎ +9779851249906. This guide will walk you through ...,valid,valid,True,True,needs_review,50,0.6,"The company website and snippet suggest a guide or information resource on importing singing bowls, not a direct B2B buyer.",medium,not_eligible,False,2026-09-07T15:59:00.229831+00:00,2026-09-07T15:59:00.229831+00:00,2026-09-07T15:59:00.229831+00:00,True,False,Syntax Valid,individual,,,,,
42bf73346000,42bf73346000,Singing bowls wholesaler,Singing bowls wholesaler,,,,,,https://singingbowlswholesaler.weebly.com,United States,Wholesale Importer,himalayan-sound-healing-bowls,web_search,web_search,https://singingbowlswholesaler.weebly.com/,"Himalayan Sound Healing Singing bowls. They focus on Himalayan imports, complete with certificates of authenticity. 2-3 times wholesale. A $20 ...","Himalayan Sound Healing Singing bowls. They focus on Himalayan imports, complete with certificates of authenticity. 2-3 times wholesale. A $20 ...",missing,missing,False,False,pending,,,,,not_eligible,False,2026-09-07T15:59:00.229895+00:00,2026-09-07T15:59:00.229895+00:00,2026-09-07T15:59:00.229895+00:00,True,False,Missing email address,,,,,,
b5478aee7423,b5478aee7423,Singing Bowl Wholesaler (@singingbowlwholesaler),Singing Bowl Wholesaler (@singingbowlwholesaler),,,,,,https://instagram.com,United States,Wholesale Importer,himalayan-sound-healing-bowls,web_search,web_search,https://www.instagram.com/singingbowlwholesaler/,"We are a genuine and authentic wholesaler based in Nepal , offering high-quality products with trusted international shipping partners worldwide.","We are a genuine and authentic wholesaler based in Nepal , offering high-quality products with trusted international shipping partners worldwide.",missing,missing,False,False,pending,,,,,not_eligible,False,2026-09-07T15:59:00.229940+00:00,2026-09-07T15:59:00.229940+00:00,2026-09-07T15:59:00.229940+00:00,True,False,Missing email address,,,,,,
34a59e09eb9e,34a59e09eb9e,singing bowls for sound therapy for your store,singing bowls for sound therapy for your store,,,,,,https://faire.com,United States,Wholesale Importer,himalayan-sound-healing-bowls,web_search,web_search,https://www.faire.com/discover/singing-bowls-for-sound-therapy,Handmade Full Moon Singing Bowl Set – 7 Metal Tibetan Bowls from Nepal | Perfectly Tuned for Sound Healing & Meditation.,Handmade Full Moon Singing Bowl Set – 7 Metal Tibetan Bowls from Nepal | Perfectly Tuned for Sound Healing & Meditation.,missing,missing,False,False,pending,,,,,not_eligible,False,2026-09-07T15:59:00.229974+00:00,2026-09-07T15:59:00.229974+00:00,2026-09-07T15:59:00.229974+00:00,True,False,Missing email address,,,,,,
7f69b15093f2,7f69b15093f2,Gopali Authentic Tibetan Singing Bowls & Sound Hea,Gopali Authentic Tibetan Singing Bowls & Sound Hea,,,,,,https://gopaliimports.com,United States,Wholesale Importer,himalayan-sound-healing-bowls,web_search,web_search,https://gopaliimports.com/,"Discover handcrafted Tibetan singing bowls from Nepal. Experience sound healing sessions, certifications, and wholesale access with Gopali Imports.","Discover handcrafted Tibetan singing bowls from Nepal. Experience sound healing sessions, certifications, and wholesale access with Gopali Imports.",missing,missing,False,False,pending,,,,,not_eligible,False,2026-09-07T15:59:00.230007+00:00,2026-09-07T15:59:00.230007+00:00,2026-09-07T15:59:00.230007+00:00,True,False,Missing email address,,,,,,
6090c2ec398d,6090c2ec398d,Soundtopia: Singing Bowls for Sale,Soundtopia: Singing Bowls for Sale,,,,,,https://soundtopia.com,United States,Wholesale Importer,himalayan-sound-healing-bowls,web_search,web_search,https://www.soundtopia.com/?srsltid=AfmBOoov_ItGJEu6qB4Iq3d-OLfpaFB05qSj0eAyYqgMQ-HkTNToYaha,"Shop the world's largest selection of singing bowls at Soundtopia — Himalayan & crystal bowls, gongs, and sound healing instruments, with audio for every ...","Shop the world's largest selection of singing bowls at Soundtopia — Himalayan & crystal bowls, gongs, and sound healing instruments, with audio for every ...",missing,missing,False,False,pending,,,,,not_eligible,False,2026-09-07T15:59:13.742617+00:00,2026-09-07T15:59:13.742617+00:00,2026-09-07T15:59:13.742617+00:00,True,False,Missing email address,,,,,,
c83f9c8adf51,c83f9c8adf51,How to find a supplier for singing bowls for sound,How to find a supplier for singing bowls for sound,,,,,,https://facebook.com,United States,Wholesale Importer,himalayan-sound-healing-bowls,web_search,web_search,https://www.facebook.com/groups/235814466274117/posts/572076925981201/,Have any of you gone the route of selling singing bowls along with your sound bath services? How did you find your supplier?,Have any of you gone the route of selling singing bowls along with your sound bath services? How did you find your supplier?,missing,missing,False,False,pending,,,,,not_eligible,False,2026-09-07T15:59:13.742715+00:00,2026-09-07T15:59:13.742715+00:00,2026-09-07T15:59:13.742715+00:00,True,False,Missing email address,,,,,,
5b4b14ed7eee,5b4b14ed7eee,Singing bowls,Singing bowls,,,,,,https://phoeniximport.com,United States,Wholesale Importer,himalayan-sound-healing-bowls,web_search,web_search,https://www.phoeniximport.com/en/collections/singing-bowls-and-more,"The sound wave of the High Ohm octave has a soothing and healing effect and can help restore the balance in the aura, which further benefits the physical body.","The sound wave of the High Ohm octave has a soothing and healing effect and can help restore the balance in the aura, which further benefits the physical body.",missing,missing,False,False,pending,,,,,not_eligible,False,2026-09-07T15:59:13.742746+00:00,2026-09-07T15:59:13.742746+00:00,2026-09-07T15:59:13.742746+00:00,True,False,Missing email address,,,,,,
7f69b15093f2,7f69b15093f2,Gopali Authentic Tibetan Singing Bowls & Sound Hea,Gopali Authentic Tibetan Singing Bowls & Sound Hea,,,,,,https://gopaliimports.com,United States,Wholesale Importer,himalayan-sound-healing-bowls,web_search,web_search,https://gopaliimports.com/,"Discover handcrafted Tibetan singing bowls from Nepal. Experience sound healing sessions, certifications, and wholesale access with Gopali Imports.","Discover handcrafted Tibetan singing bowls from Nepal. Experience sound healing sessions, certifications, and wholesale access with Gopali Imports.",missing,missing,False,False,pending,,,,,not_eligible,False,2026-09-07T15:59:13.742772+00:00,2026-09-07T15:59:13.742772+00:00,2026-09-07T15:59:13.742772+00:00,True,False,Missing email address,,,,,,
34a59e09eb9e,34a59e09eb9e,singing bowls for sound therapy for your store,singing bowls for sound therapy for your store,,,,,,https://faire.com,United States,Wholesale Importer,himalayan-sound-healing-bowls,web_search,web_search,https://www.faire.com/discover/singing-bowls-for-sound-therapy,Handmade Full Moon Singing Bowl Set – 7 Metal Tibetan Bowls from Nepal | Perfectly Tuned for Sound Healing & Meditation.,Handmade Full Moon Singing Bowl Set – 7 Metal Tibetan Bowls from Nepal | Perfectly Tuned for Sound Healing & Meditation.,missing,missing,False,False,pending,,,,,not_eligible,False,2026-09-07T15:59:13.742796+00:00,2026-09-07T15:59:13.742796+00:00,2026-09-07T15:59:13.742796+00:00,True,False,Missing email address,,,,,,
42bf73346000,42bf73346000,Singing bowls wholesaler,Singing bowls wholesaler,,,,,,https://singingbowlswholesaler.weebly.com,United States,Wholesale Importer,himalayan-sound-healing-bowls,web_search,web_search,https://singingbowlswholesaler.weebly.com/,Competitive Pricing Strategies in the US Sound Healing NicheMark up 2-3 times wholesale. A $20 bowl sells at $50-60 easy. Test markets for ...,Competitive Pricing Strategies in the US Sound Healing NicheMark up 2-3 times wholesale. A $20 bowl sells at $50-60 easy. Test markets for ...,missing,missing,False,False,pending,,,,,not_eligible,False,2026-09-07T15:59:13.742822+00:00,2026-09-07T15:59:13.742822+00:00,2026-09-07T15:59:13.742822+00:00,True,False,Missing email address,,,,,,
3751e742091a,3751e742091a,Calming Sound Bowl for Relaxation and Inner Harmon,Calming Sound Bowl for Relaxation and Inner Harmon,,,,,,https://etsy.com,United States,Wholesale Importer,himalayan-sound-healing-bowls,web_search,web_search,https://www.etsy.com/listing/797015392/handcrafted-tibetan-singing-bowl-singing,Handcrafted Himalayan Singing Bowl | Calming Sound Bowl for Relaxation and Inner Harmony | Ideal for Sound Healing and Meditation. HimalayasShop.,Handcrafted Himalayan Singing Bowl | Calming Sound Bowl for Relaxation and Inner Harmony | Ideal for Sound Healing and Meditation. HimalayasShop.,missing,missing,False,False,pending,,,,,not_eligible,False,2026-09-07T15:59:13.742844+00:00,2026-09-07T15:59:13.742844+00:00,2026-09-07T15:59:13.742844+00:00,False,False,Missing email address,,,,,,
6090c2ec398d,6090c2ec398d,Soundtopia: Singing Bowls for Sale,Soundtopia: Singing Bowls for Sale,,,,,,https://soundtopia.com,United States,Wholesale Importer,himalayan-sound-healing-bowls,web_search,web_search,https://www.soundtopia.com/?srsltid=AfmBOoofr4BI2zXf0TYcqZ20I6jupCdi862KGI26JUmiZrzOrzeqpZau,"Now: $9,979.98. We specialize in authentic Crystal and Himalayan Singing Bowls, gongs, and sound therapy instruments, become the largest US-based supplier of ...","Now: $9,979.98. We specialize in authentic Crystal and Himalayan Singing Bowls, gongs, and sound therapy instruments, become the largest US-based supplier of ...",missing,missing,False,False,pending,,,,,not_eligible,False,2026-09-07T15:59:31.934256+00:00,2026-09-07T15:59:31.934256+00:00,2026-09-07T15:59:31.934256+00:00,True,False,Missing email address,,,,,,
5b4b14ed7eee,5b4b14ed7eee,Singing bowls,Singing bowls,,,,,,https://phoeniximport.com,United States,Wholesale Importer,himalayan-sound-healing-bowls,web_search,web_search,https://www.phoeniximport.com/en/collections/singing-bowls-and-more,"Import is one of Europe's largest singing bowls wholesaler, with a very wide range of metal singing bowls, crystal singing bowls, gongs, sound bars, singing ...","Import is one of Europe's largest singing bowls wholesaler, with a very wide range of metal singing bowls, crystal singing bowls, gongs, sound bars, singing ...",missing,missing,False,False,pending,,,,,not_eligible,False,2026-09-07T15:59:31.934391+00:00,2026-09-07T15:59:31.934391+00:00,2026-09-07T15:59:31.934391+00:00,True,False,Missing email address,,,,,,
c83f9c8adf51,c83f9c8adf51,How to find a supplier for singing bowls for sound,How to find a supplier for singing bowls for sound,,,,,,https://facebook.com,United States,Wholesale Importer,himalayan-sound-healing-bowls,web_search,web_search,https://www.facebook.com/groups/235814466274117/posts/572076925981201/,Have any of you gone the route of selling singing bowls along with your sound bath services? How did you find your supplier?,Have any of you gone the route of selling singing bowls along with your sound bath services? How did you find your supplier?,missing,missing,False,False,pending,,,,,not_eligible,False,2026-09-07T15:59:31.934446+00:00,2026-09-07T15:59:31.934446+00:00,2026-09-07T15:59:31.934446+00:00,True,False,Missing email address,,,,,,
5f69239620c2,5f69239620c2,crystal singing bowl for your store,crystal singing bowl for your store,,,,,,https://faire.com,United States,Wholesale Importer,himalayan-sound-healing-bowls,web_search,web_search,https://www.faire.com/discover/crystal-singing-bowl,Explore wholesale crystal singing bowls and sound healing instruments. Discover crystal bowl sets and Tibetan singing bowls for your USA store today.,Explore wholesale crystal singing bowls and sound healing instruments. Discover crystal bowl sets and Tibetan singing bowls for your USA store today.,missing,missing,False,False,pending,,,,,not_eligible,False,2026-09-07T15:59:31.934540+00:00,2026-09-07T15:59:31.934540+00:00,2026-09-07T15:59:31.934540+00:00,True,False,Missing email address,,,,,,
13ac10a6e7b7,13ac10a6e7b7,Singing Bowls,Singing Bowls,,,,,,https://oceaniclink.com,United States,Wholesale Importer,himalayan-sound-healing-bowls,web_search,web_search,https://oceaniclink.com/product-category/meditation-tools/singing-bowls/,Oceanic Linkways has an assortment of singing bowls & more. Select best sellers for your shop to keep your clients happy with a well-stocked store!,Oceanic Linkways has an assortment of singing bowls & more. Select best sellers for your shop to keep your clients happy with a well-stocked store!,missing,missing,False,False,pending,,,,,not_eligible,False,2026-09-07T15:59:31.934584+00:00,2026-09-07T15:59:31.934584+00:00,2026-09-07T15:59:31.934584+00:00,True,False,Missing email address,,,,,,
b87cdd6e214e,b87cdd6e214e,How to Import  Himalayan Singing Bowls from ...,How to Import  Himalayan Singing Bowls from ...,,,,business@besthimalaya.com,,https://besthimalaya.com,United States,Wholesale Importer,himalayan-sound-healing-bowls,web_search,web_search,https://besthimalaya.com/blogs/singing-bowl/how-to-import-wholesale-himalayan-singing-bowls-from-nepal-to-the-usa?srsltid=AfmBOooegJUU0LiksdOJChCffF3Juf0g79WrvDjYSVL-QR1p8keyb6IV,"Learn how to import authentic Tibetan singing bowls in bulk from Nepal to the USA. A complete guide for wellness brands, shops, ...","Learn how to import authentic Tibetan singing bowls in bulk from Nepal to the USA. A complete guide for wellness brands, shops, ...",valid,valid,True,True,needs_review,50,0.6,"The company website and snippet suggest a guide or information resource on importing singing bowls, not a direct B2B buyer.",medium,not_eligible,False,2026-09-07T15:59:31.935217+00:00,2026-09-07T15:59:31.935217+00:00,2026-09-07T15:59:31.935217+00:00,True,False,Syntax Valid,individual,,,,,
83c867fd53ef,83c867fd53ef,Singing Bowls:,Singing Bowls:,,,,,,https://newageincense.com,United States,Wholesale Importer,himalayan-sound-healing-bowls,web_search,web_search,https://newageincense.com/wholesale-singing-bowls,"Himalayan bowls or suzu gongs) y Wholesale Minimum Order $100.00. Himalayan bowls or suzu gongs) We are importer, wholesaler, and distributor of Incense,","Himalayan bowls or suzu gongs) y Wholesale Minimum Order $100.00. Himalayan bowls or suzu gongs) We are importer, wholesaler, and distributor of Incense,",missing,missing,False,False,pending,,,,,not_eligible,False,2026-09-07T15:59:31.935268+00:00,2026-09-07T15:59:31.935268+00:00,2026-09-07T15:59:31.935268+00:00,True,False,Missing email address,,,,,,
b87cdd6e214e,b87cdd6e214e,How to Import  Himalayan Singing Bowls from ...,How to Import  Himalayan Singing Bowls from ...,,,,business@besthimalaya.com,,https://besthimalaya.com,United States,Wholesale Importer,himalayan-sound-healing-bowls,web_search,web_search,https://besthimalaya.com/blogs/singing-bowl/how-to-import-wholesale-himalayan-singing-bowls-from-nepal-to-the-usa?srsltid=AfmBOopvWftlIg7gqvS551yA1WnFP7cDzCYNZgom5d7h40SO7xq9KNdX,"Learn how to import authentic Tibetan singing bowls in bulk from Nepal to the USA. A complete guide for wellness brands, shops, ...","Learn how to import authentic Tibetan singing bowls in bulk from Nepal to the USA. A complete guide for wellness brands, shops, ...",valid,valid,True,True,needs_review,50,0.6,"The company website and snippet suggest a guide or information resource on importing singing bowls, not a direct B2B buyer.",medium,not_eligible,False,2026-09-07T15:59:58.416389+00:00,2026-09-07T15:59:58.416389+00:00,2026-09-07T15:59:58.416389+00:00,True,False,Syntax Valid,individual,,,,,
7f69b15093f2,7f69b15093f2,Gopali Authentic Tibetan Singing Bowls & Sound Hea,Gopali Authentic Tibetan Singing Bowls & Sound Hea,,,,,,https://gopaliimports.com,United States,Wholesale Importer,himalayan-sound-healing-bowls,web_search,web_search,https://gopaliimports.com/,"Discover handcrafted Tibetan singing bowls from Nepal. Experience sound healing sessions, certifications, and wholesale access with Gopali Imports.","Discover handcrafted Tibetan singing bowls from Nepal. Experience sound healing sessions, certifications, and wholesale access with Gopali Imports.",missing,missing,False,False,pending,,,,,not_eligible,False,2026-09-07T15:59:58.416448+00:00,2026-09-07T15:59:58.416448+00:00,2026-09-07T15:59:58.416448+00:00,True,False,Missing email address,,,,,,
c83f9c8adf51,c83f9c8adf51,How to find a supplier for singing bowls for sound,How to find a supplier for singing bowls for sound,,,,,,https://facebook.com,United States,Wholesale Importer,himalayan-sound-healing-bowls,web_search,web_search,https://www.facebook.com/groups/235814466274117/posts/572076925981201/,Have any of you gone the route of selling singing bowls along with your sound bath services? How did you find your supplier?,Have any of you gone the route of selling singing bowls along with your sound bath services? How did you find your supplier?,missing,missing,False,False,pending,,,,,not_eligible,False,2026-09-07T15:59:58.416482+00:00,2026-09-07T15:59:58.416482+00:00,2026-09-07T15:59:58.416482+00:00,True,False,Missing email address,,,,,,
6090c2ec398d,6090c2ec398d,Soundtopia: Singing Bowls for Sale,Soundtopia: Singing Bowls for Sale,,,,,,https://soundtopia.com,United States,Wholesale Importer,himalayan-sound-healing-bowls,web_search,web_search,https://www.soundtopia.com/?srsltid=AfmBOopK4fJwSX6uuzHpgDKB5NV3_lGBO3zn7ucgYFT9qU5WcCiFoS0V,"Shop the world's largest selection of singing bowls at Soundtopia — Himalayan & crystal bowls, gongs, and sound healing instruments, with audio for every ...","Shop the world's largest selection of singing bowls at Soundtopia — Himalayan & crystal bowls, gongs, and sound healing instruments, with audio for every ...",missing,missing,False,False,pending,,,,,not_eligible,False,2026-09-07T15:59:58.416549+00:00,2026-09-07T15:59:58.416549+00:00,2026-09-07T15:59:58.416549+00:00,True,False,Missing email address,,,,,,
5b4b14ed7eee,5b4b14ed7eee,Singing bowls,Singing bowls,,,,,,https://phoeniximport.com,United States,Wholesale Importer,himalayan-sound-healing-bowls,web_search,web_search,https://www.phoeniximport.com/en/collections/singing-bowls-and-more,"The sound wave of the High Ohm octave has a soothing and healing effect and can help restore the balance in the aura, which further benefits the physical body.","The sound wave of the High Ohm octave has a soothing and healing effect and can help restore the balance in the aura, which further benefits the physical body.",missing,missing,False,False,pending,,,,,not_eligible,False,2026-09-07T15:59:58.416576+00:00,2026-09-07T15:59:58.416576+00:00,2026-09-07T15:59:58.416576+00:00,True,False,Missing email address,,,,,,
34a59e09eb9e,34a59e09eb9e,singing bowls for sound therapy for your store,singing bowls for sound therapy for your store,,,,,,https://faire.com,United States,Wholesale Importer,himalayan-sound-healing-bowls,web_search,web_search,https://www.faire.com/discover/singing-bowls-for-sound-therapy,Handmade Full Moon Singing Bowl Set – 7 Metal Tibetan Bowls from Nepal | Perfectly Tuned for Sound Healing & Meditation.,Handmade Full Moon Singing Bowl Set – 7 Metal Tibetan Bowls from Nepal | Perfectly Tuned for Sound Healing & Meditation.,missing,missing,False,False,pending,,,,,not_eligible,False,2026-09-07T15:59:58.416603+00:00,2026-09-07T15:59:58.416603+00:00,2026-09-07T15:59:58.416603+00:00,True,False,Missing email address,,,,,,
6f099ec7eb78,6f099ec7eb78,Your Guide to Quality Sourcing and Sales,Your Guide to Quality Sourcing and Sales,,,,,,https://singingbowlswholesaler.weebly.com,United States,Wholesale Importer,himalayan-sound-healing-bowls,web_search,web_search,https://singingbowlswholesaler.weebly.com/home/singing-bowls-wholesaler-in-usa-your-guide-to-quality-sourcing-and-sales,Competitive Pricing Strategies in the US Sound Healing NicheMark up 2-3 times wholesale. A $20 bowl sells at $50-60 easy. Test markets for ...,Competitive Pricing Strategies in the US Sound Healing NicheMark up 2-3 times wholesale. A $20 bowl sells at $50-60 easy. Test markets for ...,missing,missing,False,False,pending,,,,,not_eligible,False,2026-09-07T15:59:58.416628+00:00,2026-09-07T15:59:58.416628+00:00,2026-09-07T15:59:58.416628+00:00,False,False,Missing email address,,,,,,
9d1a15703bff,9d1a15703bff,Tibetan Singing Bowls in USA -,Tibetan Singing Bowls in USA -,,,,,,https://indiancraftcentre.com,United States,Wholesale Importer,himalayan-sound-healing-bowls,web_search,web_search,https://www.indiancraftcentre.com/blog/wholesale-tibetan-singing-bowls-in-usa/?srsltid=AfmBOoop6p0XoH85Rb6PoXjiYNhzgXUcGo16Zb7LnoqdRQ9ttBLhp6gA,We offer a collection of handcrafted Tibetan and Himalayan singing bowls made by skilled Indian artisans using traditional craftsmanship.,We offer a collection of handcrafted Tibetan and Himalayan singing bowls made by skilled Indian artisans using traditional craftsmanship.,missing,missing,False,False,pending,,,,,not_eligible,False,2026-09-07T15:59:58.416652+00:00,2026-09-07T15:59:58.416652+00:00,2026-09-07T15:59:58.416652+00:00,False,False,Missing email address,,,,,,
2ab56a6c7755,2ab56a6c7755,About Us,About Us,,,,,,https://singingbowlsspecialist.com,United States,Wholesale Importer,himalayan-sound-healing-bowls,web_search,web_search,https://www.singingbowlsspecialist.com/about.html,"Every bowl crafted by our artisans carries a story of devotion, skilled artistry, and spiritual resonance. We take pride in keeping ancient Himalayan and ...","Every bowl crafted by our artisans carries a story of devotion, skilled artistry, and spiritual resonance. We take pride in keeping ancient Himalayan and ...",missing,missing,False,False,pending,,,,,not_eligible,False,2026-09-07T15:59:58.416675+00:00,2026-09-07T15:59:58.416675+00:00,2026-09-07T15:59:58.416675+00:00,False,False,Missing email address,,,,,,
6090c2ec398d,6090c2ec398d,Soundtopia: Singing Bowls for Sale,Soundtopia: Singing Bowls for Sale,,,,,,https://soundtopia.com,United States,Wholesale Importer,himalayan-sound-healing-bowls,web_search,web_search,https://www.soundtopia.com/?srsltid=AfmBOoqvOcslJxCG5dqj81JndqEkrKve0DThQF-kPKOcJNGqhdKscLUT,"Now: $9,979.98. We specialize in authentic Crystal and Himalayan Singing Bowls, gongs, and sound therapy instruments,","Now: $9,979.98. We specialize in authentic Crystal and Himalayan Singing Bowls, gongs, and sound therapy instruments,",missing,missing,False,False,pending,,,,,not_eligible,False,2026-09-07T16:02:05.059420+00:00,2026-09-07T16:02:05.059420+00:00,2026-09-07T16:02:05.059420+00:00,True,False,Missing email address,,,,,,
c83f9c8adf51,c83f9c8adf51,How to find a supplier for singing bowls for sound,How to find a supplier for singing bowls for sound,,,,,,https://facebook.com,United States,Wholesale Importer,himalayan-sound-healing-bowls,web_search,web_search,https://www.facebook.com/groups/235814466274117/posts/572076925981201/,Have any of you gone the route of selling singing bowls along with your sound bath services? How did you find your supplier?,Have any of you gone the route of selling singing bowls along with your sound bath services? How did you find your supplier?,missing,missing,False,False,pending,,,,,not_eligible,False,2026-09-07T16:02:05.059485+00:00,2026-09-07T16:02:05.059485+00:00,2026-09-07T16:02:05.059485+00:00,True,False,Missing email address,,,,,,
b87cdd6e214e,b87cdd6e214e,How to Import  Himalayan Singing Bowls from ...,How to Import  Himalayan Singing Bowls from ...,,,,business@besthimalaya.com,,https://besthimalaya.com,United States,Wholesale Importer,himalayan-sound-healing-bowls,web_search,web_search,https://besthimalaya.com/blogs/singing-bowl/how-to-import-wholesale-himalayan-singing-bowls-from-nepal-to-the-usa?srsltid=AfmBOoqZf_s6rBgV42HOZ-DUlT306ArenWntohOGYMrGtbOhrde_TzK_,"Learn how to import authentic Tibetan singing bowls in bulk from Nepal to the USA. A complete guide for wellness brands, shops, ...","Learn how to import authentic Tibetan singing bowls in bulk from Nepal to the USA. A complete guide for wellness brands, shops, ...",valid,valid,True,True,needs_review,50,0.6,"The company website and snippet suggest a guide or information resource on importing singing bowls, not a direct B2B buyer.",medium,not_eligible,False,2026-09-07T16:02:05.059955+00:00,2026-09-07T16:02:05.059955+00:00,2026-09-07T16:02:05.059955+00:00,True,False,Syntax Valid,individual,,,,,
5b4b14ed7eee,5b4b14ed7eee,Singing bowls,Singing bowls,,,,,,https://phoeniximport.com,United States,Wholesale Importer,himalayan-sound-healing-bowls,web_search,web_search,https://www.phoeniximport.com/en/collections/singing-bowls-and-more,"The sound wave of the High Ohm octave has a soothing and healing effect and can help restore the balance in the aura, which further benefits the physical body.","The sound wave of the High Ohm octave has a soothing and healing effect and can help restore the balance in the aura, which further benefits the physical body.",missing,missing,False,False,pending,,,,,not_eligible,False,2026-09-07T16:02:05.059994+00:00,2026-09-07T16:02:05.059994+00:00,2026-09-07T16:02:05.059994+00:00,True,False,Missing email address,,,,,,
34a59e09eb9e,34a59e09eb9e,singing bowls for sound therapy for your store,singing bowls for sound therapy for your store,,,,,,https://faire.com,United States,Wholesale Importer,himalayan-sound-healing-bowls,web_search,web_search,https://www.faire.com/discover/singing-bowls-for-sound-therapy,Handmade Full Moon Singing Bowl Set – 7 Metal Tibetan Bowls from Nepal | Perfectly Tuned for Sound Healing & Meditation.,Handmade Full Moon Singing Bowl Set – 7 Metal Tibetan Bowls from Nepal | Perfectly Tuned for Sound Healing & Meditation.,missing,missing,False,False,pending,,,,,not_eligible,False,2026-09-07T16:02:05.060055+00:00,2026-09-07T16:02:05.060055+00:00,2026-09-07T16:02:05.060055+00:00,True,False,Missing email address,,,,,,
93e56ab57e32,93e56ab57e32,Himalayas Shop: Singing Bowl Shop for Healing & Me,Himalayas Shop: Singing Bowl Shop for Healing & Me,,,,,,https://himalayasshop.com,United States,Wholesale Importer,himalayan-sound-healing-bowls,web_search,web_search,https://www.himalayasshop.com/,"wide selection of authentic singing bowls, handcrafted in Nepal and India. 4 sizes, 4-11 inches Best for: Self-healing, sound healers, gifting From $75.00","wide selection of authentic singing bowls, handcrafted in Nepal and India. 4 sizes, 4-11 inches Best for: Self-healing, sound healers, gifting From $75.00",missing,missing,False,False,pending,,,,,not_eligible,False,2026-09-07T16:02:05.060086+00:00,2026-09-07T16:02:05.060086+00:00,2026-09-07T16:02:05.060086+00:00,True,False,Missing email address,,,,,,
c14db34503a7,c14db34503a7,Himalayan Bowls,Himalayan Bowls,,,,support@himalayanbowls.com,,https://himalayanbowls.com,United States,Wholesale Importer,himalayan-sound-healing-bowls,web_search,web_search,https://www.himalayanbowls.com/,"Himalayan Bowls, the world's best handmade singing bowls. We record and photograph each bowl so you can pick exactly what speaks to you.","Himalayan Bowls, the world's best handmade singing bowls. We record and photograph each bowl so you can pick exactly what speaks to you.",valid,valid,True,True,needs_review,55,0.7,"Appears to be an existing retailer or producer of Himalayan singing bowls, making their fit as an importer for our product ambiguous or potentially competitive.",medium,not_eligible,False,2026-09-07T16:02:05.060420+00:00,2026-09-07T16:02:05.060420+00:00,2026-09-07T16:02:05.060420+00:00,True,False,Syntax Valid,individual,,,,,
b87cdd6e214e,b87cdd6e214e,How to Import  Himalayan Singing Bowls from ...,How to Import  Himalayan Singing Bowls from ...,,,,business@besthimalaya.com,,https://besthimalaya.com,United States,Wholesale Importer,himalayan-sound-healing-bowls,web_search,web_search,https://besthimalaya.com/blogs/singing-bowl/how-to-import-wholesale-himalayan-singing-bowls-from-nepal-to-the-usa?srsltid=AfmBOopbCQm_iohteRdWSXhRleZeapMyPQ4hWyTNavaO3oFjx61fLLhh,"Learn how to import authentic Tibetan singing bowls in bulk from Nepal to the USA. A complete guide for wellness brands, shops, ...","Learn how to import authentic Tibetan singing bowls in bulk from Nepal to the USA. A complete guide for wellness brands, shops, ...",valid,valid,True,True,needs_review,50,0.6,"The company website and snippet suggest a guide or information resource on importing singing bowls, not a direct B2B buyer.",medium,not_eligible,False,2026-09-07T16:02:19.370971+00:00,2026-09-07T16:02:19.370971+00:00,2026-09-07T16:02:19.370971+00:00,True,False,Syntax Valid,individual,,,,,
c83f9c8adf51,c83f9c8adf51,How to find a supplier for singing bowls for sound,How to find a supplier for singing bowls for sound,,,,,,https://facebook.com,United States,Wholesale Importer,himalayan-sound-healing-bowls,web_search,web_search,https://www.facebook.com/groups/235814466274117/posts/572076925981201/,Have any of you gone the route of selling singing bowls along with your sound bath services? How did you find your supplier?,Have any of you gone the route of selling singing bowls along with your sound bath services? How did you find your supplier?,missing,missing,False,False,pending,,,,,not_eligible,False,2026-09-07T16:02:19.371022+00:00,2026-09-07T16:02:19.371022+00:00,2026-09-07T16:02:19.371022+00:00,True,False,Missing email address,,,,,,
5b4b14ed7eee,5b4b14ed7eee,Singing bowls,Singing bowls,,,,,,https://phoeniximport.com,United States,Wholesale Importer,himalayan-sound-healing-bowls,web_search,web_search,https://www.phoeniximport.com/en/collections/singing-bowls-and-more,"Import is one of Europe's largest singing bowls wholesaler, with a very wide range of metal singing bowls, crystal singing bowls, gongs, sound bars,","Import is one of Europe's largest singing bowls wholesaler, with a very wide range of metal singing bowls, crystal singing bowls, gongs, sound bars,",missing,missing,False,False,pending,,,,,not_eligible,False,2026-09-07T16:02:19.371044+00:00,2026-09-07T16:02:19.371044+00:00,2026-09-07T16:02:19.371044+00:00,True,False,Missing email address,,,,,,
6090c2ec398d,6090c2ec398d,Soundtopia: Singing Bowls for Sale,Soundtopia: Singing Bowls for Sale,,,,,,https://soundtopia.com,United States,Wholesale Importer,himalayan-sound-healing-bowls,web_search,web_search,https://www.soundtopia.com/?srsltid=AfmBOorbxbppj7YvbvdaOt2RN20pit69GfalbQ9lmuEgaDJ1670SztgG,"Now: $9,979.98. We specialize in authentic Crystal and Himalayan Singing Bowls, gongs, and sound therapy instruments,","Now: $9,979.98. We specialize in authentic Crystal and Himalayan Singing Bowls, gongs, and sound therapy instruments,",missing,missing,False,False,pending,,,,,not_eligible,False,2026-09-07T16:02:19.371061+00:00,2026-09-07T16:02:19.371061+00:00,2026-09-07T16:02:19.371061+00:00,True,False,Missing email address,,,,,,
da9f589de788,da9f589de788,"62  ""Singing Bowls"" suppliers & manufacturers","62  ""Singing Bowls"" suppliers & manufacturers",,,,,,https://globalsources.com,United States,Wholesale Importer,himalayan-sound-healing-bowls,web_search,web_search,https://www.globalsources.com/china-suppliers/singing-bowls.htm,"62 wholesale ""Singing Bowls"" suppliers & manufacturers · Tibetan Singing Bowl Meditation Sound Bowl Handcrafted in Nepal for Yoga, Chakra Healing, Mindfulnes.","62 wholesale ""Singing Bowls"" suppliers & manufacturers · Tibetan Singing Bowl Meditation Sound Bowl Handcrafted in Nepal for Yoga, Chakra Healing, Mindfulnes.",missing,missing,False,False,pending,,,,,not_eligible,False,2026-09-07T16:02:19.371077+00:00,2026-09-07T16:02:19.371077+00:00,2026-09-07T16:02:19.371077+00:00,True,False,Missing email address,,,,,,
34a59e09eb9e,34a59e09eb9e,singing bowls for sound therapy for your store,singing bowls for sound therapy for your store,,,,,,https://faire.com,United States,Wholesale Importer,himalayan-sound-healing-bowls,web_search,web_search,https://www.faire.com/discover/singing-bowls-for-sound-therapy,Handmade Full Moon Singing Bowl Set – 7 Metal Tibetan Bowls from Nepal | Perfectly Tuned for Sound Healing & Meditation.,Handmade Full Moon Singing Bowl Set – 7 Metal Tibetan Bowls from Nepal | Perfectly Tuned for Sound Healing & Meditation.,missing,missing,False,False,pending,,,,,not_eligible,False,2026-09-07T16:02:19.371094+00:00,2026-09-07T16:02:19.371094+00:00,2026-09-07T16:02:19.371094+00:00,True,False,Missing email address,,,,,,
83c867fd53ef,83c867fd53ef,Singing Bowls:,Singing Bowls:,,,,,,https://newageincense.com,United States,Wholesale Importer,himalayan-sound-healing-bowls,web_search,web_search,https://newageincense.com/wholesale-singing-bowls,"Himalayan bowls or suzu gongs) Minimum Order $100.00. Himalayan bowls or suzu gongs) We are importer, wholesaler, and distributor of Incense,","Himalayan bowls or suzu gongs) Minimum Order $100.00. Himalayan bowls or suzu gongs) We are importer, wholesaler, and distributor of Incense,",missing,missing,False,False,pending,,,,,not_eligible,False,2026-09-07T16:02:19.371109+00:00,2026-09-07T16:02:19.371109+00:00,2026-09-07T16:02:19.371109+00:00,True,False,Missing email address,,,,,,
7c4af816e047,7c4af816e047,Tibetan Singing Bowls,Tibetan Singing Bowls,,,,,,https://bellsofbliss.com,United States,Wholesale Importer,himalayan-sound-healing-bowls,web_search,web_search,https://bellsofbliss.com/?srsltid=AfmBOorAZDxLWbwrWW7onQS9mMy8yjE2ge1lpemTxq1fr4kvnTNVV9W-,Bells of Bliss offers a wide range of top-quality hand picked sound bowls. FREE SHIPPING WITHIN USA. FOR MEDITATION AND HEALING. Authentic Himalayan Singing ...,Bells of Bliss offers a wide range of top-quality hand picked sound bowls. FREE SHIPPING WITHIN USA. FOR MEDITATION AND HEALING. Authentic Himalayan Singing ...,missing,missing,False,False,pending,,,,,not_eligible,False,2026-09-07T16:02:19.371123+00:00,2026-09-07T16:02:19.371123+00:00,2026-09-07T16:02:19.371123+00:00,True,False,Missing email address,,,,,,
c14db34503a7,c14db34503a7,Himalayan Bowls,Himalayan Bowls,,,,support@himalayanbowls.com,,https://himalayanbowls.com,United States,Wholesale Importer,himalayan-sound-healing-bowls,web_search,web_search,https://www.himalayanbowls.com/,"Himalayan Bowls, the world's best handmade singing bowls. We record and photograph each bowl so you can pick exactly what speaks to you.","Himalayan Bowls, the world's best handmade singing bowls. We record and photograph each bowl so you can pick exactly what speaks to you.",valid,valid,True,True,needs_review,55,0.7,"Appears to be an existing retailer or producer of Himalayan singing bowls, making their fit as an importer for our product ambiguous or potentially competitive.",medium,not_eligible,False,2026-09-07T16:02:19.371371+00:00,2026-09-07T16:02:19.371371+00:00,2026-09-07T16:02:19.371371+00:00,True,False,Syntax Valid,individual,,,,,
6090c2ec398d,6090c2ec398d,Soundtopia: Singing Bowls for Sale,Soundtopia: Singing Bowls for Sale,,,,,,https://soundtopia.com,United States,Wholesale Importer,himalayan-sound-healing-bowls,web_search,web_search,https://www.soundtopia.com/?srsltid=AfmBOormW8eUU39ozdw-1-dNa8ZXffrOpUTMK9lCxqXD8C-jZNXU9hBO,"We specialize in authentic Crystal and Himalayan Singing Bowls, gongs, and sound therapy instruments,","We specialize in authentic Crystal and Himalayan Singing Bowls, gongs, and sound therapy instruments,",missing,missing,False,False,pending,,,,,not_eligible,False,2026-09-07T16:25:52.725832+00:00,2026-09-07T16:25:52.725832+00:00,2026-09-07T16:25:52.725832+00:00,True,False,Missing email address,,,,,,
c83f9c8adf51,c83f9c8adf51,How to find a supplier for singing bowls for sound,How to find a supplier for singing bowls for sound,,,,,,https://facebook.com,United States,Wholesale Importer,himalayan-sound-healing-bowls,web_search,web_search,https://www.facebook.com/groups/235814466274117/posts/572076925981201/,Have any of you gone the route of selling singing bowls along with your sound bath services? How did you find your supplier?,Have any of you gone the route of selling singing bowls along with your sound bath services? How did you find your supplier?,missing,missing,False,False,pending,,,,,not_eligible,False,2026-09-07T16:25:52.725922+00:00,2026-09-07T16:25:52.725922+00:00,2026-09-07T16:25:52.725922+00:00,True,False,Missing email address,,,,,,
5b4b14ed7eee,5b4b14ed7eee,Singing bowls,Singing bowls,,,,,,https://phoeniximport.com,United States,Wholesale Importer,himalayan-sound-healing-bowls,web_search,web_search,https://www.phoeniximport.com/en/collections/singing-bowls-and-more,"Mani Bhadra BV - Phoenix Import is one of Europe's largest singing bowls wholesaler, with a very wide range of metal singing bowls, crystal singing bowls, gongs ...","Mani Bhadra BV - Phoenix Import is one of Europe's largest singing bowls wholesaler, with a very wide range of metal singing bowls, crystal singing bowls, gongs ...",missing,missing,False,False,pending,,,,,not_eligible,False,2026-09-07T16:25:52.725964+00:00,2026-09-07T16:25:52.725964+00:00,2026-09-07T16:25:52.725964+00:00,True,False,Missing email address,,,,,,
b87cdd6e214e,b87cdd6e214e,How to Import  Himalayan Singing Bowls from ...,How to Import  Himalayan Singing Bowls from ...,,,,business@besthimalaya.com,,https://besthimalaya.com,United States,Wholesale Importer,himalayan-sound-healing-bowls,web_search,web_search,https://besthimalaya.com/blogs/singing-bowl/how-to-import-wholesale-himalayan-singing-bowls-from-nepal-to-the-usa?srsltid=AfmBOooxvNIZmzOtxxq-PN7CzuE530FHTSCNOpyB4nxYHh64uomYugeo,"Learn how to import authentic Tibetan singing bowls in bulk from Nepal to the USA. for meditation, therapy, and holistic healing practices.","Learn how to import authentic Tibetan singing bowls in bulk from Nepal to the USA. for meditation, therapy, and holistic healing practices.",valid,valid,True,True,needs_review,50,0.6,"The company website and snippet suggest a guide or information resource on importing singing bowls, not a direct B2B buyer.",medium,not_eligible,False,2026-09-07T16:25:52.730842+00:00,2026-09-07T16:25:52.730842+00:00,2026-09-07T16:25:52.730842+00:00,True,False,Syntax Valid,individual,,,,,
987eccb29962,987eccb29962,Singing Bowls,Singing Bowls,,,,info@dharmashop.com,800-886-5551,https://dharmashop.com,United States,Wholesale Importer,himalayan-sound-healing-bowls,web_search,web_search,https://www.dharmashop.com/collections/wholesale-singing-bowls?srsltid=AfmBOort_m0jaX2lf_8pwEhMabxaBTToITJTOP6-Yy51kXuR-4whAy0k,Singing Bowl Set of 3 $ 437.00. Tibetan Healing Prayer ・ s Wholesale Singing Bowls. Contact us or order by phone at 800-886-5551 Email: info@dharmashop.com ・ ...,Singing Bowl Set of 3 $ 437.00. Tibetan Healing Prayer ・ s Wholesale Singing Bowls. Contact us or order by phone at 800-886-5551 Email: info@dharmashop.com ・ ...,valid,valid,True,True,qualified,90,1.0,"Directly sells singing bowls and explicitly mentions wholesale, indicating a strong commercial interest in sourcing.",high,eligible,False,2026-09-07T16:25:52.731279+00:00,2026-09-07T16:25:52.731279+00:00,2026-09-07T16:25:52.731279+00:00,True,False,Syntax Valid,business,,,,,
4bff98175bf5,4bff98175bf5,Himalayan Bowls,Himalayan Bowls,,,,,,https://himalayanbowls.com,United States,Wholesale Importer,himalayan-sound-healing-bowls,web_search,web_search,https://www.himalayanbowls.com/,"Himalayan Bowls, the world's best handmade singing bowls. We record and photograph each bowl so you can pick exactly what speaks to you.","Himalayan Bowls, the world's best handmade singing bowls. We record and photograph each bowl so you can pick exactly what speaks to you.",missing,missing,False,False,pending,,,,,not_eligible,False,2026-09-07T16:25:52.731329+00:00,2026-09-07T16:25:52.731329+00:00,2026-09-07T16:25:52.731329+00:00,True,False,Missing email address,,,,,,
93e56ab57e32,93e56ab57e32,Himalayas Shop: Singing Bowl Shop for Healing & Me,Himalayas Shop: Singing Bowl Shop for Healing & Me,,,,,,https://himalayasshop.com,United States,Wholesale Importer,himalayan-sound-healing-bowls,web_search,web_search,https://www.himalayasshop.com/,"Discover our wide selection of authentic singing bowls, handcrafted by skilled artisans in Nepal and India. Our singing bowls come in various sizes and ...","Discover our wide selection of authentic singing bowls, handcrafted by skilled artisans in Nepal and India. Our singing bowls come in various sizes and ...",missing,missing,False,False,pending,,,,,not_eligible,False,2026-09-07T16:25:52.731357+00:00,2026-09-07T16:25:52.731357+00:00,2026-09-07T16:25:52.731357+00:00,True,False,Missing email address,,,,,,
6090c2ec398d,6090c2ec398d,Soundtopia: Singing Bowls for Sale,Soundtopia: Singing Bowls for Sale,,,,,,https://soundtopia.com,United States,Wholesale Importer,himalayan-sound-healing-bowls,web_search,web_search,https://www.soundtopia.com/?srsltid=AfmBOoob0Swh5M7y0vBQhiyrRM_wMIBh1cWMzOtajbRu-VPiyKoOwcXv,"We specialize in authentic Crystal and Himalayan Singing Bowls, gongs, and sound therapy instruments,","We specialize in authentic Crystal and Himalayan Singing Bowls, gongs, and sound therapy instruments,",missing,missing,False,False,pending,,,,,not_eligible,False,2026-09-07T16:31:50.538363+00:00,2026-09-07T16:31:50.538363+00:00,2026-09-07T16:31:50.538363+00:00,True,False,Missing email address,,,,,,
c83f9c8adf51,c83f9c8adf51,How to find a supplier for singing bowls for sound,How to find a supplier for singing bowls for sound,,,,,,https://facebook.com,United States,Wholesale Importer,himalayan-sound-healing-bowls,web_search,web_search,https://www.facebook.com/groups/235814466274117/posts/572076925981201/,Have any of you gone the route of selling singing bowls along with your sound bath services? How did you find your supplier?,Have any of you gone the route of selling singing bowls along with your sound bath services? How did you find your supplier?,missing,missing,False,False,pending,,,,,not_eligible,False,2026-09-07T16:31:50.538418+00:00,2026-09-07T16:31:50.538418+00:00,2026-09-07T16:31:50.538418+00:00,True,False,Missing email address,,,,,,
5b4b14ed7eee,5b4b14ed7eee,Singing bowls,Singing bowls,,,,,,https://phoeniximport.com,United States,Wholesale Importer,himalayan-sound-healing-bowls,web_search,web_search,https://www.phoeniximport.com/en/collections/singing-bowls-and-more,"Mani Bhadra BV - Phoenix Import is one of Europe's largest singing bowls wholesaler, with a very wide range of metal singing bowls, crystal singing bowls, gongs ...","Mani Bhadra BV - Phoenix Import is one of Europe's largest singing bowls wholesaler, with a very wide range of metal singing bowls, crystal singing bowls, gongs ...",missing,missing,False,False,pending,,,,,not_eligible,False,2026-09-07T16:31:50.538438+00:00,2026-09-07T16:31:50.538438+00:00,2026-09-07T16:31:50.538438+00:00,True,False,Missing email address,,,,,,
b87cdd6e214e,b87cdd6e214e,How to Import  Himalayan Singing Bowls from ...,How to Import  Himalayan Singing Bowls from ...,,,,business@besthimalaya.com,,https://besthimalaya.com,United States,Wholesale Importer,himalayan-sound-healing-bowls,web_search,web_search,https://besthimalaya.com/blogs/singing-bowl/how-to-import-wholesale-himalayan-singing-bowls-from-nepal-to-the-usa?srsltid=AfmBOopoZsxEIS7l4_eF4lvcqQz12UIIjrEDcCcsGYa_LzoaFYBqV7X4,"Learn how to import authentic Tibetan singing bowls in bulk from Nepal to the USA. for meditation, therapy, and holistic healing practices.","Learn how to import authentic Tibetan singing bowls in bulk from Nepal to the USA. for meditation, therapy, and holistic healing practices.",valid,valid,True,True,needs_review,50,0.6,"The company website and snippet suggest a guide or information resource on importing singing bowls, not a direct B2B buyer.",medium,not_eligible,False,2026-09-07T16:31:50.538962+00:00,2026-09-07T16:31:50.538962+00:00,2026-09-07T16:31:50.538962+00:00,True,False,Syntax Valid,individual,,,,,
987eccb29962,987eccb29962,Singing Bowls,Singing Bowls,,,,info@dharmashop.com,800-886-5551,https://dharmashop.com,United States,Wholesale Importer,himalayan-sound-healing-bowls,web_search,web_search,https://www.dharmashop.com/collections/wholesale-singing-bowls?srsltid=AfmBOoqdMeWf2MGcJGOB7RFLpq_8t3oXZ6oMWaL5dGyTwIuOmBW56Cyh,Singing Bowl Set of 3 $ 437.00. Tibetan Healing Prayer ・ s Wholesale Singing Bowls. Contact us or order by phone at 800-886-5551 Email: info@dharmashop.com ・ ...,Singing Bowl Set of 3 $ 437.00. Tibetan Healing Prayer ・ s Wholesale Singing Bowls. Contact us or order by phone at 800-886-5551 Email: info@dharmashop.com ・ ...,valid,valid,True,True,qualified,90,1.0,"Directly sells singing bowls and explicitly mentions wholesale, indicating a strong commercial interest in sourcing.",high,eligible,False,2026-09-07T16:31:50.539210+00:00,2026-09-07T16:31:50.539210+00:00,2026-09-07T16:31:50.539210+00:00,True,False,Syntax Valid,business,,,,,
4bff98175bf5,4bff98175bf5,Himalayan Bowls,Himalayan Bowls,,,,,,https://himalayanbowls.com,United States,Wholesale Importer,himalayan-sound-healing-bowls,web_search,web_search,https://www.himalayanbowls.com/,"Himalayan Bowls, the world's best handmade singing bowls. We record and photograph each bowl so you can pick exactly what speaks to you.","Himalayan Bowls, the world's best handmade singing bowls. We record and photograph each bowl so you can pick exactly what speaks to you.",missing,missing,False,False,pending,,,,,not_eligible,False,2026-09-07T16:31:50.539234+00:00,2026-09-07T16:31:50.539234+00:00,2026-09-07T16:31:50.539234+00:00,True,False,Missing email address,,,,,,
93e56ab57e32,93e56ab57e32,Himalayas Shop: Singing Bowl Shop for Healing & Me,Himalayas Shop: Singing Bowl Shop for Healing & Me,,,,,,https://himalayasshop.com,United States,Wholesale Importer,himalayan-sound-healing-bowls,web_search,web_search,https://www.himalayasshop.com/,"Discover our wide selection of authentic singing bowls, handcrafted by skilled artisans in Nepal and India. Our singing bowls come in various sizes and ...","Discover our wide selection of authentic singing bowls, handcrafted by skilled artisans in Nepal and India. Our singing bowls come in various sizes and ...",missing,missing,False,False,pending,,,,,not_eligible,False,2026-09-07T16:31:50.539251+00:00,2026-09-07T16:31:50.539251+00:00,2026-09-07T16:31:50.539251+00:00,True,False,Missing email address,,,,,,
6090c2ec398d,6090c2ec398d,Soundtopia: Singing Bowls for Sale,Soundtopia: Singing Bowls for Sale,,,,,,https://soundtopia.com,United States,Wholesale Importer,himalayan-sound-healing-bowls,web_search,web_search,https://www.soundtopia.com/?srsltid=AfmBOoruNIFRSBZ14ebAbIludm94dUnqjY7IbR-soSu-e6Lb6zWLjFxJ,"Now: $9,979.98. We specialize in authentic Crystal and Himalayan Singing Bowls, gongs, and sound therapy instruments,","Now: $9,979.98. We specialize in authentic Crystal and Himalayan Singing Bowls, gongs, and sound therapy instruments,",missing,missing,False,False,pending,,,,,not_eligible,False,2026-09-07T16:31:58.033432+00:00,2026-09-07T16:31:58.033432+00:00,2026-09-07T16:31:58.033432+00:00,True,False,Missing email address,,,,,,
c83f9c8adf51,c83f9c8adf51,How to find a supplier for singing bowls for sound,How to find a supplier for singing bowls for sound,,,,,,https://facebook.com,United States,Wholesale Importer,himalayan-sound-healing-bowls,web_search,web_search,https://www.facebook.com/groups/235814466274117/posts/572076925981201/,Have any of you gone the route of selling singing bowls along with your sound bath services? How did you find your supplier?,Have any of you gone the route of selling singing bowls along with your sound bath services? How did you find your supplier?,missing,missing,False,False,pending,,,,,not_eligible,False,2026-09-07T16:31:58.033495+00:00,2026-09-07T16:31:58.033495+00:00,2026-09-07T16:31:58.033495+00:00,True,False,Missing email address,,,,,,
5b4b14ed7eee,5b4b14ed7eee,Singing bowls,Singing bowls,,,,,,https://phoeniximport.com,United States,Wholesale Importer,himalayan-sound-healing-bowls,web_search,web_search,https://www.phoeniximport.com/en/collections/singing-bowls-and-more,"Import is one of Europe's largest singing bowls wholesaler, with a very wide range of metal singing bowls, crystal singing bowls, gongs, sound bars, singing ...","Import is one of Europe's largest singing bowls wholesaler, with a very wide range of metal singing bowls, crystal singing bowls, gongs, sound bars, singing ...",missing,missing,False,False,pending,,,,,not_eligible,False,2026-09-07T16:31:58.033529+00:00,2026-09-07T16:31:58.033529+00:00,2026-09-07T16:31:58.033529+00:00,True,False,Missing email address,,,,,,
7f69b15093f2,7f69b15093f2,Gopali Authentic Tibetan Singing Bowls & Sound Hea,Gopali Authentic Tibetan Singing Bowls & Sound Hea,,,,,,https://gopaliimports.com,United States,Wholesale Importer,himalayan-sound-healing-bowls,web_search,web_search,https://gopaliimports.com/,"Discover handcrafted Tibetan singing bowls from Nepal. Experience sound healing sessions, certifications, and wholesale access with Gopali Imports.","Discover handcrafted Tibetan singing bowls from Nepal. Experience sound healing sessions, certifications, and wholesale access with Gopali Imports.",missing,missing,False,False,pending,,,,,not_eligible,False,2026-09-07T16:31:58.033557+00:00,2026-09-07T16:31:58.033557+00:00,2026-09-07T16:31:58.033557+00:00,True,False,Missing email address,,,,,,
cda3d88c7a26,cda3d88c7a26,singing bowls for your store,singing bowls for your store,,,,,,https://faire.com,United States,Wholesale Importer,himalayan-sound-healing-bowls,web_search,web_search,https://www.faire.com/discover/singing-bowls,"Shop wholesale singing bowls and more for your store on Faire. 7 Metal Tibetan Bowls from Nepal. Tuned for Sound Healing & Meditation (10"" to 26"") Himalayan ...","Shop wholesale singing bowls and more for your store on Faire. 7 Metal Tibetan Bowls from Nepal. Tuned for Sound Healing & Meditation (10"" to 26"") Himalayan ...",missing,missing,False,False,pending,,,,,not_eligible,False,2026-09-07T16:31:58.033583+00:00,2026-09-07T16:31:58.033583+00:00,2026-09-07T16:31:58.033583+00:00,True,False,Missing email address,,,,,,
93e56ab57e32,93e56ab57e32,Himalayas Shop: Singing Bowl Shop for Healing & Me,Himalayas Shop: Singing Bowl Shop for Healing & Me,,,,,,https://himalayasshop.com,United States,Wholesale Importer,himalayan-sound-healing-bowls,web_search,web_search,https://www.himalayasshop.com/,"Discover our wide selection of authentic singing bowls, handcrafted by skilled artisans in Nepal and India. Our singing bowls come in various sizes and ...","Discover our wide selection of authentic singing bowls, handcrafted by skilled artisans in Nepal and India. Our singing bowls come in various sizes and ...",missing,missing,False,False,pending,,,,,not_eligible,False,2026-09-07T16:31:58.033609+00:00,2026-09-07T16:31:58.033609+00:00,2026-09-07T16:31:58.033609+00:00,True,False,Missing email address,,,,,,
c14db34503a7,c14db34503a7,Himalayan Bowls,Himalayan Bowls,,,,support@himalayanbowls.com,,https://himalayanbowls.com,United States,Wholesale Importer,himalayan-sound-healing-bowls,web_search,web_search,https://www.himalayanbowls.com/,"Himalayan Bowls, the world's best handmade singing bowls. We record and photograph each bowl so you can pick exactly what speaks to you.","Himalayan Bowls, the world's best handmade singing bowls. We record and photograph each bowl so you can pick exactly what speaks to you.",valid,valid,True,True,needs_review,55,0.7,"Appears to be an existing retailer or producer of Himalayan singing bowls, making their fit as an importer for our product ambiguous or potentially competitive.",medium,not_eligible,False,2026-09-07T16:31:58.034062+00:00,2026-09-07T16:31:58.034062+00:00,2026-09-07T16:31:58.034062+00:00,True,False,Syntax Valid,individual,,,,,
6090c2ec398d,6090c2ec398d,Soundtopia: Singing Bowls for Sale,Soundtopia: Singing Bowls for Sale,,,,,,https://soundtopia.com,United States,Wholesale Importer,himalayan-sound-healing-bowls,web_search,web_search,https://www.soundtopia.com/?srsltid=AfmBOoqs9_hjpTXJloBT-UJk_QUL0RCsdsfqP_1XMdyXt3QfZ0BEKGVS,"Shop the world's largest selection of singing bowls at Soundtopia — Himalayan & crystal bowls, gongs, and sound healing instruments, with audio for every ...","Shop the world's largest selection of singing bowls at Soundtopia — Himalayan & crystal bowls, gongs, and sound healing instruments, with audio for every ...",missing,missing,False,False,pending,,,,,not_eligible,False,2026-09-07T16:32:14.571676+00:00,2026-09-07T16:32:14.571676+00:00,2026-09-07T16:32:14.571676+00:00,True,False,Missing email address,,,,,,
c83f9c8adf51,c83f9c8adf51,How to find a supplier for singing bowls for sound,How to find a supplier for singing bowls for sound,,,,,,https://facebook.com,United States,Wholesale Importer,himalayan-sound-healing-bowls,web_search,web_search,https://www.facebook.com/groups/235814466274117/posts/572076925981201/,Have any of you gone the route of selling singing bowls along with your sound bath services? How did you find your supplier?,Have any of you gone the route of selling singing bowls along with your sound bath services? How did you find your supplier?,missing,missing,False,False,pending,,,,,not_eligible,False,2026-09-07T16:32:14.571739+00:00,2026-09-07T16:32:14.571739+00:00,2026-09-07T16:32:14.571739+00:00,True,False,Missing email address,,,,,,
b87cdd6e214e,b87cdd6e214e,How to Import  Himalayan Singing Bowls from ...,How to Import  Himalayan Singing Bowls from ...,,,,business@besthimalaya.com,,https://besthimalaya.com,United States,Wholesale Importer,himalayan-sound-healing-bowls,web_search,web_search,https://besthimalaya.com/blogs/singing-bowl/how-to-import-wholesale-himalayan-singing-bowls-from-nepal-to-the-usa?srsltid=AfmBOorW7mr0blwrVGIs_NBGE-7ft1Ck3Q-Iy6hHr5P_ER9CDZWgD-Pk,"Learn how to import authentic Tibetan singing bowls in bulk from Nepal to the USA. A complete guide for wellness brands, shops, ...","Learn how to import authentic Tibetan singing bowls in bulk from Nepal to the USA. A complete guide for wellness brands, shops, ...",valid,valid,True,True,needs_review,50,0.6,"The company website and snippet suggest a guide or information resource on importing singing bowls, not a direct B2B buyer.",medium,not_eligible,False,2026-09-07T16:32:14.572209+00:00,2026-09-07T16:32:14.572209+00:00,2026-09-07T16:32:14.572209+00:00,True,False,Syntax Valid,individual,,,,,
5b4b14ed7eee,5b4b14ed7eee,Singing bowls,Singing bowls,,,,,,https://phoeniximport.com,United States,Wholesale Importer,himalayan-sound-healing-bowls,web_search,web_search,https://www.phoeniximport.com/en/collections/singing-bowls-and-more,"The sound wave of the High Ohm octave has a soothing and healing effect and can help restore the balance in the aura, which further benefits the physical body.","The sound wave of the High Ohm octave has a soothing and healing effect and can help restore the balance in the aura, which further benefits the physical body.",missing,missing,False,False,pending,,,,,not_eligible,False,2026-09-07T16:32:14.572247+00:00,2026-09-07T16:32:14.572247+00:00,2026-09-07T16:32:14.572247+00:00,True,False,Missing email address,,,,,,
207a9dfa45fe,207a9dfa45fe,sound bowls for your store,sound bowls for your store,,,,,,https://faire.com,United States,Wholesale Importer,himalayan-sound-healing-bowls,web_search,web_search,https://www.faire.com/discover/sound-bowls,"Explore a diverse selection of sound bowls wholesale in the USA. Discover crystal singing bowls, Tibetan singing bowls, and more for your store.","Explore a diverse selection of sound bowls wholesale in the USA. Discover crystal singing bowls, Tibetan singing bowls, and more for your store.",missing,missing,False,False,pending,,,,,not_eligible,False,2026-09-07T16:32:14.572276+00:00,2026-09-07T16:32:14.572276+00:00,2026-09-07T16:32:14.572276+00:00,False,False,Missing email address,,,,,,
c14db34503a7,c14db34503a7,Himalayan Bowls,Himalayan Bowls,,,,support@himalayanbowls.com,,https://himalayanbowls.com,United States,Wholesale Importer,himalayan-sound-healing-bowls,web_search,web_search,https://www.himalayanbowls.com/,"Himalayan Bowls, the world's best handmade singing bowls. We record and photograph each bowl so you can pick exactly what speaks to you.","Himalayan Bowls, the world's best handmade singing bowls. We record and photograph each bowl so you can pick exactly what speaks to you.",valid,valid,True,True,needs_review,55,0.7,"Appears to be an existing retailer or producer of Himalayan singing bowls, making their fit as an importer for our product ambiguous or potentially competitive.",medium,not_eligible,False,2026-09-07T16:32:14.572598+00:00,2026-09-07T16:32:14.572598+00:00,2026-09-07T16:32:14.572598+00:00,True,False,Syntax Valid,individual,,,,,
93e56ab57e32,93e56ab57e32,Himalayas Shop: Singing Bowl Shop for Healing & Me,Himalayas Shop: Singing Bowl Shop for Healing & Me,,,,,,https://himalayasshop.com,United States,Wholesale Importer,himalayan-sound-healing-bowls,web_search,web_search,https://www.himalayasshop.com/,"Discover our wide selection of authentic singing bowls, handcrafted by skilled artisans in Nepal and India. Our singing bowls come in various sizes and ...","Discover our wide selection of authentic singing bowls, handcrafted by skilled artisans in Nepal and India. Our singing bowls come in various sizes and ...",missing,missing,False,False,pending,,,,,not_eligible,False,2026-09-07T16:32:14.572630+00:00,2026-09-07T16:32:14.572630+00:00,2026-09-07T16:32:14.572630+00:00,True,False,Missing email address,,,,,,
6090c2ec398d,6090c2ec398d,Soundtopia: Singing Bowls for Sale,Soundtopia: Singing Bowls for Sale,,,,,,https://soundtopia.com,United States,Wholesale Importer,himalayan-sound-healing-bowls,web_search,web_search,https://www.soundtopia.com/?srsltid=AfmBOoovLIpeSQhduBowRM0N32Budl9l0UpeRHulEvxlzu5TKaTNC2cx,Soundtopia (formerly Silver Sky Imports) has been guiding people on their sound journey since 2002. We specialize in authentic Crystal and Himalayan Singing ...,Soundtopia (formerly Silver Sky Imports) has been guiding people on their sound journey since 2002. We specialize in authentic Crystal and Himalayan Singing ...,missing,missing,False,False,pending,,,,,not_eligible,False,2026-09-07T16:32:54.431114+00:00,2026-09-07T16:32:54.431114+00:00,2026-09-07T16:32:54.431114+00:00,True,False,Missing email address,,,,,,
c83f9c8adf51,c83f9c8adf51,How to find a supplier for singing bowls for sound,How to find a supplier for singing bowls for sound,,,,,,https://facebook.com,United States,Wholesale Importer,himalayan-sound-healing-bowls,web_search,web_search,https://www.facebook.com/groups/235814466274117/posts/572076925981201/,Have any of you gone the route of selling singing bowls along with your sound bath services? How did you find your supplier?,Have any of you gone the route of selling singing bowls along with your sound bath services? How did you find your supplier?,missing,missing,False,False,pending,,,,,not_eligible,False,2026-09-07T16:32:54.431171+00:00,2026-09-07T16:32:54.431171+00:00,2026-09-07T16:32:54.431171+00:00,True,False,Missing email address,,,,,,
5b4b14ed7eee,5b4b14ed7eee,Singing bowls,Singing bowls,,,,,,https://phoeniximport.com,United States,Wholesale Importer,himalayan-sound-healing-bowls,web_search,web_search,https://www.phoeniximport.com/en/collections/singing-bowls-and-more,"Mani Bhadra BV - Phoenix Import is one of Europe's largest singing bowls wholesaler, with a very wide range of metal singing bowls, crystal singing bowls, gongs ...","Mani Bhadra BV - Phoenix Import is one of Europe's largest singing bowls wholesaler, with a very wide range of metal singing bowls, crystal singing bowls, gongs ...",missing,missing,False,False,pending,,,,,not_eligible,False,2026-09-07T16:32:54.431237+00:00,2026-09-07T16:32:54.431237+00:00,2026-09-07T16:32:54.431237+00:00,True,False,Missing email address,,,,,,
b87cdd6e214e,b87cdd6e214e,How to Import  Himalayan Singing Bowls from ...,How to Import  Himalayan Singing Bowls from ...,,,,business@besthimalaya.com,,https://besthimalaya.com,United States,Wholesale Importer,himalayan-sound-healing-bowls,web_search,web_search,https://besthimalaya.com/blogs/singing-bowl/how-to-import-wholesale-himalayan-singing-bowls-from-nepal-to-the-usa?srsltid=AfmBOoqv9Qml_EhpX7JxHvXBAwvEVaABNvRPd3Qfq_RjvedJen23A8JT,"Learn how to import authentic Tibetan singing bowls in bulk from Nepal to the USA. A complete guide for wellness brands, shops, ...","Learn how to import authentic Tibetan singing bowls in bulk from Nepal to the USA. A complete guide for wellness brands, shops, ...",valid,valid,True,True,needs_review,50,0.6,"The company website and snippet suggest a guide or information resource on importing singing bowls, not a direct B2B buyer.",medium,not_eligible,False,2026-09-07T16:32:54.431650+00:00,2026-09-07T16:32:54.431650+00:00,2026-09-07T16:32:54.431650+00:00,True,False,Syntax Valid,individual,,,,,
5ca6e50a160c,5ca6e50a160c,Singing Bowls,Singing Bowls,,,,,,https://dharmashop.com,United States,Wholesale Importer,himalayan-sound-healing-bowls,web_search,web_search,https://www.dharmashop.com/collections/wholesale-singing-bowls?srsltid=AfmBOop4m56DkfAPwSTiKOj2oI7XJqyMaGUGDBpL6DGBT8VOKDRb9cC3,Wholesale Singing Bowls ... Best Seller! Masterpiece™ Tibetan Singing Bowl 49 reviews $ 199.00.,Wholesale Singing Bowls ... Best Seller! Masterpiece™ Tibetan Singing Bowl 49 reviews $ 199.00.,missing,missing,False,False,pending,,,,,not_eligible,False,2026-09-07T16:32:54.431683+00:00,2026-09-07T16:32:54.431683+00:00,2026-09-07T16:32:54.431683+00:00,True,False,Missing email address,,,,,,
c14db34503a7,c14db34503a7,Himalayan Bowls,Himalayan Bowls,,,,support@himalayanbowls.com,,https://himalayanbowls.com,United States,Wholesale Importer,himalayan-sound-healing-bowls,web_search,web_search,https://www.himalayanbowls.com/,"Himalayan Bowls, the world's best handmade singing bowls. We record and photograph each bowl so you can pick exactly what speaks to you.","Himalayan Bowls, the world's best handmade singing bowls. We record and photograph each bowl so you can pick exactly what speaks to you.",valid,valid,True,True,needs_review,55,0.7,"Appears to be an existing retailer or producer of Himalayan singing bowls, making their fit as an importer for our product ambiguous or potentially competitive.",medium,not_eligible,False,2026-09-07T16:32:54.432001+00:00,2026-09-07T16:32:54.432001+00:00,2026-09-07T16:32:54.432001+00:00,True,False,Syntax Valid,individual,,,,,
93e56ab57e32,93e56ab57e32,Himalayas Shop: Singing Bowl Shop for Healing & Me,Himalayas Shop: Singing Bowl Shop for Healing & Me,,,,,,https://himalayasshop.com,United States,Wholesale Importer,himalayan-sound-healing-bowls,web_search,web_search,https://www.himalayasshop.com/,"Discover our wide selection of authentic singing bowls, handcrafted by skilled artisans in Nepal and India. Our singing bowls come in various sizes and ...","Discover our wide selection of authentic singing bowls, handcrafted by skilled artisans in Nepal and India. Our singing bowls come in various sizes and ...",missing,missing,False,False,pending,,,,,not_eligible,False,2026-09-07T16:32:54.432033+00:00,2026-09-07T16:32:54.432033+00:00,2026-09-07T16:32:54.432033+00:00,True,False,Missing email address,,,,,,
6090c2ec398d,6090c2ec398d,Soundtopia: Singing Bowls for Sale,Soundtopia: Singing Bowls for Sale,,,,,,https://soundtopia.com,United States,Wholesale Importer,himalayan-sound-healing-bowls,web_search,web_search,https://www.soundtopia.com/?srsltid=AfmBOoqcv7xwkmeEOTKwF1IpU1E9UOZq22OvaMFvWyASooGgoiuhZ8c_,"Shop the world's largest selection of singing bowls at Soundtopia — Himalayan & crystal bowls, gongs, and sound healing instruments, with audio for every ...","Shop the world's largest selection of singing bowls at Soundtopia — Himalayan & crystal bowls, gongs, and sound healing instruments, with audio for every ...",missing,missing,False,False,pending,,,,,not_eligible,False,2026-09-07T16:33:13.890361+00:00,2026-09-07T16:33:13.890361+00:00,2026-09-07T16:33:13.890361+00:00,True,False,Missing email address,,,,,,
c83f9c8adf51,c83f9c8adf51,How to find a supplier for singing bowls for sound,How to find a supplier for singing bowls for sound,,,,,,https://facebook.com,United States,Wholesale Importer,himalayan-sound-healing-bowls,web_search,web_search,https://www.facebook.com/groups/235814466274117/posts/572076925981201/,Have any of you gone the route of selling singing bowls along with your sound bath services? How did you find your supplier?,Have any of you gone the route of selling singing bowls along with your sound bath services? How did you find your supplier?,missing,missing,False,False,pending,,,,,not_eligible,False,2026-09-07T16:33:13.890423+00:00,2026-09-07T16:33:13.890423+00:00,2026-09-07T16:33:13.890423+00:00,True,False,Missing email address,,,,,,
5b4b14ed7eee,5b4b14ed7eee,Singing bowls,Singing bowls,,,,,,https://phoeniximport.com,United States,Wholesale Importer,himalayan-sound-healing-bowls,web_search,web_search,https://www.phoeniximport.com/en/collections/singing-bowls-and-more,"We sell online to retailers, web shops, sound therapists and sound healers. Are you looking for supplies for your singing bowl therapy or singing bowl workshop?","We sell online to retailers, web shops, sound therapists and sound healers. Are you looking for supplies for your singing bowl therapy or singing bowl workshop?",missing,missing,False,False,pending,,,,,not_eligible,False,2026-09-07T16:33:13.890445+00:00,2026-09-07T16:33:13.890445+00:00,2026-09-07T16:33:13.890445+00:00,True,False,Missing email address,,,,,,
b87cdd6e214e,b87cdd6e214e,How to Import  Himalayan Singing Bowls from ...,How to Import  Himalayan Singing Bowls from ...,,,,business@besthimalaya.com,,https://besthimalaya.com,United States,Wholesale Importer,himalayan-sound-healing-bowls,web_search,web_search,https://besthimalaya.com/blogs/singing-bowl/how-to-import-wholesale-himalayan-singing-bowls-from-nepal-to-the-usa?srsltid=AfmBOooLHWMuxPHh4UjIendW7AkqAiXccsI7kYbuOH7PceyPfQ_Sd4sH,"Learn how to import authentic Tibetan singing bowls in bulk from Nepal to the USA. A complete guide for wellness brands, shops, ...","Learn how to import authentic Tibetan singing bowls in bulk from Nepal to the USA. A complete guide for wellness brands, shops, ...",valid,valid,True,True,needs_review,50,0.6,"The company website and snippet suggest a guide or information resource on importing singing bowls, not a direct B2B buyer.",medium,not_eligible,False,2026-09-07T16:33:13.890839+00:00,2026-09-07T16:33:13.890839+00:00,2026-09-07T16:33:13.890839+00:00,True,False,Syntax Valid,individual,,,,,
93e56ab57e32,93e56ab57e32,Himalayas Shop: Singing Bowl Shop for Healing & Me,Himalayas Shop: Singing Bowl Shop for Healing & Me,,,,,,https://himalayasshop.com,United States,Wholesale Importer,himalayan-sound-healing-bowls,web_search,web_search,https://www.himalayasshop.com/,"Discover our wide selection of authentic singing bowls, handcrafted by skilled artisans in Nepal and India. Our singing bowls come in various sizes and ...","Discover our wide selection of authentic singing bowls, handcrafted by skilled artisans in Nepal and India. Our singing bowls come in various sizes and ...",missing,missing,False,False,pending,,,,,not_eligible,False,2026-09-07T16:33:13.890869+00:00,2026-09-07T16:33:13.890869+00:00,2026-09-07T16:33:13.890869+00:00,True,False,Missing email address,,,,,,
5ca6e50a160c,5ca6e50a160c,Singing Bowls,Singing Bowls,,,,,,https://dharmashop.com,United States,Wholesale Importer,himalayan-sound-healing-bowls,web_search,web_search,https://www.dharmashop.com/collections/wholesale-singing-bowls?srsltid=AfmBOoq4-dlxiXbWpV4oLS2lV4k2APSZzjHRzWytvrewPAmR0ffHzaKa,Wholesale Singing Bowls ... Best Seller! Masterpiece™ Tibetan Singing Bowl 49 reviews $ 199.00.,Wholesale Singing Bowls ... Best Seller! Masterpiece™ Tibetan Singing Bowl 49 reviews $ 199.00.,missing,missing,False,False,pending,,,,,not_eligible,False,2026-09-07T16:33:13.890888+00:00,2026-09-07T16:33:13.890888+00:00,2026-09-07T16:33:13.890888+00:00,True,False,Missing email address,,,,,,
83c867fd53ef,83c867fd53ef,Singing Bowls:,Singing Bowls:,,,,,,https://newageincense.com,United States,Wholesale Importer,himalayan-sound-healing-bowls,web_search,web_search,https://newageincense.com/wholesale-singing-bowls,"We are importer, wholesaler, and distributor of Incense, Incense Burners, Altar Supplies, Pagan Supplies, Tapestries, Totes, Smudges & Herbs, Tibetan Products, ...","We are importer, wholesaler, and distributor of Incense, Incense Burners, Altar Supplies, Pagan Supplies, Tapestries, Totes, Smudges & Herbs, Tibetan Products, ...",missing,missing,False,False,pending,,,,,not_eligible,False,2026-09-07T16:33:13.890904+00:00,2026-09-07T16:33:13.890904+00:00,2026-09-07T16:33:13.890904+00:00,True,False,Missing email address,,,,,,
6090c2ec398d,6090c2ec398d,Soundtopia: Singing Bowls for Sale,Soundtopia: Singing Bowls for Sale,,,,,,https://soundtopia.com,United States,Wholesale Importer,himalayan-sound-healing-bowls,web_search,web_search,https://www.soundtopia.com/?srsltid=AfmBOorjaBqCedp4DwW4B-3VwuVtyHBfAEJdnqG1F96rJfx_0mz-BIr_,"largest US-based supplier of Crystal and Himalayan Singing Bowls, with over 10,000 unique pieces in stock—each","largest US-based supplier of Crystal and Himalayan Singing Bowls, with over 10,000 unique pieces in stock—each",missing,missing,False,False,pending,,,,,not_eligible,False,2026-09-07T16:33:41.267195+00:00,2026-09-07T16:33:41.267195+00:00,2026-09-07T16:33:41.267195+00:00,True,False,Missing email address,,,,,,
c83f9c8adf51,c83f9c8adf51,How to find a supplier for singing bowls for sound,How to find a supplier for singing bowls for sound,,,,,,https://facebook.com,United States,Wholesale Importer,himalayan-sound-healing-bowls,web_search,web_search,https://www.facebook.com/groups/235814466274117/posts/572076925981201/,Have any of you gone the route of selling singing bowls along with your sound bath services? How did you find your supplier?,Have any of you gone the route of selling singing bowls along with your sound bath services? How did you find your supplier?,missing,missing,False,False,pending,,,,,not_eligible,False,2026-09-07T16:33:41.267251+00:00,2026-09-07T16:33:41.267251+00:00,2026-09-07T16:33:41.267251+00:00,True,False,Missing email address,,,,,,
5b4b14ed7eee,5b4b14ed7eee,Singing bowls,Singing bowls,,,,,,https://phoeniximport.com,United States,Wholesale Importer,himalayan-sound-healing-bowls,web_search,web_search,https://www.phoeniximport.com/en/collections/singing-bowls-and-more,"Mani Bhadra BV - Phoenix Import is one of Europe's largest singing bowls wholesaler, with a very wide range of metal singing bowls, crystal singing bowls, gongs ...","Mani Bhadra BV - Phoenix Import is one of Europe's largest singing bowls wholesaler, with a very wide range of metal singing bowls, crystal singing bowls, gongs ...",missing,missing,False,False,pending,,,,,not_eligible,False,2026-09-07T16:33:41.267270+00:00,2026-09-07T16:33:41.267270+00:00,2026-09-07T16:33:41.267270+00:00,True,False,Missing email address,,,,,,
b87cdd6e214e,b87cdd6e214e,How to Import  Himalayan Singing Bowls from ...,How to Import  Himalayan Singing Bowls from ...,,,,business@besthimalaya.com,,https://besthimalaya.com,United States,Wholesale Importer,himalayan-sound-healing-bowls,web_search,web_search,https://besthimalaya.com/blogs/singing-bowl/how-to-import-wholesale-himalayan-singing-bowls-from-nepal-to-the-usa?srsltid=AfmBOoq1mC2AvvUKYxm-1aCzXawxAaZLKOeYJdKJqCTxYtaATAq4hbie,"Learn how to import authentic Tibetan singing bowls in bulk from Nepal to the USA. for meditation, therapy, and holistic healing practices.","Learn how to import authentic Tibetan singing bowls in bulk from Nepal to the USA. for meditation, therapy, and holistic healing practices.",valid,valid,True,True,needs_review,50,0.6,"The company website and snippet suggest a guide or information resource on importing singing bowls, not a direct B2B buyer.",medium,not_eligible,False,2026-09-07T16:33:41.267625+00:00,2026-09-07T16:33:41.267625+00:00,2026-09-07T16:33:41.267625+00:00,True,False,Syntax Valid,individual,,,,,
7f69b15093f2,7f69b15093f2,Gopali Authentic Tibetan Singing Bowls & Sound Hea,Gopali Authentic Tibetan Singing Bowls & Sound Hea,,,,,,https://gopaliimports.com,United States,Wholesale Importer,himalayan-sound-healing-bowls,web_search,web_search,https://gopaliimports.com/,"Discover handcrafted Tibetan singing bowls from Nepal. Experience sound healing sessions, certifications, and wholesale access with Gopali Imports.","Discover handcrafted Tibetan singing bowls from Nepal. Experience sound healing sessions, certifications, and wholesale access with Gopali Imports.",missing,missing,False,False,pending,,,,,not_eligible,False,2026-09-07T16:33:41.267650+00:00,2026-09-07T16:33:41.267650+00:00,2026-09-07T16:33:41.267650+00:00,True,False,Missing email address,,,,,,
93e56ab57e32,93e56ab57e32,Himalayas Shop: Singing Bowl Shop for Healing & Me,Himalayas Shop: Singing Bowl Shop for Healing & Me,,,,,,https://himalayasshop.com,United States,Wholesale Importer,himalayan-sound-healing-bowls,web_search,web_search,https://www.himalayasshop.com/,"Discover our wide selection of authentic singing bowls, handcrafted by skilled artisans in Nepal and India. Our singing bowls come in various sizes and ...","Discover our wide selection of authentic singing bowls, handcrafted by skilled artisans in Nepal and India. Our singing bowls come in various sizes and ...",missing,missing,False,False,pending,,,,,not_eligible,False,2026-09-07T16:33:41.267667+00:00,2026-09-07T16:33:41.267667+00:00,2026-09-07T16:33:41.267667+00:00,True,False,Missing email address,,,,,,
b41e6f612c23,b41e6f612c23,Himalayan Singing Bowl And Trading,Himalayan Singing Bowl And Trading,,,,,,https://tripadvisor.com,United States,Wholesale Importer,himalayan-sound-healing-bowls,web_search,web_search,https://www.tripadvisor.com/Attraction_Review-g293891-d26789507-Reviews-Himalayan_Singing_Bowl_And_Trading-Pokhara_Gandaki_Zone_Western_Region.html,"Namaste, Himalayan singing bowl and trading company Nepal is manufacturing company and also the sound healing hub, it is located in central part of nepal ...","Namaste, Himalayan singing bowl and trading company Nepal is manufacturing company and also the sound healing hub, it is located in central part of nepal ...",missing,missing,False,False,pending,,,,,not_eligible,False,2026-09-07T16:33:41.267682+00:00,2026-09-07T16:33:41.267682+00:00,2026-09-07T16:33:41.267682+00:00,True,False,Missing email address,,,,,,
6090c2ec398d,6090c2ec398d,Soundtopia: Singing Bowls for Sale,Soundtopia: Singing Bowls for Sale,,,,,,https://soundtopia.com,United States,Wholesale Importer,himalayan-sound-healing-bowls,web_search,web_search,https://www.soundtopia.com/?srsltid=AfmBOopX5zA7Z5iOe-0Y7gU5UX1JekTvmN2UoAWhPBm1evjV3DRFmsBx,"Now: $9,979.98. We specialize in authentic Crystal and Himalayan Singing Bowls, gongs, and sound therapy instruments,","Now: $9,979.98. We specialize in authentic Crystal and Himalayan Singing Bowls, gongs, and sound therapy instruments,",missing,missing,False,False,pending,,,,,not_eligible,False,2026-09-07T16:34:14.925806+00:00,2026-09-07T16:34:14.925806+00:00,2026-09-07T16:34:14.925806+00:00,True,False,Missing email address,,,,,,
c83f9c8adf51,c83f9c8adf51,How to find a supplier for singing bowls for sound,How to find a supplier for singing bowls for sound,,,,,,https://facebook.com,United States,Wholesale Importer,himalayan-sound-healing-bowls,web_search,web_search,https://www.facebook.com/groups/235814466274117/posts/572076925981201/,Have any of you gone the route of selling singing bowls along with your sound bath services? How did you find your supplier?,Have any of you gone the route of selling singing bowls along with your sound bath services? How did you find your supplier?,missing,missing,False,False,pending,,,,,not_eligible,False,2026-09-07T16:34:14.925874+00:00,2026-09-07T16:34:14.925874+00:00,2026-09-07T16:34:14.925874+00:00,True,False,Missing email address,,,,,,
7f69b15093f2,7f69b15093f2,Gopali Authentic Tibetan Singing Bowls & Sound Hea,Gopali Authentic Tibetan Singing Bowls & Sound Hea,,,,,,https://gopaliimports.com,United States,Wholesale Importer,himalayan-sound-healing-bowls,web_search,web_search,https://gopaliimports.com/,"Discover handcrafted Tibetan singing bowls from Nepal. Experience sound healing sessions, certifications, and wholesale access with Gopali Imports.","Discover handcrafted Tibetan singing bowls from Nepal. Experience sound healing sessions, certifications, and wholesale access with Gopali Imports.",missing,missing,False,False,pending,,,,,not_eligible,False,2026-09-07T16:34:14.925909+00:00,2026-09-07T16:34:14.925909+00:00,2026-09-07T16:34:14.925909+00:00,True,False,Missing email address,,,,,,
b87cdd6e214e,b87cdd6e214e,How to Import  Himalayan Singing Bowls from ...,How to Import  Himalayan Singing Bowls from ...,,,,business@besthimalaya.com,,https://besthimalaya.com,United States,Wholesale Importer,himalayan-sound-healing-bowls,web_search,web_search,https://besthimalaya.com/blogs/singing-bowl/how-to-import-wholesale-himalayan-singing-bowls-from-nepal-to-the-usa?srsltid=AfmBOorcoy4nal_6f9FsNWirhoX5XIB-OwHfzy7b89pVmoat2rwZacBd,"Learn how to import authentic Tibetan singing bowls in bulk from Nepal to the USA. A complete guide for wellness brands, shops, ...","Learn how to import authentic Tibetan singing bowls in bulk from Nepal to the USA. A complete guide for wellness brands, shops, ...",valid,valid,True,True,needs_review,50,0.6,"The company website and snippet suggest a guide or information resource on importing singing bowls, not a direct B2B buyer.",medium,not_eligible,False,2026-09-07T16:34:14.926380+00:00,2026-09-07T16:34:14.926380+00:00,2026-09-07T16:34:14.926380+00:00,True,False,Syntax Valid,individual,,,,,
5b4b14ed7eee,5b4b14ed7eee,Singing bowls,Singing bowls,,,,,,https://phoeniximport.com,United States,Wholesale Importer,himalayan-sound-healing-bowls,web_search,web_search,https://www.phoeniximport.com/en/collections/singing-bowls-and-more,"Tibetan Design singing bowls. Import is one of Europe's largest singing bowls wholesaler, wide range of metal singing bowls, sound therapists and sound healers.","Tibetan Design singing bowls. Import is one of Europe's largest singing bowls wholesaler, wide range of metal singing bowls, sound therapists and sound healers.",missing,missing,False,False,pending,,,,,not_eligible,False,2026-09-07T16:34:14.926416+00:00,2026-09-07T16:34:14.926416+00:00,2026-09-07T16:34:14.926416+00:00,True,False,Missing email address,,,,,,
42bf73346000,42bf73346000,Singing bowls wholesaler,Singing bowls wholesaler,,,,,,https://singingbowlswholesaler.weebly.com,United States,Wholesale Importer,himalayan-sound-healing-bowls,web_search,web_search,https://singingbowlswholesaler.weebly.com/,"Singing bowls are round, metal or crystal vessels that produce sounds when struck or rubbed. They come from the Himalayan areas, like Tibet and ...","Singing bowls are round, metal or crystal vessels that produce sounds when struck or rubbed. They come from the Himalayan areas, like Tibet and ...",missing,missing,False,False,pending,,,,,not_eligible,False,2026-09-07T16:34:14.926445+00:00,2026-09-07T16:34:14.926445+00:00,2026-09-07T16:34:14.926445+00:00,True,False,Missing email address,,,,,,
34a59e09eb9e,34a59e09eb9e,singing bowls for sound therapy for your store,singing bowls for sound therapy for your store,,,,,,https://faire.com,United States,Wholesale Importer,himalayan-sound-healing-bowls,web_search,web_search,https://www.faire.com/discover/singing-bowls-for-sound-therapy,Handmade Full Moon Singing Bowl Set – 7 Metal Tibetan Bowls from Nepal | Perfectly Tuned for Sound Healing & Meditation.,Handmade Full Moon Singing Bowl Set – 7 Metal Tibetan Bowls from Nepal | Perfectly Tuned for Sound Healing & Meditation.,missing,missing,False,False,pending,,,,,not_eligible,False,2026-09-07T16:34:14.926471+00:00,2026-09-07T16:34:14.926471+00:00,2026-09-07T16:34:14.926471+00:00,True,False,Missing email address,,,,,,
6090c2ec398d,6090c2ec398d,Soundtopia: Singing Bowls for Sale,Soundtopia: Singing Bowls for Sale,,,,,,https://soundtopia.com,United States,Wholesale Importer,himalayan-sound-healing-bowls,web_search,web_search,https://www.soundtopia.com/?srsltid=AfmBOorrsgfB8v2fBsogksFrn9FMhbBySWfHQJT9J_qVrhXERjejZp4I,"Shop the world's largest selection of singing bowls at Soundtopia — Himalayan & crystal bowls, gongs, and sound healing instruments, with audio for every ...","Shop the world's largest selection of singing bowls at Soundtopia — Himalayan & crystal bowls, gongs, and sound healing instruments, with audio for every ...",missing,missing,False,False,pending,,,,,not_eligible,False,2026-09-07T16:34:43.805595+00:00,2026-09-07T16:34:43.805595+00:00,2026-09-07T16:34:43.805595+00:00,True,False,Missing email address,,,,,,
5b4b14ed7eee,5b4b14ed7eee,Singing bowls,Singing bowls,,,,,,https://phoeniximport.com,United States,Wholesale Importer,himalayan-sound-healing-bowls,web_search,web_search,https://www.phoeniximport.com/en/collections/singing-bowls-and-more,"Supplier of Singing bowls and more ✓ Metal and Crystal singing bowls ✓ Tuning forks, Gongs ✓ Phoenix Import B2B wholesale ✓ Quick delivery ✓ Order ...","Supplier of Singing bowls and more ✓ Metal and Crystal singing bowls ✓ Tuning forks, Gongs ✓ Phoenix Import B2B wholesale ✓ Quick delivery ✓ Order ...",missing,missing,False,False,pending,,,,,not_eligible,False,2026-09-07T16:34:43.805652+00:00,2026-09-07T16:34:43.805652+00:00,2026-09-07T16:34:43.805652+00:00,True,False,Missing email address,,,,,,
c83f9c8adf51,c83f9c8adf51,How to find a supplier for singing bowls for sound,How to find a supplier for singing bowls for sound,,,,,,https://facebook.com,United States,Wholesale Importer,himalayan-sound-healing-bowls,web_search,web_search,https://www.facebook.com/groups/235814466274117/posts/572076925981201/,Have any of you gone the route of selling singing bowls along with your sound bath services? How did you find your supplier?,Have any of you gone the route of selling singing bowls along with your sound bath services? How did you find your supplier?,missing,missing,False,False,pending,,,,,not_eligible,False,2026-09-07T16:34:43.805680+00:00,2026-09-07T16:34:43.805680+00:00,2026-09-07T16:34:43.805680+00:00,True,False,Missing email address,,,,,,
5f69239620c2,5f69239620c2,crystal singing bowl for your store,crystal singing bowl for your store,,,,,,https://faire.com,United States,Wholesale Importer,himalayan-sound-healing-bowls,web_search,web_search,https://www.faire.com/discover/crystal-singing-bowl,Explore wholesale crystal singing bowls and sound healing instruments. Discover crystal bowl sets and Tibetan singing bowls for your USA store today.,Explore wholesale crystal singing bowls and sound healing instruments. Discover crystal bowl sets and Tibetan singing bowls for your USA store today.,missing,missing,False,False,pending,,,,,not_eligible,False,2026-09-07T16:34:43.805704+00:00,2026-09-07T16:34:43.805704+00:00,2026-09-07T16:34:43.805704+00:00,True,False,Missing email address,,,,,,
13ac10a6e7b7,13ac10a6e7b7,Singing Bowls,Singing Bowls,,,,,,https://oceaniclink.com,United States,Wholesale Importer,himalayan-sound-healing-bowls,web_search,web_search,https://oceaniclink.com/product-category/meditation-tools/singing-bowls/,Oceanic Linkways has an assortment of singing bowls & more. Select best sellers for your shop to keep your clients happy with a well-stocked store!,Oceanic Linkways has an assortment of singing bowls & more. Select best sellers for your shop to keep your clients happy with a well-stocked store!,missing,missing,False,False,pending,,,,,not_eligible,False,2026-09-07T16:34:43.805726+00:00,2026-09-07T16:34:43.805726+00:00,2026-09-07T16:34:43.805726+00:00,True,False,Missing email address,,,,,,
b87cdd6e214e,b87cdd6e214e,How to Import  Himalayan Singing Bowls from ...,How to Import  Himalayan Singing Bowls from ...,,,,business@besthimalaya.com,,https://besthimalaya.com,United States,Wholesale Importer,himalayan-sound-healing-bowls,web_search,web_search,https://besthimalaya.com/blogs/singing-bowl/how-to-import-wholesale-himalayan-singing-bowls-from-nepal-to-the-usa?srsltid=AfmBOoo_6fIBEW8joW5NMUdFs2nuwRFIyFQGFexSWqT8Eai97CY23CrH,"Learn how to import authentic Tibetan singing bowls in bulk from Nepal to the USA. A complete guide for wellness brands, shops, ...","Learn how to import authentic Tibetan singing bowls in bulk from Nepal to the USA. A complete guide for wellness brands, shops, ...",valid,valid,True,True,needs_review,50,0.6,"The company website and snippet suggest a guide or information resource on importing singing bowls, not a direct B2B buyer.",medium,not_eligible,False,2026-09-07T16:34:43.806186+00:00,2026-09-07T16:34:43.806186+00:00,2026-09-07T16:34:43.806186+00:00,True,False,Syntax Valid,individual,,,,,
83c867fd53ef,83c867fd53ef,Singing Bowls:,Singing Bowls:,,,,,,https://newageincense.com,United States,Wholesale Importer,himalayan-sound-healing-bowls,web_search,web_search,https://newageincense.com/wholesale-singing-bowls,"We are importer, wholesaler, and distributor of Incense, Incense Burners, Altar Supplies, Pagan Supplies, Tapestries, Totes, Smudges & Herbs, Tibetan Products, ...","We are importer, wholesaler, and distributor of Incense, Incense Burners, Altar Supplies, Pagan Supplies, Tapestries, Totes, Smudges & Herbs, Tibetan Products, ...",missing,missing,False,False,pending,,,,,not_eligible,False,2026-09-07T16:34:43.806217+00:00,2026-09-07T16:34:43.806217+00:00,2026-09-07T16:34:43.806217+00:00,True,False,Missing email address,,,,,,
b87cdd6e214e,b87cdd6e214e,How to Import  Himalayan Singing Bowls from ...,How to Import  Himalayan Singing Bowls from ...,,,,business@besthimalaya.com,,https://besthimalaya.com,United States,Wholesale Importer,himalayan-sound-healing-bowls,web_search,web_search,https://besthimalaya.com/blogs/singing-bowl/how-to-import-wholesale-himalayan-singing-bowls-from-nepal-to-the-usa?srsltid=AfmBOopCti2vEeywz1pTPrFCb4PQN64vhZtmQWJCppY2pvvahmcSW397,"Learn how to import authentic Tibetan singing bowls in bulk from Nepal to the USA. A complete guide for wellness brands, shops, ...","Learn how to import authentic Tibetan singing bowls in bulk from Nepal to the USA. A complete guide for wellness brands, shops, ...",valid,valid,True,True,needs_review,50,0.6,"The company website and snippet suggest a guide or information resource on importing singing bowls, not a direct B2B buyer.",medium,not_eligible,False,2026-09-07T16:35:04.486640+00:00,2026-09-07T16:35:04.486640+00:00,2026-09-07T16:35:04.486640+00:00,True,False,Syntax Valid,individual,,,,,
7f69b15093f2,7f69b15093f2,Gopali Authentic Tibetan Singing Bowls & Sound Hea,Gopali Authentic Tibetan Singing Bowls & Sound Hea,,,,,,https://gopaliimports.com,United States,Wholesale Importer,himalayan-sound-healing-bowls,web_search,web_search,https://gopaliimports.com/,"Discover handcrafted Tibetan singing bowls from Nepal. Experience sound healing sessions, certifications, and wholesale access with Gopali Imports.","Discover handcrafted Tibetan singing bowls from Nepal. Experience sound healing sessions, certifications, and wholesale access with Gopali Imports.",missing,missing,False,False,pending,,,,,not_eligible,False,2026-09-07T16:35:04.486700+00:00,2026-09-07T16:35:04.486700+00:00,2026-09-07T16:35:04.486700+00:00,True,False,Missing email address,,,,,,
c83f9c8adf51,c83f9c8adf51,How to find a supplier for singing bowls for sound,How to find a supplier for singing bowls for sound,,,,,,https://facebook.com,United States,Wholesale Importer,himalayan-sound-healing-bowls,web_search,web_search,https://www.facebook.com/groups/235814466274117/posts/572076925981201/,Have any of you gone the route of selling singing bowls along with your sound bath services? How did you find your supplier?,Have any of you gone the route of selling singing bowls along with your sound bath services? How did you find your supplier?,missing,missing,False,False,pending,,,,,not_eligible,False,2026-09-07T16:35:04.486734+00:00,2026-09-07T16:35:04.486734+00:00,2026-09-07T16:35:04.486734+00:00,True,False,Missing email address,,,,,,
6090c2ec398d,6090c2ec398d,Soundtopia: Singing Bowls for Sale,Soundtopia: Singing Bowls for Sale,,,,,,https://soundtopia.com,United States,Wholesale Importer,himalayan-sound-healing-bowls,web_search,web_search,https://www.soundtopia.com/?srsltid=AfmBOopUGkkRwJTWZ3RDfrLly5yeWvLWNgMZ_G-2OhHt8PdnEzmBFWiQ,"We specialize in authentic Crystal and Himalayan Singing Bowls, gongs, and sound therapy instruments, carefully tested","We specialize in authentic Crystal and Himalayan Singing Bowls, gongs, and sound therapy instruments, carefully tested",missing,missing,False,False,pending,,,,,not_eligible,False,2026-09-07T16:35:04.486762+00:00,2026-09-07T16:35:04.486762+00:00,2026-09-07T16:35:04.486762+00:00,True,False,Missing email address,,,,,,
5b4b14ed7eee,5b4b14ed7eee,Singing bowls,Singing bowls,,,,,,https://phoeniximport.com,United States,Wholesale Importer,himalayan-sound-healing-bowls,web_search,web_search,https://www.phoeniximport.com/en/collections/singing-bowls-and-more,"The sound wave of the High Ohm octave has a soothing and healing effect and can help restore the balance in the aura, which further benefits the physical body.","The sound wave of the High Ohm octave has a soothing and healing effect and can help restore the balance in the aura, which further benefits the physical body.",missing,missing,False,False,pending,,,,,not_eligible,False,2026-09-07T16:35:04.486788+00:00,2026-09-07T16:35:04.486788+00:00,2026-09-07T16:35:04.486788+00:00,True,False,Missing email address,,,,,,
34a59e09eb9e,34a59e09eb9e,singing bowls for sound therapy for your store,singing bowls for sound therapy for your store,,,,,,https://faire.com,United States,Wholesale Importer,himalayan-sound-healing-bowls,web_search,web_search,https://www.faire.com/discover/singing-bowls-for-sound-therapy,Handmade Full Moon Singing Bowl Set – 7 Metal Tibetan Bowls from Nepal | Perfectly Tuned for Sound Healing & Meditation.,Handmade Full Moon Singing Bowl Set – 7 Metal Tibetan Bowls from Nepal | Perfectly Tuned for Sound Healing & Meditation.,missing,missing,False,False,pending,,,,,not_eligible,False,2026-09-07T16:35:04.486815+00:00,2026-09-07T16:35:04.486815+00:00,2026-09-07T16:35:04.486815+00:00,True,False,Missing email address,,,,,,
6f099ec7eb78,6f099ec7eb78,Your Guide to Quality Sourcing and Sales,Your Guide to Quality Sourcing and Sales,,,,,,https://singingbowlswholesaler.weebly.com,United States,Wholesale Importer,himalayan-sound-healing-bowls,web_search,web_search,https://singingbowlswholesaler.weebly.com/home/singing-bowls-wholesaler-in-usa-your-guide-to-quality-sourcing-and-sales,US Sound Healing NicheMark up 2-3 times wholesale. A $20 bowl sells at $50-60 easy. Test markets for sweet spots. Watch rivals.,US Sound Healing NicheMark up 2-3 times wholesale. A $20 bowl sells at $50-60 easy. Test markets for sweet spots. Watch rivals.,missing,missing,False,False,pending,,,,,not_eligible,False,2026-09-07T16:35:04.486840+00:00,2026-09-07T16:35:04.486840+00:00,2026-09-07T16:35:04.486840+00:00,True,False,Missing email address,,,,,,
9d1a15703bff,9d1a15703bff,Tibetan Singing Bowls in USA -,Tibetan Singing Bowls in USA -,,,,,,https://indiancraftcentre.com,United States,Wholesale Importer,himalayan-sound-healing-bowls,web_search,web_search,https://www.indiancraftcentre.com/blog/wholesale-tibetan-singing-bowls-in-usa/?srsltid=AfmBOorYeMdVJTMOyxAijP0snUgqc8nQvb6rGqsXdwHhqR83oY9raRYi,We offer a collection of handcrafted Tibetan and Himalayan singing bowls made by skilled Indian artisans using traditional craftsmanship.,We offer a collection of handcrafted Tibetan and Himalayan singing bowls made by skilled Indian artisans using traditional craftsmanship.,missing,missing,False,False,pending,,,,,not_eligible,False,2026-09-07T16:35:04.486864+00:00,2026-09-07T16:35:04.486864+00:00,2026-09-07T16:35:04.486864+00:00,True,False,Missing email address,,,,,,
2ab56a6c7755,2ab56a6c7755,About Us,About Us,,,,,,https://singingbowlsspecialist.com,United States,Wholesale Importer,himalayan-sound-healing-bowls,web_search,web_search,https://www.singingbowlsspecialist.com/about.html,"Every bowl crafted by our artisans carries a story of devotion, skilled artistry, and spiritual resonance. We take pride in keeping ancient Himalayan and ...","Every bowl crafted by our artisans carries a story of devotion, skilled artistry, and spiritual resonance. We take pride in keeping ancient Himalayan and ...",missing,missing,False,False,pending,,,,,not_eligible,False,2026-09-07T16:35:04.486889+00:00,2026-09-07T16:35:04.486889+00:00,2026-09-07T16:35:04.486889+00:00,True,False,Missing email address,,,,,,
6090c2ec398d,6090c2ec398d,Soundtopia: Singing Bowls for Sale,Soundtopia: Singing Bowls for Sale,,,,,,https://soundtopia.com,United States,Wholesale Importer,himalayan-sound-healing-bowls,web_search,web_search,https://www.soundtopia.com/?srsltid=AfmBOopLH1Stsw-RTLB50rwIGmWKFk6Mh37vAC-B8OGECcqBtzlLJJJc,"Shop the world's largest selection of singing bowls at Soundtopia — Himalayan & crystal bowls, gongs, and sound healing instruments, with audio for every ...","Shop the world's largest selection of singing bowls at Soundtopia — Himalayan & crystal bowls, gongs, and sound healing instruments, with audio for every ...",missing,missing,False,False,pending,,,,,not_eligible,False,2026-09-07T16:36:01.827837+00:00,2026-09-07T16:36:01.827837+00:00,2026-09-07T16:36:01.827837+00:00,True,False,Missing email address,,,,,,
b87cdd6e214e,b87cdd6e214e,How to Import  Himalayan Singing Bowls from ...,How to Import  Himalayan Singing Bowls from ...,,,,business@besthimalaya.com,,https://besthimalaya.com,United States,Wholesale Importer,himalayan-sound-healing-bowls,web_search,web_search,https://besthimalaya.com/blogs/singing-bowl/how-to-import-wholesale-himalayan-singing-bowls-from-nepal-to-the-usa?srsltid=AfmBOop0y0NIad10JjUzC2DCoxX1PIr4YtWzj2lT0RONU1TSQ_eJm_Qz,"Learn how to import authentic Tibetan singing bowls in bulk from Nepal to the USA. A complete guide for wellness brands, shops, ...","Learn how to import authentic Tibetan singing bowls in bulk from Nepal to the USA. A complete guide for wellness brands, shops, ...",valid,valid,True,True,needs_review,50,0.6,"The company website and snippet suggest a guide or information resource on importing singing bowls, not a direct B2B buyer.",medium,not_eligible,False,2026-09-07T16:36:01.828353+00:00,2026-09-07T16:36:01.828353+00:00,2026-09-07T16:36:01.828353+00:00,True,False,Syntax Valid,individual,,,,,
c83f9c8adf51,c83f9c8adf51,How to find a supplier for singing bowls for sound,How to find a supplier for singing bowls for sound,,,,,,https://facebook.com,United States,Wholesale Importer,himalayan-sound-healing-bowls,web_search,web_search,https://www.facebook.com/groups/235814466274117/posts/572076925981201/,Have any of you gone the route of selling singing bowls along with your sound bath services? How did you find your supplier?,Have any of you gone the route of selling singing bowls along with your sound bath services? How did you find your supplier?,missing,missing,False,False,pending,,,,,not_eligible,False,2026-09-07T16:36:01.828402+00:00,2026-09-07T16:36:01.828402+00:00,2026-09-07T16:36:01.828402+00:00,True,False,Missing email address,,,,,,
5b4b14ed7eee,5b4b14ed7eee,Singing bowls,Singing bowls,,,,,,https://phoeniximport.com,United States,Wholesale Importer,himalayan-sound-healing-bowls,web_search,web_search,https://www.phoeniximport.com/en/collections/singing-bowls-and-more,"Supplier of Singing bowls and more ✓ Metal and Crystal singing bowls ✓ Tuning forks, Gongs ✓ Phoenix Import B2B wholesale ✓ Quick delivery ✓ Order ...","Supplier of Singing bowls and more ✓ Metal and Crystal singing bowls ✓ Tuning forks, Gongs ✓ Phoenix Import B2B wholesale ✓ Quick delivery ✓ Order ...",missing,missing,False,False,pending,,,,,not_eligible,False,2026-09-07T16:36:01.828439+00:00,2026-09-07T16:36:01.828439+00:00,2026-09-07T16:36:01.828439+00:00,True,False,Missing email address,,,,,,
7f69b15093f2,7f69b15093f2,Gopali Authentic Tibetan Singing Bowls & Sound Hea,Gopali Authentic Tibetan Singing Bowls & Sound Hea,,,,,,https://gopaliimports.com,United States,Wholesale Importer,himalayan-sound-healing-bowls,web_search,web_search,https://gopaliimports.com/,"Discover handcrafted Tibetan singing bowls from Nepal. Experience sound healing sessions, certifications, and wholesale access with Gopali Imports.","Discover handcrafted Tibetan singing bowls from Nepal. Experience sound healing sessions, certifications, and wholesale access with Gopali Imports.",missing,missing,False,False,pending,,,,,not_eligible,False,2026-09-07T16:36:01.828466+00:00,2026-09-07T16:36:01.828466+00:00,2026-09-07T16:36:01.828466+00:00,True,False,Missing email address,,,,,,
34a59e09eb9e,34a59e09eb9e,singing bowls for sound therapy for your store,singing bowls for sound therapy for your store,,,,,,https://faire.com,United States,Wholesale Importer,himalayan-sound-healing-bowls,web_search,web_search,https://www.faire.com/discover/singing-bowls-for-sound-therapy,Handmade Full Moon Singing Bowl Set – 7 Metal Tibetan Bowls from Nepal | Perfectly Tuned for Sound Healing & Meditation.,Handmade Full Moon Singing Bowl Set – 7 Metal Tibetan Bowls from Nepal | Perfectly Tuned for Sound Healing & Meditation.,missing,missing,False,False,pending,,,,,not_eligible,False,2026-09-07T16:36:01.828495+00:00,2026-09-07T16:36:01.828495+00:00,2026-09-07T16:36:01.828495+00:00,True,False,Missing email address,,,,,,
da9f589de788,da9f589de788,"62  ""Singing Bowls"" suppliers & manufacturers","62  ""Singing Bowls"" suppliers & manufacturers",,,,,,https://globalsources.com,United States,Wholesale Importer,himalayan-sound-healing-bowls,web_search,web_search,https://www.globalsources.com/china-suppliers/singing-bowls.htm,"62 wholesale ""Singing Bowls"" suppliers & manufacturers · Tibetan Singing Bowl Meditation Sound Bowl Handcrafted in Nepal for Yoga, Chakra Healing, Mindfulnes.","62 wholesale ""Singing Bowls"" suppliers & manufacturers · Tibetan Singing Bowl Meditation Sound Bowl Handcrafted in Nepal for Yoga, Chakra Healing, Mindfulnes.",missing,missing,False,False,pending,,,,,not_eligible,False,2026-09-07T16:36:01.828522+00:00,2026-09-07T16:36:01.828522+00:00,2026-09-07T16:36:01.828522+00:00,True,False,Missing email address,,,,,,
83c867fd53ef,83c867fd53ef,Singing Bowls:,Singing Bowls:,,,,,,https://newageincense.com,United States,Wholesale Importer,himalayan-sound-healing-bowls,web_search,web_search,https://newageincense.com/wholesale-singing-bowls,"We are importer, wholesaler, and distributor of Incense, Incense Burners, Altar Supplies, Pagan Supplies, Tapestries, Totes, Smudges & Herbs, Tibetan Products, ...","We are importer, wholesaler, and distributor of Incense, Incense Burners, Altar Supplies, Pagan Supplies, Tapestries, Totes, Smudges & Herbs, Tibetan Products, ...",missing,missing,False,False,pending,,,,,not_eligible,False,2026-09-07T16:36:01.828548+00:00,2026-09-07T16:36:01.828548+00:00,2026-09-07T16:36:01.828548+00:00,True,False,Missing email address,,,,,,
7c4af816e047,7c4af816e047,Tibetan Singing Bowls,Tibetan Singing Bowls,,,,,,https://bellsofbliss.com,United States,Wholesale Importer,himalayan-sound-healing-bowls,web_search,web_search,https://bellsofbliss.com/?srsltid=AfmBOopEQFeestEXizaHhfbGerIpdSR8PTNHCLW7UHGYXqh79aVA9wsp,Add some magic to your life with Tibetan singing bowl or a singing bowl set. Bells of Bliss offers a wide range of top-quality hand picked sound bowls.,Add some magic to your life with Tibetan singing bowl or a singing bowl set. Bells of Bliss offers a wide range of top-quality hand picked sound bowls.,missing,missing,False,False,pending,,,,,not_eligible,False,2026-09-07T16:36:01.828573+00:00,2026-09-07T16:36:01.828573+00:00,2026-09-07T16:36:01.828573+00:00,True,False,Missing email address,,,,,,
6090c2ec398d,6090c2ec398d,Soundtopia: Singing Bowls for Sale,Soundtopia: Singing Bowls for Sale,,,,,,https://soundtopia.com,United States,Wholesale Importer,himalayan-sound-healing-bowls,web_search,web_search,https://www.soundtopia.com/?srsltid=AfmBOoq36-ANRSb4zre0_fsC99lxE4XBbIR0LqJ-iK9z1I9u_1dZ04r8,"Shop the world's largest selection of singing bowls at Soundtopia — Himalayan & crystal bowls, gongs, and sound healing instruments, with audio for every ...","Shop the world's largest selection of singing bowls at Soundtopia — Himalayan & crystal bowls, gongs, and sound healing instruments, with audio for every ...",missing,missing,False,False,pending,,,,,not_eligible,False,2026-09-07T16:37:32.930673+00:00,2026-09-07T16:37:32.930673+00:00,2026-09-07T16:37:32.930673+00:00,True,False,Missing email address,,,,,,
b87cdd6e214e,b87cdd6e214e,How to Import  Himalayan Singing Bowls from ...,How to Import  Himalayan Singing Bowls from ...,,,,business@besthimalaya.com,,https://besthimalaya.com,United States,Wholesale Importer,himalayan-sound-healing-bowls,web_search,web_search,https://besthimalaya.com/blogs/singing-bowl/how-to-import-wholesale-himalayan-singing-bowls-from-nepal-to-the-usa?srsltid=AfmBOoqmFa7f_eXGCiob4qhBgF6HHM5J09RlgM-VLiwoIHJPhzNl0I1V,"Learn how to import authentic Tibetan singing bowls in bulk from Nepal to the USA. A complete guide for wellness brands, shops, ...","Learn how to import authentic Tibetan singing bowls in bulk from Nepal to the USA. A complete guide for wellness brands, shops, ...",valid,valid,True,True,needs_review,50,0.6,"The company website and snippet suggest a guide or information resource on importing singing bowls, not a direct B2B buyer.",medium,not_eligible,False,2026-09-07T16:37:32.931416+00:00,2026-09-07T16:37:32.931416+00:00,2026-09-07T16:37:32.931416+00:00,True,False,Syntax Valid,individual,,,,,
c83f9c8adf51,c83f9c8adf51,How to find a supplier for singing bowls for sound,How to find a supplier for singing bowls for sound,,,,,,https://facebook.com,United States,Wholesale Importer,himalayan-sound-healing-bowls,web_search,web_search,https://www.facebook.com/groups/235814466274117/posts/572076925981201/,Have any of you gone the route of selling singing bowls along with your sound bath services? How did you find your supplier?,Have any of you gone the route of selling singing bowls along with your sound bath services? How did you find your supplier?,missing,missing,False,False,pending,,,,,not_eligible,False,2026-09-07T16:37:32.931488+00:00,2026-09-07T16:37:32.931488+00:00,2026-09-07T16:37:32.931488+00:00,True,False,Missing email address,,,,,,
5b4b14ed7eee,5b4b14ed7eee,Singing bowls,Singing bowls,,,,,,https://phoeniximport.com,United States,Wholesale Importer,himalayan-sound-healing-bowls,web_search,web_search,https://www.phoeniximport.com/en/collections/singing-bowls-and-more,"Supplier of Singing bowls and more ✓ Metal and Crystal singing bowls ✓ Tuning forks, Gongs ✓ Phoenix Import B2B wholesale ✓ Quick delivery ✓ Order ...","Supplier of Singing bowls and more ✓ Metal and Crystal singing bowls ✓ Tuning forks, Gongs ✓ Phoenix Import B2B wholesale ✓ Quick delivery ✓ Order ...",missing,missing,False,False,pending,,,,,not_eligible,False,2026-09-07T16:37:32.931529+00:00,2026-09-07T16:37:32.931529+00:00,2026-09-07T16:37:32.931529+00:00,True,False,Missing email address,,,,,,
7f69b15093f2,7f69b15093f2,Gopali Authentic Tibetan Singing Bowls & Sound Hea,Gopali Authentic Tibetan Singing Bowls & Sound Hea,,,,,,https://gopaliimports.com,United States,Wholesale Importer,himalayan-sound-healing-bowls,web_search,web_search,https://gopaliimports.com/,"Discover handcrafted Tibetan singing bowls from Nepal. Experience sound healing sessions, certifications, and wholesale access with Gopali Imports.","Discover handcrafted Tibetan singing bowls from Nepal. Experience sound healing sessions, certifications, and wholesale access with Gopali Imports.",missing,missing,False,False,pending,,,,,not_eligible,False,2026-09-07T16:37:32.931565+00:00,2026-09-07T16:37:32.931565+00:00,2026-09-07T16:37:32.931565+00:00,True,False,Missing email address,,,,,,
34a59e09eb9e,34a59e09eb9e,singing bowls for sound therapy for your store,singing bowls for sound therapy for your store,,,,,,https://faire.com,United States,Wholesale Importer,himalayan-sound-healing-bowls,web_search,web_search,https://www.faire.com/discover/singing-bowls-for-sound-therapy,Handmade Full Moon Singing Bowl Set – 7 Metal Tibetan Bowls from Nepal | Perfectly Tuned for Sound Healing & Meditation.,Handmade Full Moon Singing Bowl Set – 7 Metal Tibetan Bowls from Nepal | Perfectly Tuned for Sound Healing & Meditation.,missing,missing,False,False,pending,,,,,not_eligible,False,2026-09-07T16:37:32.931786+00:00,2026-09-07T16:37:32.931786+00:00,2026-09-07T16:37:32.931786+00:00,True,False,Missing email address,,,,,,
da9f589de788,da9f589de788,"62  ""Singing Bowls"" suppliers & manufacturers","62  ""Singing Bowls"" suppliers & manufacturers",,,,,,https://globalsources.com,United States,Wholesale Importer,himalayan-sound-healing-bowls,web_search,web_search,https://www.globalsources.com/china-suppliers/singing-bowls.htm,"62 wholesale ""Singing Bowls"" suppliers & manufacturers · Tibetan Singing Bowl Meditation Sound Bowl Handcrafted in Nepal for Yoga, Chakra Healing, Mindfulnes.","62 wholesale ""Singing Bowls"" suppliers & manufacturers · Tibetan Singing Bowl Meditation Sound Bowl Handcrafted in Nepal for Yoga, Chakra Healing, Mindfulnes.",missing,missing,False,False,pending,,,,,not_eligible,False,2026-09-07T16:37:32.931821+00:00,2026-09-07T16:37:32.931821+00:00,2026-09-07T16:37:32.931821+00:00,True,False,Missing email address,,,,,,
83c867fd53ef,83c867fd53ef,Singing Bowls:,Singing Bowls:,,,,,,https://newageincense.com,United States,Wholesale Importer,himalayan-sound-healing-bowls,web_search,web_search,https://newageincense.com/wholesale-singing-bowls,"We are importer, wholesaler, and distributor of Incense, Incense Burners, Altar Supplies, Pagan Supplies, Tapestries, Totes, Smudges & Herbs, Tibetan Products, ...","We are importer, wholesaler, and distributor of Incense, Incense Burners, Altar Supplies, Pagan Supplies, Tapestries, Totes, Smudges & Herbs, Tibetan Products, ...",missing,missing,False,False,pending,,,,,not_eligible,False,2026-09-07T16:37:32.931851+00:00,2026-09-07T16:37:32.931851+00:00,2026-09-07T16:37:32.931851+00:00,True,False,Missing email address,,,,,,
7c4af816e047,7c4af816e047,Tibetan Singing Bowls,Tibetan Singing Bowls,,,,,,https://bellsofbliss.com,United States,Wholesale Importer,himalayan-sound-healing-bowls,web_search,web_search,https://bellsofbliss.com/?srsltid=AfmBOoqu__Brf7wYxxC2XbwG7JoIt-wUj20kPnU8ySQ5uYu146TskyDS,Add some magic to your life with Tibetan singing bowl or a singing bowl set. Bells of Bliss offers a wide range of top-quality hand picked sound bowls.,Add some magic to your life with Tibetan singing bowl or a singing bowl set. Bells of Bliss offers a wide range of top-quality hand picked sound bowls.,missing,missing,False,False,pending,,,,,not_eligible,False,2026-09-07T16:37:32.931880+00:00,2026-09-07T16:37:32.931880+00:00,2026-09-07T16:37:32.931880+00:00,True,False,Missing email address,,,,,,
207a9dfa45fe,207a9dfa45fe,sound bowls for your store,sound bowls for your store,,,,,,https://faire.com,United States,Wholesale Importer,himalayan-sound-healing-bowls,web_search,web_search,https://www.faire.com/discover/sound-bowls,Explore a diverse selection of sound bowls wholesale in the USA. Sound Healing & Meditation … starting at just $100.00. Himalayan Healing,Explore a diverse selection of sound bowls wholesale in the USA. Sound Healing & Meditation … starting at just $100.00. Himalayan Healing,missing,missing,False,False,pending,,,,,not_eligible,False,2026-09-07T18:14:48.862172+00:00,2026-09-07T18:14:48.862172+00:00,2026-09-07T18:14:48.862172+00:00,True,False,Missing email address,,,,,,
5ca6e50a160c,5ca6e50a160c,Singing Bowls,Singing Bowls,,,,,,https://dharmashop.com,United States,Wholesale Importer,himalayan-sound-healing-bowls,web_search,web_search,https://www.dharmashop.com/collections/wholesale-singing-bowls?srsltid=AfmBOoqtXbhHskAaSFfHosbPY-7jNN71DV4itjr1AZ9VTZrGUdt0W6ll,"Fire and Tradition Singing Bowl Set of 3. $ 437.00. Add to cart. Masterpiece Sound Therapy Set of 5. $ 1,039.00. Add to cart.","Fire and Tradition Singing Bowl Set of 3. $ 437.00. Add to cart. Masterpiece Sound Therapy Set of 5. $ 1,039.00. Add to cart.",missing,missing,False,False,pending,,,,,not_eligible,False,2026-09-07T18:14:48.862281+00:00,2026-09-07T18:14:48.862281+00:00,2026-09-07T18:14:48.862281+00:00,True,False,Missing email address,,,,,,
6090c2ec398d,6090c2ec398d,Soundtopia: Singing Bowls for Sale,Soundtopia: Singing Bowls for Sale,,,,,1.800.494.1369,https://soundtopia.com,United States,Wholesale Importer,himalayan-sound-healing-bowls,web_search,web_search,https://www.soundtopia.com/?srsltid=AfmBOoqFK7zpZt23LRGyULqQb9WNc0qpJSKAo29JZv6951ng6EYgDehE,"Toll Free USA & Canada 1.800.494.1369 … largest US-based supplier of Crystal and Himalayan Singing Bowls, with over 10,000 unique pieces in stock—each","Toll Free USA & Canada 1.800.494.1369 … largest US-based supplier of Crystal and Himalayan Singing Bowls, with over 10,000 unique pieces in stock—each",missing,missing,False,False,pending,,,,,not_eligible,False,2026-09-07T18:14:48.862329+00:00,2026-09-07T18:14:48.862329+00:00,2026-09-07T18:14:48.862329+00:00,True,False,Missing email address,,,,,,
5b4b14ed7eee,5b4b14ed7eee,Singing bowls,Singing bowls,,,,,,https://phoeniximport.com,United States,Wholesale Importer,himalayan-sound-healing-bowls,web_search,web_search,https://www.phoeniximport.com/en/collections/singing-bowls-and-more,"The sound wave of the High Ohm octave has a soothing and healing effect and can help restore the balance in the aura, which further benefits the physical body.","The sound wave of the High Ohm octave has a soothing and healing effect and can help restore the balance in the aura, which further benefits the physical body.",missing,missing,False,False,pending,,,,,not_eligible,False,2026-09-07T18:14:48.862365+00:00,2026-09-07T18:14:48.862365+00:00,2026-09-07T18:14:48.862365+00:00,True,False,Missing email address,,,,,,
5a4640a3a1f8,5a4640a3a1f8,Himalayan Bazaar: Singing Bowls,Himalayan Bazaar: Singing Bowls,,,,,,https://amazon.com,United States,Wholesale Importer,himalayan-sound-healing-bowls,web_search,web_search,https://www.amazon.com/stores/HimalayanBazaar/page/D340CF5B-84B9-45FB-9C86-E4786FB439C9,Premium Tibetan Singing Bowl Set - Authentic Handcrafted Mindfulness Meditation Holistic Sound 7 Chakra Healing Gift by Himalayan Bazaar (3... You pay $15.17.,Premium Tibetan Singing Bowl Set - Authentic Handcrafted Mindfulness Meditation Holistic Sound 7 Chakra Healing Gift by Himalayan Bazaar (3... You pay $15.17.,missing,missing,False,False,pending,,,,,not_eligible,False,2026-09-07T18:14:48.862397+00:00,2026-09-07T18:14:48.862397+00:00,2026-09-07T18:14:48.862397+00:00,False,False,Missing email address,,,,,,
13ac10a6e7b7,13ac10a6e7b7,Singing Bowls,Singing Bowls,,,,,,https://oceaniclink.com,United States,Wholesale Importer,himalayan-sound-healing-bowls,web_search,web_search,https://oceaniclink.com/product-category/meditation-tools/singing-bowls/,"Oceanic Linkways has an assortment of singing bowls & Wholesale Pricing! Sold to have therapeutic effects, promoting relaxation, stress reduction, and even ...","Oceanic Linkways has an assortment of singing bowls & Wholesale Pricing! Sold to have therapeutic effects, promoting relaxation, stress reduction, and even ...",missing,missing,False,False,pending,,,,,not_eligible,False,2026-09-07T18:14:48.862427+00:00,2026-09-07T18:14:48.862427+00:00,2026-09-07T18:14:48.862427+00:00,True,False,Missing email address,,,,,,
c14db34503a7,c14db34503a7,Himalayan Bowls,Himalayan Bowls,,,,support@himalayanbowls.com,,https://himalayanbowls.com,United States,Wholesale Importer,himalayan-sound-healing-bowls,web_search,web_search,https://www.himalayanbowls.com/,"Himalayan Bowls, the world's best handmade singing bowls. We record and photograph each bowl so you can pick exactly what speaks to you.","Himalayan Bowls, the world's best handmade singing bowls. We record and photograph each bowl so you can pick exactly what speaks to you.",valid,valid,True,True,needs_review,55,0.7,"Appears to be an existing retailer or producer of Himalayan singing bowls, making their fit as an importer for our product ambiguous or potentially competitive.",medium,not_eligible,False,2026-09-07T18:14:48.880910+00:00,2026-09-07T18:14:48.880910+00:00,2026-09-07T18:14:48.880910+00:00,True,False,Syntax Valid,individual,,,,,
7c4af816e047,7c4af816e047,Tibetan Singing Bowls,Tibetan Singing Bowls,,,,,,https://bellsofbliss.com,United States,Wholesale Importer,himalayan-sound-healing-bowls,web_search,web_search,https://bellsofbliss.com/?srsltid=AfmBOor_T70vDzB-wvul4CtZxGZXZCb54kT7rxEwBdLIOWC7QC992eih,Bells of Bliss offers a wide range of top-quality hand picked sound bowls. FREE SHIPPING WITHIN USA … sourced from across the Himalayan region. Himalayan ...,Bells of Bliss offers a wide range of top-quality hand picked sound bowls. FREE SHIPPING WITHIN USA … sourced from across the Himalayan region. Himalayan ...,missing,missing,False,False,pending,,,,,not_eligible,False,2026-09-07T18:14:48.880994+00:00,2026-09-07T18:14:48.880994+00:00,2026-09-07T18:14:48.880994+00:00,True,False,Missing email address,,,,,,
83c867fd53ef,83c867fd53ef,Singing Bowls:,Singing Bowls:,,,,,,https://newageincense.com,United States,Wholesale Importer,himalayan-sound-healing-bowls,web_search,web_search,https://newageincense.com/wholesale-singing-bowls,"We are importer, wholesaler, and distributor of Incense, Incense Burners, Altar Supplies, Pagan Supplies, Tapestries, Totes, Smudges & Herbs, Tibetan Products, ...","We are importer, wholesaler, and distributor of Incense, Incense Burners, Altar Supplies, Pagan Supplies, Tapestries, Totes, Smudges & Herbs, Tibetan Products, ...",missing,missing,False,False,pending,,,,,not_eligible,False,2026-09-07T18:14:48.881035+00:00,2026-09-07T18:14:48.881035+00:00,2026-09-07T18:14:48.881035+00:00,True,False,Missing email address,,,,,,
fa4bda31b484,fa4bda31b484,Himalayan Singing Bowls,Himalayan Singing Bowls,,,,,,https://himalayasshop.com,United States,Wholesale Importer,himalayan-sound-healing-bowls,web_search,web_search,https://www.himalayasshop.com/collections/himalayas-singing-bowl,Authentic handmade Himalayas Singing Bowl. Large collection of Tibetan and Nepalese Singing Bowls. Listen Sound and Buy now online.,Authentic handmade Himalayas Singing Bowl. Large collection of Tibetan and Nepalese Singing Bowls. Listen Sound and Buy now online.,missing,missing,False,False,pending,,,,,not_eligible,False,2026-09-07T18:14:48.881071+00:00,2026-09-07T18:14:48.881071+00:00,2026-09-07T18:14:48.881071+00:00,False,False,Missing email address,,,,,,
3751e742091a,3751e742091a,Calming Sound Bowl for Relaxation and Inner Harmon,Calming Sound Bowl for Relaxation and Inner Harmon,,,,,,https://etsy.com,United States,Wholesale Importer,himalayan-sound-healing-bowls,web_search,web_search,https://www.etsy.com/listing/797015392/handcrafted-tibetan-singing-bowl-singing,"Crafted by the esteemed Tamrakar family in Nepal, this exquisite bowl exudes soothing vibrations, perfect for sound meditation and self-healing.","Crafted by the esteemed Tamrakar family in Nepal, this exquisite bowl exudes soothing vibrations, perfect for sound meditation and self-healing.",missing,missing,False,False,pending,,,,,not_eligible,False,2026-09-07T18:14:48.881105+00:00,2026-09-07T18:14:48.881105+00:00,2026-09-07T18:14:48.881105+00:00,True,False,Missing email address,,,,,,
99bdde203fa9,99bdde203fa9,Bodhisattva Trading Company,Bodhisattva Trading Company,,,,,,https://bodhisattva.com,United States,Wholesale Importer,himalayan-sound-healing-bowls,web_search,web_search,https://bodhisattva.com/?srsltid=AfmBOormYqka9H8NBv4jK0AIeISOQ4JMsKxGxwOD3b176R21ccHRFFBz,"Since 1996, Bodhisattva® has sourced Master-Quality Himalayan singing bowls from Nepal. Our metal singing bowls are hand-selected based on sound quality, ...","Since 1996, Bodhisattva® has sourced Master-Quality Himalayan singing bowls from Nepal. Our metal singing bowls are hand-selected based on sound quality, ...",missing,missing,False,False,pending,,,,,not_eligible,False,2026-09-07T18:14:48.881139+00:00,2026-09-07T18:14:48.881139+00:00,2026-09-07T18:14:48.881139+00:00,False,False,Missing email address,,,,,,
0bbb9550ce49,0bbb9550ce49,Authentic 7 metal Tibetan sound bowls in the USA?,Authentic 7 metal Tibetan sound bowls in the USA?,,,,,,https://facebook.com,United States,Wholesale Importer,himalayan-sound-healing-bowls,web_search,web_search,https://www.facebook.com/groups/235814466274117/posts/460344400487788/,Hi there! Looking for a friend of mine to buy some sound bowls - specifically authentic 7 metal Tibetan bowls. I bought mine in India but am wondering ...,Hi there! Looking for a friend of mine to buy some sound bowls - specifically authentic 7 metal Tibetan bowls. I bought mine in India but am wondering ...,missing,missing,False,False,pending,,,,,not_eligible,False,2026-09-07T18:14:48.881203+00:00,2026-09-07T18:14:48.881203+00:00,2026-09-07T18:14:48.881203+00:00,False,False,Missing email address,,,,,,
43b06dbe75d4,43b06dbe75d4,Does the Sound of a Singing Bowl Synchronize Medit,Does the Sound of a Singing Bowl Synchronize Medit,,,,,,https://pmc.ncbi.nlm.nih.gov,United States,Wholesale Importer,himalayan-sound-healing-bowls,web_search,web_search,https://pmc.ncbi.nlm.nih.gov/articles/PMC10298245/,"by SC Kim · 2023 · Cited by 22 — The singing bowl sound is known to facilitate physiological and psychological responses, such as stabilizing blood pressure and heart rate [2,4]. Although the ...","by SC Kim · 2023 · Cited by 22 — The singing bowl sound is known to facilitate physiological and psychological responses, such as stabilizing blood pressure and heart rate [2,4]. Although the ...",missing,missing,False,False,pending,,,,,not_eligible,False,2026-09-07T18:14:48.881235+00:00,2026-09-07T18:14:48.881235+00:00,2026-09-07T18:14:48.881235+00:00,False,False,Missing email address,,,,,,
207a9dfa45fe,207a9dfa45fe,sound bowls for your store,sound bowls for your store,,,,,,https://faire.com,United States,Wholesale Importer,himalayan-sound-healing-bowls,web_search,web_search,https://www.faire.com/discover/sound-bowls,Explore a diverse selection of sound bowls wholesale in the USA. Sound Healing & Meditation … starting at just $100.00. Himalayan Healing,Explore a diverse selection of sound bowls wholesale in the USA. Sound Healing & Meditation … starting at just $100.00. Himalayan Healing,missing,missing,False,False,pending,,,,,not_eligible,False,2026-09-07T18:48:15.442183+00:00,2026-09-07T18:48:15.442183+00:00,2026-09-07T18:48:15.442183+00:00,True,False,Missing email address,,,,,,
5ca6e50a160c,5ca6e50a160c,Singing Bowls,Singing Bowls,,,,,,https://dharmashop.com,United States,Wholesale Importer,himalayan-sound-healing-bowls,web_search,web_search,https://www.dharmashop.com/collections/wholesale-singing-bowls?srsltid=AfmBOorj5G41iWSPKJrXHDBaHxvf4cUb6UN0Ydzy7meQvekwo2CRRSBN,"Fire and Tradition Singing Bowl Set of 3. $ 437.00. Add to cart. Masterpiece Sound Therapy Set of 5. $ 1,039.00. Add to cart.","Fire and Tradition Singing Bowl Set of 3. $ 437.00. Add to cart. Masterpiece Sound Therapy Set of 5. $ 1,039.00. Add to cart.",missing,missing,False,False,pending,,,,,not_eligible,False,2026-09-07T18:48:15.442646+00:00,2026-09-07T18:48:15.442646+00:00,2026-09-07T18:48:15.442646+00:00,True,False,Missing email address,,,,,,
5b4b14ed7eee,5b4b14ed7eee,Singing bowls,Singing bowls,,,,,,https://phoeniximport.com,United States,Wholesale Importer,himalayan-sound-healing-bowls,web_search,web_search,https://www.phoeniximport.com/en/collections/singing-bowls-and-more,"The sound wave of the High Ohm octave has a soothing and healing effect and can help restore the balance in the aura, which further benefits the physical body.","The sound wave of the High Ohm octave has a soothing and healing effect and can help restore the balance in the aura, which further benefits the physical body.",missing,missing,False,False,pending,,,,,not_eligible,False,2026-09-07T18:48:15.442669+00:00,2026-09-07T18:48:15.442669+00:00,2026-09-07T18:48:15.442669+00:00,True,False,Missing email address,,,,,,
6090c2ec398d,6090c2ec398d,Soundtopia: Singing Bowls for Sale,Soundtopia: Singing Bowls for Sale,,,,,1.800.494.1369,https://soundtopia.com,United States,Wholesale Importer,himalayan-sound-healing-bowls,web_search,web_search,https://www.soundtopia.com/?srsltid=AfmBOooDrlpES9APCH4Vj9IClMScHs28WVHHwaOgtd7W454jUWLZICvD,"Toll Free USA & Canada 1.800.494.1369 … largest US-based supplier of Crystal and Himalayan Singing Bowls, with over 10,000 unique pieces in stock—each","Toll Free USA & Canada 1.800.494.1369 … largest US-based supplier of Crystal and Himalayan Singing Bowls, with over 10,000 unique pieces in stock—each",missing,missing,False,False,pending,,,,,not_eligible,False,2026-09-07T18:48:15.442683+00:00,2026-09-07T18:48:15.442683+00:00,2026-09-07T18:48:15.442683+00:00,True,False,Missing email address,,,,,,
7c4af816e047,7c4af816e047,Tibetan Singing Bowls,Tibetan Singing Bowls,,,,,,https://bellsofbliss.com,United States,Wholesale Importer,himalayan-sound-healing-bowls,web_search,web_search,https://bellsofbliss.com/?srsltid=AfmBOop4xiQG9O6mhE7FovV1O91xgRd3NAHlxU26NYnsbuh2YSiHJ36O,Bells of Bliss offers a wide range of top-quality hand picked sound bowls. FREE SHIPPING WITHIN USA … sourced from across the Himalayan region. Himalayan ...,Bells of Bliss offers a wide range of top-quality hand picked sound bowls. FREE SHIPPING WITHIN USA … sourced from across the Himalayan region. Himalayan ...,missing,missing,False,False,pending,,,,,not_eligible,False,2026-09-07T18:48:15.442696+00:00,2026-09-07T18:48:15.442696+00:00,2026-09-07T18:48:15.442696+00:00,True,False,Missing email address,,,,,,
5a4640a3a1f8,5a4640a3a1f8,Himalayan Bazaar: Singing Bowls,Himalayan Bazaar: Singing Bowls,,,,,,https://amazon.com,United States,Wholesale Importer,himalayan-sound-healing-bowls,web_search,web_search,https://www.amazon.com/stores/HimalayanBazaar/page/D340CF5B-84B9-45FB-9C86-E4786FB439C9,Premium Tibetan Singing Bowl Set - Authentic Handcrafted Mindfulness Meditation Holistic Sound 7 Chakra Healing Gift by Himalayan Bazaar (3... You pay $15.17.,Premium Tibetan Singing Bowl Set - Authentic Handcrafted Mindfulness Meditation Holistic Sound 7 Chakra Healing Gift by Himalayan Bazaar (3... You pay $15.17.,missing,missing,False,False,pending,,,,,not_eligible,False,2026-09-07T18:48:15.442708+00:00,2026-09-07T18:48:15.442708+00:00,2026-09-07T18:48:15.442708+00:00,True,False,Missing email address,,,,,,
c14db34503a7,c14db34503a7,Himalayan Bowls,Himalayan Bowls,,,,support@himalayanbowls.com,,https://himalayanbowls.com,United States,Wholesale Importer,himalayan-sound-healing-bowls,web_search,web_search,https://www.himalayanbowls.com/,"Himalayan Bowls, the world's best handmade singing bowls. We record and photograph each bowl so you can pick exactly what speaks to you.","Himalayan Bowls, the world's best handmade singing bowls. We record and photograph each bowl so you can pick exactly what speaks to you.",valid,valid,True,True,needs_review,55,0.7,"Appears to be an existing retailer or producer of Himalayan singing bowls, making their fit as an importer for our product ambiguous or potentially competitive.",medium,not_eligible,False,2026-09-07T18:48:15.453794+00:00,2026-09-07T18:48:15.453794+00:00,2026-09-07T18:48:15.453794+00:00,True,False,Syntax Valid,individual,,,,,
83c867fd53ef,83c867fd53ef,Singing Bowls:,Singing Bowls:,,,,,,https://newageincense.com,United States,Wholesale Importer,himalayan-sound-healing-bowls,web_search,web_search,https://newageincense.com/wholesale-singing-bowls,"Himalayan bowls or suzu gongs) Wholesale Minimum Order $100.00. Himalayan bowls or suzu gongs) We are importer, wholesaler, and distributor of Incense, ...","Himalayan bowls or suzu gongs) Wholesale Minimum Order $100.00. Himalayan bowls or suzu gongs) We are importer, wholesaler, and distributor of Incense, ...",missing,missing,False,False,pending,,,,,not_eligible,False,2026-09-07T18:48:15.453839+00:00,2026-09-07T18:48:15.453839+00:00,2026-09-07T18:48:15.453839+00:00,True,False,Missing email address,,,,,,
fa4bda31b484,fa4bda31b484,Himalayan Singing Bowls,Himalayan Singing Bowls,,,,,,https://himalayasshop.com,United States,Wholesale Importer,himalayan-sound-healing-bowls,web_search,web_search,https://www.himalayasshop.com/collections/himalayas-singing-bowl,Authentic handmade Himalayas Singing Bowl. Large collection of Tibetan and Nepalese Singing Bowls. Listen Sound and Buy now online.,Authentic handmade Himalayas Singing Bowl. Large collection of Tibetan and Nepalese Singing Bowls. Listen Sound and Buy now online.,missing,missing,False,False,pending,,,,,not_eligible,False,2026-09-07T18:48:15.453860+00:00,2026-09-07T18:48:15.453860+00:00,2026-09-07T18:48:15.453860+00:00,True,False,Missing email address,,,,,,
99bdde203fa9,99bdde203fa9,Bodhisattva Trading Company,Bodhisattva Trading Company,,,,,,https://bodhisattva.com,United States,Wholesale Importer,himalayan-sound-healing-bowls,web_search,web_search,https://bodhisattva.com/?srsltid=AfmBOorrQ2M8ybd3oODe2VQdE_u3ANdBThJI9VMrnLFkqB2LWpc2iBAE,"Since 1996, Bodhisattva® has sourced Master-Quality Himalayan singing bowls from Nepal. Our metal singing bowls are hand-selected based on sound quality, ...","Since 1996, Bodhisattva® has sourced Master-Quality Himalayan singing bowls from Nepal. Our metal singing bowls are hand-selected based on sound quality, ...",missing,missing,False,False,pending,,,,,not_eligible,False,2026-09-07T18:48:15.453877+00:00,2026-09-07T18:48:15.453877+00:00,2026-09-07T18:48:15.453877+00:00,True,False,Missing email address,,,,,,
0bbb9550ce49,0bbb9550ce49,Authentic 7 metal Tibetan sound bowls in the USA?,Authentic 7 metal Tibetan sound bowls in the USA?,,,,,,https://facebook.com,United States,Wholesale Importer,himalayan-sound-healing-bowls,web_search,web_search,https://www.facebook.com/groups/235814466274117/posts/460344400487788/,Hi there! Looking for a friend of mine to buy some sound bowls - specifically authentic 7 metal Tibetan bowls. I bought mine in India but am wondering ...,Hi there! Looking for a friend of mine to buy some sound bowls - specifically authentic 7 metal Tibetan bowls. I bought mine in India but am wondering ...,missing,missing,False,False,pending,,,,,not_eligible,False,2026-09-07T18:48:15.453943+00:00,2026-09-07T18:48:15.453943+00:00,2026-09-07T18:48:15.453943+00:00,True,False,Missing email address,,,,,,
43b06dbe75d4,43b06dbe75d4,Does the Sound of a Singing Bowl Synchronize Medit,Does the Sound of a Singing Bowl Synchronize Medit,,,,,,https://pmc.ncbi.nlm.nih.gov,United States,Wholesale Importer,himalayan-sound-healing-bowls,web_search,web_search,https://pmc.ncbi.nlm.nih.gov/articles/PMC10298245/,"by SC Kim · 2023 · Cited by 22 — The singing bowl sound is known to facilitate physiological and psychological responses, such as stabilizing blood pressure and heart rate [2,4]. Although the ...","by SC Kim · 2023 · Cited by 22 — The singing bowl sound is known to facilitate physiological and psychological responses, such as stabilizing blood pressure and heart rate [2,4]. Although the ...",missing,missing,False,False,pending,,,,,not_eligible,False,2026-09-07T18:48:15.453958+00:00,2026-09-07T18:48:15.453958+00:00,2026-09-07T18:48:15.453958+00:00,True,False,Missing email address,,,,,,
3751e742091a,3751e742091a,Calming Sound Bowl for Relaxation and Inner Harmon,Calming Sound Bowl for Relaxation and Inner Harmon,,,,,,https://etsy.com,United States,Wholesale Importer,himalayan-sound-healing-bowls,web_search,web_search,https://www.etsy.com/listing/797015392/handcrafted-tibetan-singing-bowl-singing,"Crafted by the esteemed Tamrakar family in Nepal, this exquisite bowl exudes soothing vibrations, perfect for sound meditation and self-healing. Light in weight ...","Crafted by the esteemed Tamrakar family in Nepal, this exquisite bowl exudes soothing vibrations, perfect for sound meditation and self-healing. Light in weight ...",missing,missing,False,False,pending,,,,,not_eligible,False,2026-09-07T18:48:15.453988+00:00,2026-09-07T18:48:15.453988+00:00,2026-09-07T18:48:15.453988+00:00,True,False,Missing email address,,,,,,
207a9dfa45fe,207a9dfa45fe,sound bowls for your store,sound bowls for your store,,,,,,https://faire.com,United States,Wholesale Importer,himalayan-sound-healing-bowls,web_search,web_search,https://www.faire.com/discover/sound-bowls,Explore a diverse selection of sound bowls wholesale in the USA. Sound Healing & Meditation … starting at just $100.00. Himalayan Healing,Explore a diverse selection of sound bowls wholesale in the USA. Sound Healing & Meditation … starting at just $100.00. Himalayan Healing,missing,missing,False,False,pending,,,,,not_eligible,False,2026-09-07T18:48:48.381724+00:00,2026-09-07T18:48:48.381724+00:00,2026-09-07T18:48:48.381724+00:00,True,False,Missing email address,,,,,,
5ca6e50a160c,5ca6e50a160c,Singing Bowls,Singing Bowls,,,,,,https://dharmashop.com,United States,Wholesale Importer,himalayan-sound-healing-bowls,web_search,web_search,https://www.dharmashop.com/collections/wholesale-singing-bowls?srsltid=AfmBOooBMHIVejvpRnZDlJONakdUkYCJUxfu9ipUk1xIeEN1mEsYAhj6,"Fire and Tradition Singing Bowl Set of 3. $ 437.00. Add to cart. Masterpiece Sound Therapy Set of 5. $ 1,039.00. Add to cart.","Fire and Tradition Singing Bowl Set of 3. $ 437.00. Add to cart. Masterpiece Sound Therapy Set of 5. $ 1,039.00. Add to cart.",missing,missing,False,False,pending,,,,,not_eligible,False,2026-09-07T18:48:48.381774+00:00,2026-09-07T18:48:48.381774+00:00,2026-09-07T18:48:48.381774+00:00,True,False,Missing email address,,,,,,
5b4b14ed7eee,5b4b14ed7eee,Singing bowls,Singing bowls,,,,,,https://phoeniximport.com,United States,Wholesale Importer,himalayan-sound-healing-bowls,web_search,web_search,https://www.phoeniximport.com/en/collections/singing-bowls-and-more,"The sound wave of the High Ohm octave has a soothing and healing effect and can help restore the balance in the aura, which further benefits the physical body.","The sound wave of the High Ohm octave has a soothing and healing effect and can help restore the balance in the aura, which further benefits the physical body.",missing,missing,False,False,pending,,,,,not_eligible,False,2026-09-07T18:48:48.381792+00:00,2026-09-07T18:48:48.381792+00:00,2026-09-07T18:48:48.381792+00:00,True,False,Missing email address,,,,,,
6090c2ec398d,6090c2ec398d,Soundtopia: Singing Bowls for Sale,Soundtopia: Singing Bowls for Sale,,,,,1.800.494.1369,https://soundtopia.com,United States,Wholesale Importer,himalayan-sound-healing-bowls,web_search,web_search,https://www.soundtopia.com/?srsltid=AfmBOooDULFmhM8pGGBcx94X4uuyFiqic7UQJfqkTsfXwtVUT0k9yMHC,"Toll Free USA & Canada 1.800.494.1369 … largest US-based supplier of Crystal and Himalayan Singing Bowls, with over 10,000 unique pieces in stock—each","Toll Free USA & Canada 1.800.494.1369 … largest US-based supplier of Crystal and Himalayan Singing Bowls, with over 10,000 unique pieces in stock—each",missing,missing,False,False,pending,,,,,not_eligible,False,2026-09-07T18:48:48.381806+00:00,2026-09-07T18:48:48.381806+00:00,2026-09-07T18:48:48.381806+00:00,True,False,Missing email address,,,,,,
13ac10a6e7b7,13ac10a6e7b7,Singing Bowls,Singing Bowls,,,,,,https://oceaniclink.com,United States,Wholesale Importer,himalayan-sound-healing-bowls,web_search,web_search,https://oceaniclink.com/product-category/meditation-tools/singing-bowls/,"Oceanic Linkways has an assortment of singing bowls & Wholesale Pricing! Sold to have therapeutic effects, promoting relaxation, stress reduction, and even ...","Oceanic Linkways has an assortment of singing bowls & Wholesale Pricing! Sold to have therapeutic effects, promoting relaxation, stress reduction, and even ...",missing,missing,False,False,pending,,,,,not_eligible,False,2026-09-07T18:48:48.381819+00:00,2026-09-07T18:48:48.381819+00:00,2026-09-07T18:48:48.381819+00:00,True,False,Missing email address,,,,,,
5a4640a3a1f8,5a4640a3a1f8,Himalayan Bazaar: Singing Bowls,Himalayan Bazaar: Singing Bowls,,,,,,https://amazon.com,United States,Wholesale Importer,himalayan-sound-healing-bowls,web_search,web_search,https://www.amazon.com/stores/HimalayanBazaar/page/D340CF5B-84B9-45FB-9C86-E4786FB439C9,Premium Tibetan Singing Bowl Set - Authentic Handcrafted Mindfulness Meditation Holistic Sound 7 Chakra Healing Gift by Himalayan Bazaar (3... You pay $15.17.,Premium Tibetan Singing Bowl Set - Authentic Handcrafted Mindfulness Meditation Holistic Sound 7 Chakra Healing Gift by Himalayan Bazaar (3... You pay $15.17.,missing,missing,False,False,pending,,,,,not_eligible,False,2026-09-07T18:48:48.381833+00:00,2026-09-07T18:48:48.381833+00:00,2026-09-07T18:48:48.381833+00:00,True,False,Missing email address,,,,,,
c14db34503a7,c14db34503a7,Himalayan Bowls,Himalayan Bowls,,,,support@himalayanbowls.com,,https://himalayanbowls.com,United States,Wholesale Importer,himalayan-sound-healing-bowls,web_search,web_search,https://www.himalayanbowls.com/,"Himalayan Bowls, the world's best handmade singing bowls. We record and photograph each bowl so you can pick exactly what speaks to you.","Himalayan Bowls, the world's best handmade singing bowls. We record and photograph each bowl so you can pick exactly what speaks to you.",valid,valid,True,True,needs_review,55,0.7,"Appears to be an existing retailer or producer of Himalayan singing bowls, making their fit as an importer for our product ambiguous or potentially competitive.",medium,not_eligible,False,2026-09-07T18:48:48.382149+00:00,2026-09-07T18:48:48.382149+00:00,2026-09-07T18:48:48.382149+00:00,True,False,Syntax Valid,individual,,,,,
7c4af816e047,7c4af816e047,Tibetan Singing Bowls,Tibetan Singing Bowls,,,,,,https://bellsofbliss.com,United States,Wholesale Importer,himalayan-sound-healing-bowls,web_search,web_search,https://bellsofbliss.com/?srsltid=AfmBOoqe957X-6Mo8FF13jON85AZIkYgG68plbJQS_8XFcFU8hMJDMDV,Bells of Bliss offers a wide range of top-quality hand picked sound bowls. FREE SHIPPING WITHIN USA … sourced from across the Himalayan region. Himalayan ...,Bells of Bliss offers a wide range of top-quality hand picked sound bowls. FREE SHIPPING WITHIN USA … sourced from across the Himalayan region. Himalayan ...,missing,missing,False,False,pending,,,,,not_eligible,False,2026-09-07T18:48:48.382170+00:00,2026-09-07T18:48:48.382170+00:00,2026-09-07T18:48:48.382170+00:00,True,False,Missing email address,,,,,,
83c867fd53ef,83c867fd53ef,Singing Bowls:,Singing Bowls:,,,,,,https://newageincense.com,United States,Wholesale Importer,himalayan-sound-healing-bowls,web_search,web_search,https://newageincense.com/wholesale-singing-bowls,"We are importer, wholesaler, and distributor of Incense, Incense Burners, Altar Supplies, Pagan Supplies, Tapestries, Totes, Smudges & Herbs, Tibetan Products, ...","We are importer, wholesaler, and distributor of Incense, Incense Burners, Altar Supplies, Pagan Supplies, Tapestries, Totes, Smudges & Herbs, Tibetan Products, ...",missing,missing,False,False,pending,,,,,not_eligible,False,2026-09-07T18:48:48.382184+00:00,2026-09-07T18:48:48.382184+00:00,2026-09-07T18:48:48.382184+00:00,True,False,Missing email address,,,,,,
fa4bda31b484,fa4bda31b484,Himalayan Singing Bowls,Himalayan Singing Bowls,,,,,,https://himalayasshop.com,United States,Wholesale Importer,himalayan-sound-healing-bowls,web_search,web_search,https://www.himalayasshop.com/collections/himalayas-singing-bowl,Authentic handmade Himalayas Singing Bowl. Large collection of Tibetan and Nepalese Singing Bowls. Listen Sound and Buy now online.,Authentic handmade Himalayas Singing Bowl. Large collection of Tibetan and Nepalese Singing Bowls. Listen Sound and Buy now online.,missing,missing,False,False,pending,,,,,not_eligible,False,2026-09-07T18:48:48.382197+00:00,2026-09-07T18:48:48.382197+00:00,2026-09-07T18:48:48.382197+00:00,True,False,Missing email address,,,,,,
99bdde203fa9,99bdde203fa9,Bodhisattva Trading Company,Bodhisattva Trading Company,,,,,,https://bodhisattva.com,United States,Wholesale Importer,himalayan-sound-healing-bowls,web_search,web_search,https://bodhisattva.com/?srsltid=AfmBOoos26KzZsmF5FX4jFxknEqmwNRImFlnooRnuN2lWtHX9JrKmFg9,"Since 1996, Bodhisattva® has sourced Master-Quality Himalayan singing bowls from Nepal. Our metal singing bowls are hand-selected based on sound quality, ...","Since 1996, Bodhisattva® has sourced Master-Quality Himalayan singing bowls from Nepal. Our metal singing bowls are hand-selected based on sound quality, ...",missing,missing,False,False,pending,,,,,not_eligible,False,2026-09-07T18:48:48.382210+00:00,2026-09-07T18:48:48.382210+00:00,2026-09-07T18:48:48.382210+00:00,True,False,Missing email address,,,,,,
0bbb9550ce49,0bbb9550ce49,Authentic 7 metal Tibetan sound bowls in the USA?,Authentic 7 metal Tibetan sound bowls in the USA?,,,,,,https://facebook.com,United States,Wholesale Importer,himalayan-sound-healing-bowls,web_search,web_search,https://www.facebook.com/groups/235814466274117/posts/460344400487788/,Hi there! Looking for a friend of mine to buy some sound bowls - specifically authentic 7 metal Tibetan bowls. I bought mine in India but am wondering ...,Hi there! Looking for a friend of mine to buy some sound bowls - specifically authentic 7 metal Tibetan bowls. I bought mine in India but am wondering ...,missing,missing,False,False,pending,,,,,not_eligible,False,2026-09-07T18:48:48.382263+00:00,2026-09-07T18:48:48.382263+00:00,2026-09-07T18:48:48.382263+00:00,True,False,Missing email address,,,,,,
43b06dbe75d4,43b06dbe75d4,Does the Sound of a Singing Bowl Synchronize Medit,Does the Sound of a Singing Bowl Synchronize Medit,,,,,,https://pmc.ncbi.nlm.nih.gov,United States,Wholesale Importer,himalayan-sound-healing-bowls,web_search,web_search,https://pmc.ncbi.nlm.nih.gov/articles/PMC10298245/,"by SC Kim · 2023 · Cited by 22 — The singing bowl sound is known to facilitate physiological and psychological responses, such as stabilizing blood pressure and heart rate [2,4]. Although the ...","by SC Kim · 2023 · Cited by 22 — The singing bowl sound is known to facilitate physiological and psychological responses, such as stabilizing blood pressure and heart rate [2,4]. Although the ...",missing,missing,False,False,pending,,,,,not_eligible,False,2026-09-07T18:48:48.382275+00:00,2026-09-07T18:48:48.382275+00:00,2026-09-07T18:48:48.382275+00:00,True,False,Missing email address,,,,,,
1aa8700ab0b1,1aa8700ab0b1,What is the purpose of tibetan singing bowls? Can ,What is the purpose of tibetan singing bowls? Can ,,,,,,https://quora.com,United States,Wholesale Importer,himalayan-sound-healing-bowls,web_search,web_search,https://www.quora.com/What-is-the-purpose-of-tibetan-singing-bowls-Can-they-be-used-for-cooking,"Also known as singing bowls or Himalayan bowls, Tibetan singing bowls are said to promote relaxation and offer powerful healing properties.","Also known as singing bowls or Himalayan bowls, Tibetan singing bowls are said to promote relaxation and offer powerful healing properties.",missing,missing,False,False,pending,,,,,not_eligible,False,2026-09-07T18:48:48.382288+00:00,2026-09-07T18:48:48.382288+00:00,2026-09-07T18:48:48.382288+00:00,False,False,Missing email address,,,,,,
1aac1eafda1b,1aac1eafda1b,Himalayan Singing Bowl,Himalayan Singing Bowl,,,,,,https://etsy.com,United States,Wholesale Importer,himalayan-sound-healing-bowls,web_search,web_search,https://www.etsy.com/listing/817845415/handcrafted-singing-bowl-experience-deep,"Perfect for self-healing and meditation, this singing bowl emits soothing vibrations that resonate deeply within.","Perfect for self-healing and meditation, this singing bowl emits soothing vibrations that resonate deeply within.",missing,missing,False,False,pending,,,,,not_eligible,False,2026-09-07T18:48:48.382300+00:00,2026-09-07T18:48:48.382300+00:00,2026-09-07T18:48:48.382300+00:00,False,False,Missing email address,,,,,,
cd1d6a031086,cd1d6a031086,Tibetan Singing Bowls for Sale,Tibetan Singing Bowls for Sale,,,,,,https://puresmusic.com,United States,Wholesale Importer,himalayan-sound-healing-bowls,web_search,web_search,https://www.puresmusic.com/collections/himalayan-tibetan-singing-bowl?srsltid=AfmBOoo7fF3n8n8JM8HSp8yQxPUafn1tYp13uTEqf-G8mD6tUbXQ2Hys,"Buy premium Tibetan singing bowls for deep healing, meditation, and sound therapy. We have Mini bowl, Thickened energy bowl, Handle bowl, Knee & Head bowl, ...","Buy premium Tibetan singing bowls for deep healing, meditation, and sound therapy. We have Mini bowl, Thickened energy bowl, Handle bowl, Knee & Head bowl, ...",missing,missing,False,False,pending,,,,,not_eligible,False,2026-09-07T18:48:48.382325+00:00,2026-09-07T18:48:48.382325+00:00,2026-09-07T18:48:48.382325+00:00,False,False,Missing email address,,,,,,
207a9dfa45fe,207a9dfa45fe,sound bowls for your store,sound bowls for your store,,,,,,https://faire.com,United States,Wholesale Importer,himalayan-sound-healing-bowls,web_search,web_search,https://www.faire.com/discover/sound-bowls,Explore a diverse selection of sound bowls wholesale in the USA. Sound Healing & Meditation … starting at just $100.00. Himalayan Healing,Explore a diverse selection of sound bowls wholesale in the USA. Sound Healing & Meditation … starting at just $100.00. Himalayan Healing,missing,missing,False,False,pending,,,,,not_eligible,False,2026-09-07T18:56:31.489056+00:00,2026-09-07T18:56:31.489056+00:00,2026-09-07T18:56:31.489056+00:00,True,False,Missing email address,,,,,,
5ca6e50a160c,5ca6e50a160c,Singing Bowls,Singing Bowls,,,,,,https://dharmashop.com,United States,Wholesale Importer,himalayan-sound-healing-bowls,web_search,web_search,https://www.dharmashop.com/collections/wholesale-singing-bowls?srsltid=AfmBOoqUq-Mt44O4jF0wP7a9SnKkSiFwEJti-AjBSeZ6zKlUupBNPuL-,"Fire and Tradition Singing Bowl Set of 3. $ 437.00. Add to cart. Masterpiece Sound Therapy Set of 5. $ 1,039.00. Add to cart.","Fire and Tradition Singing Bowl Set of 3. $ 437.00. Add to cart. Masterpiece Sound Therapy Set of 5. $ 1,039.00. Add to cart.",missing,missing,False,False,pending,,,,,not_eligible,False,2026-09-07T18:56:31.489138+00:00,2026-09-07T18:56:31.489138+00:00,2026-09-07T18:56:31.489138+00:00,True,False,Missing email address,,,,,,
5b4b14ed7eee,5b4b14ed7eee,Singing bowls,Singing bowls,,,,,,https://phoeniximport.com,United States,Wholesale Importer,himalayan-sound-healing-bowls,web_search,web_search,https://www.phoeniximport.com/en/collections/singing-bowls-and-more,"The sound wave of the High Ohm octave has a soothing and healing effect and can help restore the balance in the aura, which further benefits the physical body.","The sound wave of the High Ohm octave has a soothing and healing effect and can help restore the balance in the aura, which further benefits the physical body.",missing,missing,False,False,pending,,,,,not_eligible,False,2026-09-07T18:56:31.489183+00:00,2026-09-07T18:56:31.489183+00:00,2026-09-07T18:56:31.489183+00:00,True,False,Missing email address,,,,,,
6090c2ec398d,6090c2ec398d,Soundtopia: Singing Bowls for Sale,Soundtopia: Singing Bowls for Sale,,,,,1.800.494.1369,https://soundtopia.com,United States,Wholesale Importer,himalayan-sound-healing-bowls,web_search,web_search,https://www.soundtopia.com/?srsltid=AfmBOorBPvrAekl8SZmnzQg17Jo53WFoC2iZcdpKVjhZZaQ56qsWIyTx,"Toll Free USA & Canada 1.800.494.1369 … largest US-based supplier of Crystal and Himalayan Singing Bowls, with over 10,000 unique pieces in stock—each","Toll Free USA & Canada 1.800.494.1369 … largest US-based supplier of Crystal and Himalayan Singing Bowls, with over 10,000 unique pieces in stock—each",missing,missing,False,False,pending,,,,,not_eligible,False,2026-09-07T18:56:31.489217+00:00,2026-09-07T18:56:31.489217+00:00,2026-09-07T18:56:31.489217+00:00,True,False,Missing email address,,,,,,
13ac10a6e7b7,13ac10a6e7b7,Singing Bowls,Singing Bowls,,,,,,https://oceaniclink.com,United States,Wholesale Importer,himalayan-sound-healing-bowls,web_search,web_search,https://oceaniclink.com/product-category/meditation-tools/singing-bowls/,"Oceanic Linkways has an assortment of singing bowls & Wholesale Pricing! Sold to have therapeutic effects, promoting relaxation, stress reduction, and even ...","Oceanic Linkways has an assortment of singing bowls & Wholesale Pricing! Sold to have therapeutic effects, promoting relaxation, stress reduction, and even ...",missing,missing,False,False,pending,,,,,not_eligible,False,2026-09-07T18:56:31.489248+00:00,2026-09-07T18:56:31.489248+00:00,2026-09-07T18:56:31.489248+00:00,True,False,Missing email address,,,,,,
5a4640a3a1f8,5a4640a3a1f8,Himalayan Bazaar: Singing Bowls,Himalayan Bazaar: Singing Bowls,,,,,,https://amazon.com,United States,Wholesale Importer,himalayan-sound-healing-bowls,web_search,web_search,https://www.amazon.com/stores/HimalayanBazaar/page/D340CF5B-84B9-45FB-9C86-E4786FB439C9,Premium Tibetan Singing Bowl Set - Authentic Handcrafted Mindfulness Meditation Holistic Sound 7 Chakra Healing Gift by Himalayan Bazaar (3... You pay $15.17.,Premium Tibetan Singing Bowl Set - Authentic Handcrafted Mindfulness Meditation Holistic Sound 7 Chakra Healing Gift by Himalayan Bazaar (3... You pay $15.17.,missing,missing,False,False,pending,,,,,not_eligible,False,2026-09-07T18:56:31.489277+00:00,2026-09-07T18:56:31.489277+00:00,2026-09-07T18:56:31.489277+00:00,True,False,Missing email address,,,,,,
c14db34503a7,c14db34503a7,Himalayan Bowls,Himalayan Bowls,,,,support@himalayanbowls.com,,https://himalayanbowls.com,United States,Wholesale Importer,himalayan-sound-healing-bowls,web_search,web_search,https://www.himalayanbowls.com/,"Himalayan Bowls, the world's best handmade singing bowls. We record and photograph each bowl so you can pick exactly what speaks to you.","Himalayan Bowls, the world's best handmade singing bowls. We record and photograph each bowl so you can pick exactly what speaks to you.",valid,valid,True,True,needs_review,55,0.7,"Appears to be an existing retailer or producer of Himalayan singing bowls, making their fit as an importer for our product ambiguous or potentially competitive.",medium,not_eligible,False,2026-09-07T18:56:31.494853+00:00,2026-09-07T18:56:31.494853+00:00,2026-09-07T18:56:31.494853+00:00,True,False,Syntax Valid,individual,,,,,
7c4af816e047,7c4af816e047,Tibetan Singing Bowls,Tibetan Singing Bowls,,,,,,https://bellsofbliss.com,United States,Wholesale Importer,himalayan-sound-healing-bowls,web_search,web_search,https://bellsofbliss.com/?srsltid=AfmBOoqg0d3U4fVhYsDU71nLC2vq34BgGkk0R67AiFGlJ9Cbo_IgD-iD,Bells of Bliss offers a wide range of top-quality hand picked sound bowls. FREE SHIPPING WITHIN USA … sourced from across the Himalayan region. Himalayan ...,Bells of Bliss offers a wide range of top-quality hand picked sound bowls. FREE SHIPPING WITHIN USA … sourced from across the Himalayan region. Himalayan ...,missing,missing,False,False,pending,,,,,not_eligible,False,2026-09-07T18:56:31.494916+00:00,2026-09-07T18:56:31.494916+00:00,2026-09-07T18:56:31.494916+00:00,True,False,Missing email address,,,,,,
111ac6a478c2,111ac6a478c2,Where to find reputable sources for Tibetan or Him,Where to find reputable sources for Tibetan or Him,,,,,,https://facebook.com,United States,Wholesale Importer,himalayan-sound-healing-bowls,web_search,web_search,https://www.facebook.com/groups/235814466274117/posts/568852659636961/,"Hey friends! Im a pretty novice Sound Healer, I love my crystal singing bowls but am also looking for Tibetan or Himalayan bowls and Im not sure ...","Hey friends! Im a pretty novice Sound Healer, I love my crystal singing bowls but am also looking for Tibetan or Himalayan bowls and Im not sure ...",missing,missing,False,False,pending,,,,,not_eligible,False,2026-09-07T18:56:31.494949+00:00,2026-09-07T18:56:31.494949+00:00,2026-09-07T18:56:31.494949+00:00,False,False,Missing email address,,,,,,
fa4bda31b484,fa4bda31b484,Himalayan Singing Bowls,Himalayan Singing Bowls,,,,,,https://himalayasshop.com,United States,Wholesale Importer,himalayan-sound-healing-bowls,web_search,web_search,https://www.himalayasshop.com/collections/himalayas-singing-bowl,Authentic handmade Himalayas Singing Bowl. Large collection of Tibetan and Nepalese Singing Bowls. Listen Sound and Buy now online.,Authentic handmade Himalayas Singing Bowl. Large collection of Tibetan and Nepalese Singing Bowls. Listen Sound and Buy now online.,missing,missing,False,False,pending,,,,,not_eligible,False,2026-09-07T18:56:31.494976+00:00,2026-09-07T18:56:31.494976+00:00,2026-09-07T18:56:31.494976+00:00,True,False,Missing email address,,,,,,
531291fe4caa,531291fe4caa,7 Chakra Singing Bowl Set,7 Chakra Singing Bowl Set,,,,,,https://etsy.com,United States,Wholesale Importer,himalayan-sound-healing-bowls,web_search,web_search,https://www.etsy.com/listing/1769651878/handmade-tibetan-singing-bowl-set-sound,"7 Chakra Singing Bowl is a beautifully handcrafted sound healing instrument. Customs and import taxes For US deliveries, import duties and fees are included in ...","7 Chakra Singing Bowl is a beautifully handcrafted sound healing instrument. Customs and import taxes For US deliveries, import duties and fees are included in ...",missing,missing,False,False,pending,,,,,not_eligible,False,2026-09-07T18:56:31.495001+00:00,2026-09-07T18:56:31.495001+00:00,2026-09-07T18:56:31.495001+00:00,False,False,Missing email address,,,,,,
de207e4fc74f,de207e4fc74f,"Himalayan Sound Bowl Set-5.98""In With Cushion &Mal","Himalayan Sound Bowl Set-5.98""In With Cushion &Mal",,,,,,https://ebay.com,United States,Wholesale Importer,himalayan-sound-healing-bowls,web_search,web_search,https://www.ebay.com/itm/126213724180,"Set Includes 1 Singing Bowl, 1 Cushion and 1 Mallet. From Sanford, North Carolina, United States Pickup Free local pickup over 60 mi from 76123.","Set Includes 1 Singing Bowl, 1 Cushion and 1 Mallet. From Sanford, North Carolina, United States Pickup Free local pickup over 60 mi from 76123.",missing,missing,False,False,pending,,,,,not_eligible,False,2026-09-07T18:56:31.495027+00:00,2026-09-07T18:56:31.495027+00:00,2026-09-07T18:56:31.495027+00:00,False,False,Missing email address,,,,,,
99bdde203fa9,99bdde203fa9,Bodhisattva Trading Company,Bodhisattva Trading Company,,,,,,https://bodhisattva.com,United States,Wholesale Importer,himalayan-sound-healing-bowls,web_search,web_search,https://bodhisattva.com/?srsltid=AfmBOoopWWAG9X2NNTvDfie3lL0lwgdJTYHpkb4k3tZtd-H3-9UcK4hT,"Since 1996, Bodhisattva® has sourced Master-Quality Himalayan singing bowls from Nepal. Our metal singing bowls are hand-selected based on sound quality, ...","Since 1996, Bodhisattva® has sourced Master-Quality Himalayan singing bowls from Nepal. Our metal singing bowls are hand-selected based on sound quality, ...",missing,missing,False,False,pending,,,,,not_eligible,False,2026-09-07T18:56:31.495050+00:00,2026-09-07T18:56:31.495050+00:00,2026-09-07T18:56:31.495050+00:00,True,False,Missing email address,,,,,,
b41e6f612c23,b41e6f612c23,Himalayan Singing Bowl And Trading,Himalayan Singing Bowl And Trading,,,,,,https://tripadvisor.com,United States,Wholesale Importer,himalayan-sound-healing-bowls,web_search,web_search,https://www.tripadvisor.com/Attraction_Review-g293891-d26789507-Reviews-Himalayan_Singing_Bowl_And_Trading-Pokhara_Gandaki_Zone_Western_Region.html,"Every handmade singing bowl and sacred art piece is created with devotion, positive intention, and generations of traditional craftsmanship from the Himalayas.","Every handmade singing bowl and sacred art piece is created with devotion, positive intention, and generations of traditional craftsmanship from the Himalayas.",missing,missing,False,False,pending,,,,,not_eligible,False,2026-09-07T18:56:31.495072+00:00,2026-09-07T18:56:31.495072+00:00,2026-09-07T18:56:31.495072+00:00,True,False,Missing email address,,,,,,
de970f1c40a9,de970f1c40a9,Unlimited Singing Bowls,Unlimited Singing Bowls,,,,,,https://unlimited-singingbowls.com,United States,Wholesale Importer,himalayan-sound-healing-bowls,web_search,web_search,https://unlimited-singingbowls.com/?srsltid=AfmBOoo9niWd4pmb7heNKKZSexSIM6qEjV9sLY1Yk8Ibw7x_6iFLjbcS,"Unlimited Singing Bowls sells singing bowls, crystal bowls and sound healing instruments from all over the world. We ship all over the world too.","Unlimited Singing Bowls sells singing bowls, crystal bowls and sound healing instruments from all over the world. We ship all over the world too.",missing,missing,False,False,pending,,,,,not_eligible,False,2026-09-07T18:56:31.495115+00:00,2026-09-07T18:56:31.495115+00:00,2026-09-07T18:56:31.495115+00:00,False,False,Missing email address,,,,,,
f421e9df1c71,f421e9df1c71,Crystal Singing Bowls,Crystal Singing Bowls,,,,,,https://soundtherapyshop.com,United States,Wholesale Importer,himalayan-sound-healing-bowls,web_search,web_search,https://soundtherapyshop.com/collections/crystal-singing-bowls?srsltid=AfmBOoqwDkm-gfNYULtqSxkQIw9GGGy2Uet7ofMc-iYxJqmX_-tiJfyj,All our Crystal Singing Bowls are made from 99.9% high purity Australian quartz. They create a long sustain and strong vibrational frequencies.,All our Crystal Singing Bowls are made from 99.9% high purity Australian quartz. They create a long sustain and strong vibrational frequencies.,missing,missing,False,False,pending,,,,,not_eligible,False,2026-09-07T18:56:31.495158+00:00,2026-09-07T18:56:31.495158+00:00,2026-09-07T18:56:31.495158+00:00,False,False,Missing email address,,,,,,
207a9dfa45fe,207a9dfa45fe,sound bowls for your store,sound bowls for your store,,,,,,https://faire.com,United States,Wholesale Importer,himalayan-sound-healing-bowls,web_search,web_search,https://www.faire.com/discover/sound-bowls,Explore a diverse selection of sound bowls wholesale in the USA. Sound Healing & Meditation … starting at just $100.00. Himalayan Healing,Explore a diverse selection of sound bowls wholesale in the USA. Sound Healing & Meditation … starting at just $100.00. Himalayan Healing,missing,missing,False,False,pending,,,,,not_eligible,False,2026-09-07T18:57:51.483644+00:00,2026-09-07T18:57:51.483644+00:00,2026-09-07T18:57:51.483644+00:00,True,False,Missing email address,,,,,,
5ca6e50a160c,5ca6e50a160c,Singing Bowls,Singing Bowls,,,,,,https://dharmashop.com,United States,Wholesale Importer,himalayan-sound-healing-bowls,web_search,web_search,https://www.dharmashop.com/collections/wholesale-singing-bowls?srsltid=AfmBOopF7KHT1lrXrYumDXBS7ntSgtyaajZS9pET40tu_e8quSX5sh8T,"Fire and Tradition Singing Bowl Set of 3. $ 437.00. Add to cart. Masterpiece Sound Therapy Set of 5. $ 1,039.00. Add to cart.","Fire and Tradition Singing Bowl Set of 3. $ 437.00. Add to cart. Masterpiece Sound Therapy Set of 5. $ 1,039.00. Add to cart.",missing,missing,False,False,pending,,,,,not_eligible,False,2026-09-07T18:57:51.483745+00:00,2026-09-07T18:57:51.483745+00:00,2026-09-07T18:57:51.483745+00:00,True,False,Missing email address,,,,,,
6090c2ec398d,6090c2ec398d,Soundtopia: Singing Bowls for Sale,Soundtopia: Singing Bowls for Sale,,,,,1.800.494.1369,https://soundtopia.com,United States,Wholesale Importer,himalayan-sound-healing-bowls,web_search,web_search,https://www.soundtopia.com/?srsltid=AfmBOorx3NjjvFYDJLUnFbU3x55IPQx49Zbp2O9AJw8Mh9HuWMA7oILg,"Toll Free USA & Canada 1.800.494.1369 … largest US-based supplier of Crystal and Himalayan Singing Bowls, with over 10,000 unique pieces in stock—each","Toll Free USA & Canada 1.800.494.1369 … largest US-based supplier of Crystal and Himalayan Singing Bowls, with over 10,000 unique pieces in stock—each",missing,missing,False,False,pending,,,,,not_eligible,False,2026-09-07T18:57:51.483787+00:00,2026-09-07T18:57:51.483787+00:00,2026-09-07T18:57:51.483787+00:00,True,False,Missing email address,,,,,,
5b4b14ed7eee,5b4b14ed7eee,Singing bowls,Singing bowls,,,,,,https://phoeniximport.com,United States,Wholesale Importer,himalayan-sound-healing-bowls,web_search,web_search,https://www.phoeniximport.com/en/collections/singing-bowls-and-more,"The sound wave of the High Ohm octave has a soothing and healing effect and can help restore the balance in the aura, which further benefits the physical body.","The sound wave of the High Ohm octave has a soothing and healing effect and can help restore the balance in the aura, which further benefits the physical body.",missing,missing,False,False,pending,,,,,not_eligible,False,2026-09-07T18:57:51.483898+00:00,2026-09-07T18:57:51.483898+00:00,2026-09-07T18:57:51.483898+00:00,True,False,Missing email address,,,,,,
13ac10a6e7b7,13ac10a6e7b7,Singing Bowls,Singing Bowls,,,,,,https://oceaniclink.com,United States,Wholesale Importer,himalayan-sound-healing-bowls,web_search,web_search,https://oceaniclink.com/product-category/meditation-tools/singing-bowls/,"Oceanic Linkways has an assortment of singing bowls & Wholesale Pricing! Sold to have therapeutic effects, promoting relaxation, stress reduction, and even ...","Oceanic Linkways has an assortment of singing bowls & Wholesale Pricing! Sold to have therapeutic effects, promoting relaxation, stress reduction, and even ...",missing,missing,False,False,pending,,,,,not_eligible,False,2026-09-07T18:57:51.483936+00:00,2026-09-07T18:57:51.483936+00:00,2026-09-07T18:57:51.483936+00:00,True,False,Missing email address,,,,,,
5a4640a3a1f8,5a4640a3a1f8,Himalayan Bazaar: Singing Bowls,Himalayan Bazaar: Singing Bowls,,,,,,https://amazon.com,United States,Wholesale Importer,himalayan-sound-healing-bowls,web_search,web_search,https://www.amazon.com/stores/HimalayanBazaar/page/D340CF5B-84B9-45FB-9C86-E4786FB439C9,Premium Tibetan Singing Bowl Set - Authentic Handcrafted Mindfulness Meditation Holistic Sound 7 Chakra Healing Gift by Himalayan Bazaar (3... You pay $15.17.,Premium Tibetan Singing Bowl Set - Authentic Handcrafted Mindfulness Meditation Holistic Sound 7 Chakra Healing Gift by Himalayan Bazaar (3... You pay $15.17.,missing,missing,False,False,pending,,,,,not_eligible,False,2026-09-07T18:57:51.483971+00:00,2026-09-07T18:57:51.483971+00:00,2026-09-07T18:57:51.483971+00:00,True,False,Missing email address,,,,,,
c14db34503a7,c14db34503a7,Himalayan Bowls,Himalayan Bowls,,,,support@himalayanbowls.com,,https://himalayanbowls.com,United States,Wholesale Importer,himalayan-sound-healing-bowls,web_search,web_search,https://www.himalayanbowls.com/,"Himalayan Bowls, the world's best handmade singing bowls. We record and photograph each bowl so you can pick exactly what speaks to you.","Himalayan Bowls, the world's best handmade singing bowls. We record and photograph each bowl so you can pick exactly what speaks to you.",valid,valid,True,True,needs_review,55,0.7,"Appears to be an existing retailer or producer of Himalayan singing bowls, making their fit as an importer for our product ambiguous or potentially competitive.",medium,not_eligible,False,2026-09-07T18:57:51.484950+00:00,2026-09-07T18:57:51.484950+00:00,2026-09-07T18:57:51.484950+00:00,True,False,Syntax Valid,individual,,,,,
7c4af816e047,7c4af816e047,Tibetan Singing Bowls,Tibetan Singing Bowls,,,,,,https://bellsofbliss.com,United States,Wholesale Importer,himalayan-sound-healing-bowls,web_search,web_search,https://bellsofbliss.com/?srsltid=AfmBOopBoKjmh-cO6MowNBqJn3MevgJdNG5qgnyA0z9WBM1w69nVWf0B,Bells of Bliss offers a wide range of top-quality hand picked sound bowls. FREE SHIPPING WITHIN USA … sourced from across the Himalayan region. Himalayan ...,Bells of Bliss offers a wide range of top-quality hand picked sound bowls. FREE SHIPPING WITHIN USA … sourced from across the Himalayan region. Himalayan ...,missing,missing,False,False,pending,,,,,not_eligible,False,2026-09-07T18:57:51.485040+00:00,2026-09-07T18:57:51.485040+00:00,2026-09-07T18:57:51.485040+00:00,True,False,Missing email address,,,,,,
111ac6a478c2,111ac6a478c2,Where to find reputable sources for Tibetan or Him,Where to find reputable sources for Tibetan or Him,,,,,,https://facebook.com,United States,Wholesale Importer,himalayan-sound-healing-bowls,web_search,web_search,https://www.facebook.com/groups/235814466274117/posts/568852659636961/,"Hey friends! Im a pretty novice Sound Healer, I love my crystal singing bowls but am also looking for Tibetan or Himalayan bowls and Im not sure ...","Hey friends! Im a pretty novice Sound Healer, I love my crystal singing bowls but am also looking for Tibetan or Himalayan bowls and Im not sure ...",missing,missing,False,False,pending,,,,,not_eligible,False,2026-09-07T18:57:51.485088+00:00,2026-09-07T18:57:51.485088+00:00,2026-09-07T18:57:51.485088+00:00,True,False,Missing email address,,,,,,
fa4bda31b484,fa4bda31b484,Himalayan Singing Bowls,Himalayan Singing Bowls,,,,,,https://himalayasshop.com,United States,Wholesale Importer,himalayan-sound-healing-bowls,web_search,web_search,https://www.himalayasshop.com/collections/himalayas-singing-bowl,Authentic handmade Himalayas Singing Bowl. Large collection of Tibetan and Nepalese Singing Bowls. Listen Sound and Buy now online.,Authentic handmade Himalayas Singing Bowl. Large collection of Tibetan and Nepalese Singing Bowls. Listen Sound and Buy now online.,missing,missing,False,False,pending,,,,,not_eligible,False,2026-09-07T18:57:51.485129+00:00,2026-09-07T18:57:51.485129+00:00,2026-09-07T18:57:51.485129+00:00,True,False,Missing email address,,,,,,
531291fe4caa,531291fe4caa,7 Chakra Singing Bowl Set,7 Chakra Singing Bowl Set,,,,,,https://etsy.com,United States,Wholesale Importer,himalayan-sound-healing-bowls,web_search,web_search,https://www.etsy.com/listing/1769651878/handmade-tibetan-singing-bowl-set-sound,"The 7 Chakra Singing Bowl is a beautifully handcrafted sound healing instrument. Customs and import taxes For US deliveries, the checkout price.","The 7 Chakra Singing Bowl is a beautifully handcrafted sound healing instrument. Customs and import taxes For US deliveries, the checkout price.",missing,missing,False,False,pending,,,,,not_eligible,False,2026-09-07T18:57:51.485163+00:00,2026-09-07T18:57:51.485163+00:00,2026-09-07T18:57:51.485163+00:00,True,False,Missing email address,,,,,,
de207e4fc74f,de207e4fc74f,"Himalayan Sound Bowl Set-5.98""In With Cushion &Mal","Himalayan Sound Bowl Set-5.98""In With Cushion &Mal",,,,,,https://ebay.com,United States,Wholesale Importer,himalayan-sound-healing-bowls,web_search,web_search,https://www.ebay.com/itm/126213724180,"Set Includes 1 Singing Bowl, 1 Cushion and 1 Mallet. From Sanford, North Carolina, United States Pickup Free local pickup over 60 mi from 76123.","Set Includes 1 Singing Bowl, 1 Cushion and 1 Mallet. From Sanford, North Carolina, United States Pickup Free local pickup over 60 mi from 76123.",missing,missing,False,False,pending,,,,,not_eligible,False,2026-09-07T18:57:51.485201+00:00,2026-09-07T18:57:51.485201+00:00,2026-09-07T18:57:51.485201+00:00,True,False,Missing email address,,,,,,
b41e6f612c23,b41e6f612c23,Himalayan Singing Bowl And Trading,Himalayan Singing Bowl And Trading,,,,,,https://tripadvisor.com,United States,Wholesale Importer,himalayan-sound-healing-bowls,web_search,web_search,https://www.tripadvisor.com/Attraction_Review-g293891-d26789507-Reviews-Himalayan_Singing_Bowl_And_Trading-Pokhara_Gandaki_Zone_Western_Region.html,"Namaste, Himalayan singing bowl and trading company Nepal is manufacturing company and also the sound healing hub, it is located in central part of nepal ...","Namaste, Himalayan singing bowl and trading company Nepal is manufacturing company and also the sound healing hub, it is located in central part of nepal ...",missing,missing,False,False,pending,,,,,not_eligible,False,2026-09-07T18:57:51.485235+00:00,2026-09-07T18:57:51.485235+00:00,2026-09-07T18:57:51.485235+00:00,True,False,Missing email address,,,,,,
99bdde203fa9,99bdde203fa9,Bodhisattva Trading Company,Bodhisattva Trading Company,,,,,,https://bodhisattva.com,United States,Wholesale Importer,himalayan-sound-healing-bowls,web_search,web_search,https://bodhisattva.com/?srsltid=AfmBOoq8PiTsS74tVw9b44WO65WCLvk78xZeaxT7pqxdSGlUwWD4N10P,"Since 1996, Bodhisattva® has sourced Master-Quality Himalayan singing bowls from Nepal. Our metal singing bowls are hand-selected based on sound quality, ...","Since 1996, Bodhisattva® has sourced Master-Quality Himalayan singing bowls from Nepal. Our metal singing bowls are hand-selected based on sound quality, ...",missing,missing,False,False,pending,,,,,not_eligible,False,2026-09-07T18:57:51.485270+00:00,2026-09-07T18:57:51.485270+00:00,2026-09-07T18:57:51.485270+00:00,True,False,Missing email address,,,,,,
de970f1c40a9,de970f1c40a9,Unlimited Singing Bowls,Unlimited Singing Bowls,,,,,,https://unlimited-singingbowls.com,United States,Wholesale Importer,himalayan-sound-healing-bowls,web_search,web_search,https://unlimited-singingbowls.com/?srsltid=AfmBOopIKue10taAqIFUpNsXxSPxNK9_w96hQA1K8QwavzdG7D9LJfZF,"Unlimited Singing Bowls sells singing bowls, crystal bowls and sound healing instruments from all over the world. We ship all over the world too.","Unlimited Singing Bowls sells singing bowls, crystal bowls and sound healing instruments from all over the world. We ship all over the world too.",missing,missing,False,False,pending,,,,,not_eligible,False,2026-09-07T18:57:51.485340+00:00,2026-09-07T18:57:51.485340+00:00,2026-09-07T18:57:51.485340+00:00,True,False,Missing email address,,,,,,
f421e9df1c71,f421e9df1c71,Crystal Singing Bowls,Crystal Singing Bowls,,,,,,https://soundtherapyshop.com,United States,Wholesale Importer,himalayan-sound-healing-bowls,web_search,web_search,https://soundtherapyshop.com/collections/crystal-singing-bowls?srsltid=AfmBOopRzVeA6UrkStdNZHljJVj5bxMws9uL3_lpuGLNxi42mtv4oVcw,All our Crystal Singing Bowls are made from 99.9% high purity Australian quartz. They create a long sustain and strong vibrational frequencies.,All our Crystal Singing Bowls are made from 99.9% high purity Australian quartz. They create a long sustain and strong vibrational frequencies.,missing,missing,False,False,pending,,,,,not_eligible,False,2026-09-07T18:57:51.485414+00:00,2026-09-07T18:57:51.485414+00:00,2026-09-07T18:57:51.485414+00:00,True,False,Missing email address,,,,,,
207a9dfa45fe,207a9dfa45fe,sound bowls for your store,sound bowls for your store,,,,,,https://faire.com,United States,Wholesale Importer,himalayan-sound-healing-bowls,web_search,web_search,https://www.faire.com/discover/sound-bowls,"Explore a diverse selection of sound bowls wholesale in the USA. Discover crystal singing bowls, Tibetan singing bowls, and more for your store.","Explore a diverse selection of sound bowls wholesale in the USA. Discover crystal singing bowls, Tibetan singing bowls, and more for your store.",missing,missing,False,False,pending,,,,,not_eligible,False,2026-09-07T18:58:27.346058+00:00,2026-09-07T18:58:27.346058+00:00,2026-09-07T18:58:27.346058+00:00,True,False,Missing email address,,,,,,
5ca6e50a160c,5ca6e50a160c,Singing Bowls,Singing Bowls,,,,,,https://dharmashop.com,United States,Wholesale Importer,himalayan-sound-healing-bowls,web_search,web_search,https://www.dharmashop.com/collections/wholesale-singing-bowls?srsltid=AfmBOooC_YVlxdzh8XLsCPbQ5jbb71dPet0C6DUZauva6veJSQ-j7qTX,"Fire and Tradition Singing Bowl Set of 3. $ 437.00. Add to cart. Masterpiece Sound Therapy Set of 5. $ 1,039.00. Add to cart.","Fire and Tradition Singing Bowl Set of 3. $ 437.00. Add to cart. Masterpiece Sound Therapy Set of 5. $ 1,039.00. Add to cart.",missing,missing,False,False,pending,,,,,not_eligible,False,2026-09-07T18:58:27.346140+00:00,2026-09-07T18:58:27.346140+00:00,2026-09-07T18:58:27.346140+00:00,True,False,Missing email address,,,,,,
5b4b14ed7eee,5b4b14ed7eee,Singing bowls,Singing bowls,,,,,,https://phoeniximport.com,United States,Wholesale Importer,himalayan-sound-healing-bowls,web_search,web_search,https://www.phoeniximport.com/en/collections/singing-bowls-and-more,"The sound wave of the High Ohm octave has a soothing and healing effect and can help restore the balance in the aura, which further benefits the physical body.","The sound wave of the High Ohm octave has a soothing and healing effect and can help restore the balance in the aura, which further benefits the physical body.",missing,missing,False,False,pending,,,,,not_eligible,False,2026-09-07T18:58:27.346180+00:00,2026-09-07T18:58:27.346180+00:00,2026-09-07T18:58:27.346180+00:00,True,False,Missing email address,,,,,,
6090c2ec398d,6090c2ec398d,Soundtopia: Singing Bowls for Sale,Soundtopia: Singing Bowls for Sale,,,,,,https://soundtopia.com,United States,Wholesale Importer,himalayan-sound-healing-bowls,web_search,web_search,https://www.soundtopia.com/?srsltid=AfmBOophO5sm6f9aNtXinryDukT-90NqbkZkuT5FjlEDjRM6cXAn8I9G,"Shop the world's largest selection of singing bowls at Soundtopia — Himalayan & crystal bowls, gongs, and sound healing instruments, with audio for every ...","Shop the world's largest selection of singing bowls at Soundtopia — Himalayan & crystal bowls, gongs, and sound healing instruments, with audio for every ...",missing,missing,False,False,pending,,,,,not_eligible,False,2026-09-07T18:58:27.346216+00:00,2026-09-07T18:58:27.346216+00:00,2026-09-07T18:58:27.346216+00:00,True,False,Missing email address,,,,,,
5a4640a3a1f8,5a4640a3a1f8,Himalayan Bazaar: Singing Bowls,Himalayan Bazaar: Singing Bowls,,,,,,https://amazon.com,United States,Wholesale Importer,himalayan-sound-healing-bowls,web_search,web_search,https://www.amazon.com/stores/HimalayanBazaar/page/D340CF5B-84B9-45FB-9C86-E4786FB439C9,Premium Tibetan Singing Bowl Set - Authentic Handcrafted Mindfulness Meditation Holistic Sound 7 Chakra Healing Gift by Himalayan Bazaar (3... You pay $15.17.,Premium Tibetan Singing Bowl Set - Authentic Handcrafted Mindfulness Meditation Holistic Sound 7 Chakra Healing Gift by Himalayan Bazaar (3... You pay $15.17.,missing,missing,False,False,pending,,,,,not_eligible,False,2026-09-07T18:58:27.346256+00:00,2026-09-07T18:58:27.346256+00:00,2026-09-07T18:58:27.346256+00:00,True,False,Missing email address,,,,,,
c14db34503a7,c14db34503a7,Himalayan Bowls,Himalayan Bowls,,,,support@himalayanbowls.com,,https://himalayanbowls.com,United States,Wholesale Importer,himalayan-sound-healing-bowls,web_search,web_search,https://www.himalayanbowls.com/,"Himalayan Bowls, the world's best handmade singing bowls. We record and photograph each bowl so you can pick exactly what speaks to you.","Himalayan Bowls, the world's best handmade singing bowls. We record and photograph each bowl so you can pick exactly what speaks to you.",valid,valid,True,True,needs_review,55,0.7,"Appears to be an existing retailer or producer of Himalayan singing bowls, making their fit as an importer for our product ambiguous or potentially competitive.",medium,not_eligible,False,2026-09-07T18:58:27.346769+00:00,2026-09-07T18:58:27.346769+00:00,2026-09-07T18:58:27.346769+00:00,True,False,Syntax Valid,individual,,,,,
7c4af816e047,7c4af816e047,Tibetan Singing Bowls,Tibetan Singing Bowls,,,,,,https://bellsofbliss.com,United States,Wholesale Importer,himalayan-sound-healing-bowls,web_search,web_search,https://bellsofbliss.com/?srsltid=AfmBOorHY0kN4hj07gDlDwwQtOZEuVvICBEArtucGLLAyqTqfCb4uXpz,"Our collection includes individual singing bowls and matched sets, sourced from across the Himalayan region. Many of these instruments are decades or centuries ...","Our collection includes individual singing bowls and matched sets, sourced from across the Himalayan region. Many of these instruments are decades or centuries ...",missing,missing,False,False,pending,,,,,not_eligible,False,2026-09-07T18:58:27.346812+00:00,2026-09-07T18:58:27.346812+00:00,2026-09-07T18:58:27.346812+00:00,True,False,Missing email address,,,,,,
83c867fd53ef,83c867fd53ef,Singing Bowls:,Singing Bowls:,,,,,,https://newageincense.com,United States,Wholesale Importer,himalayan-sound-healing-bowls,web_search,web_search,https://newageincense.com/wholesale-singing-bowls,"We are importer, wholesaler, and distributor of Incense, Incense Burners, Altar Supplies, Pagan Supplies, Tapestries, Totes, Smudges & Herbs, Tibetan Products, ...","We are importer, wholesaler, and distributor of Incense, Incense Burners, Altar Supplies, Pagan Supplies, Tapestries, Totes, Smudges & Herbs, Tibetan Products, ...",missing,missing,False,False,pending,,,,,not_eligible,False,2026-09-07T18:58:27.346896+00:00,2026-09-07T18:58:27.346896+00:00,2026-09-07T18:58:27.346896+00:00,True,False,Missing email address,,,,,,
111ac6a478c2,111ac6a478c2,Where to find reputable sources for Tibetan or Him,Where to find reputable sources for Tibetan or Him,,,,,,https://facebook.com,United States,Wholesale Importer,himalayan-sound-healing-bowls,web_search,web_search,https://www.facebook.com/groups/235814466274117/posts/568852659636961/,"Hey friends! Im a pretty novice Sound Healer, I love my crystal singing bowls but am also looking for Tibetan or Himalayan bowls and Im not sure ...","Hey friends! Im a pretty novice Sound Healer, I love my crystal singing bowls but am also looking for Tibetan or Himalayan bowls and Im not sure ...",missing,missing,False,False,pending,,,,,not_eligible,False,2026-09-07T18:58:27.346929+00:00,2026-09-07T18:58:27.346929+00:00,2026-09-07T18:58:27.346929+00:00,True,False,Missing email address,,,,,,
fa4bda31b484,fa4bda31b484,Himalayan Singing Bowls,Himalayan Singing Bowls,,,,,,https://himalayasshop.com,United States,Wholesale Importer,himalayan-sound-healing-bowls,web_search,web_search,https://www.himalayasshop.com/collections/himalayas-singing-bowl,Authentic handmade Himalayas Singing Bowl. Large collection of Tibetan and Nepalese Singing Bowls. Listen Sound and Buy now online.,Authentic handmade Himalayas Singing Bowl. Large collection of Tibetan and Nepalese Singing Bowls. Listen Sound and Buy now online.,missing,missing,False,False,pending,,,,,not_eligible,False,2026-09-07T18:58:27.347004+00:00,2026-09-07T18:58:27.347004+00:00,2026-09-07T18:58:27.347004+00:00,True,False,Missing email address,,,,,,
531291fe4caa,531291fe4caa,7 Chakra Singing Bowl Set,7 Chakra Singing Bowl Set,,,,,,https://etsy.com,United States,Wholesale Importer,himalayan-sound-healing-bowls,web_search,web_search,https://www.etsy.com/listing/1769651878/handmade-tibetan-singing-bowl-set-sound,"Made using traditional Himalayan techniques from a sacred blend of high-quality metals, this singing bowl produces rich, soothing, and long-lasting vibrations ...","Made using traditional Himalayan techniques from a sacred blend of high-quality metals, this singing bowl produces rich, soothing, and long-lasting vibrations ...",missing,missing,False,False,pending,,,,,not_eligible,False,2026-09-07T18:58:27.347034+00:00,2026-09-07T18:58:27.347034+00:00,2026-09-07T18:58:27.347034+00:00,True,False,Missing email address,,,,,,
de207e4fc74f,de207e4fc74f,"Himalayan Sound Bowl Set-5.98""In With Cushion &Mal","Himalayan Sound Bowl Set-5.98""In With Cushion &Mal",,,,,,https://ebay.com,United States,Wholesale Importer,himalayan-sound-healing-bowls,web_search,web_search,https://www.ebay.com/itm/126213724180,Our bowls are meticulously crafted by our expert craftsmen in the Nepal to give you the perfect bowl for your journey towards mindfulness. all bowls. About Us.,Our bowls are meticulously crafted by our expert craftsmen in the Nepal to give you the perfect bowl for your journey towards mindfulness. all bowls. About Us.,missing,missing,False,False,pending,,,,,not_eligible,False,2026-09-07T18:58:27.347062+00:00,2026-09-07T18:58:27.347062+00:00,2026-09-07T18:58:27.347062+00:00,True,False,Missing email address,,,,,,
b41e6f612c23,b41e6f612c23,Himalayan Singing Bowl And Trading,Himalayan Singing Bowl And Trading,,,,,,https://tripadvisor.com,United States,Wholesale Importer,himalayan-sound-healing-bowls,web_search,web_search,https://www.tripadvisor.com/Attraction_Review-g293891-d26789507-Reviews-Himalayan_Singing_Bowl_And_Trading-Pokhara_Gandaki_Zone_Western_Region.html,"Namaste, Himalayan singing bowl and trading company Nepal is manufacturing company and also the sound healing hub, it is located in central part of nepal ...","Namaste, Himalayan singing bowl and trading company Nepal is manufacturing company and also the sound healing hub, it is located in central part of nepal ...",missing,missing,False,False,pending,,,,,not_eligible,False,2026-09-07T18:58:27.347089+00:00,2026-09-07T18:58:27.347089+00:00,2026-09-07T18:58:27.347089+00:00,True,False,Missing email address,,,,,,
99bdde203fa9,99bdde203fa9,Bodhisattva Trading Company,Bodhisattva Trading Company,,,,,,https://bodhisattva.com,United States,Wholesale Importer,himalayan-sound-healing-bowls,web_search,web_search,https://bodhisattva.com/?srsltid=AfmBOorqtv21lIUqBkEYimg6Bdo116_G6nCtiD7LMCH60JjGa4zSTXbF,"Since 1996, Bodhisattva® has sourced Master-Quality Himalayan singing bowls from Nepal. Our metal singing bowls are hand-selected based on sound quality, ...","Since 1996, Bodhisattva® has sourced Master-Quality Himalayan singing bowls from Nepal. Our metal singing bowls are hand-selected based on sound quality, ...",missing,missing,False,False,pending,,,,,not_eligible,False,2026-09-07T18:58:27.347116+00:00,2026-09-07T18:58:27.347116+00:00,2026-09-07T18:58:27.347116+00:00,True,False,Missing email address,,,,,,
207a9dfa45fe,207a9dfa45fe,sound bowls for your store,sound bowls for your store,,,,,,https://faire.com,United States,Wholesale Importer,himalayan-sound-healing-bowls,web_search,web_search,https://www.faire.com/discover/sound-bowls,Explore a diverse selection of sound bowls wholesale in the USA. Sound Healing & Meditation … starting at just $100.00. Himalayan Healing,Explore a diverse selection of sound bowls wholesale in the USA. Sound Healing & Meditation … starting at just $100.00. Himalayan Healing,missing,missing,False,False,pending,,,,,not_eligible,False,2026-09-07T18:58:46.412000+00:00,2026-09-07T18:58:46.412000+00:00,2026-09-07T18:58:46.412000+00:00,True,False,Missing email address,,,,,,
5ca6e50a160c,5ca6e50a160c,Singing Bowls,Singing Bowls,,,,,,https://dharmashop.com,United States,Wholesale Importer,himalayan-sound-healing-bowls,web_search,web_search,https://www.dharmashop.com/collections/wholesale-singing-bowls?srsltid=AfmBOophGqxGD3HqmoaHLp8Oo37msxucb6C3as51KziavFbU-GWNXRN4,"Fire and Tradition Singing Bowl Set of 3. $ 437.00. Add to cart. Masterpiece Sound Therapy Set of 5. $ 1,039.00. Add to cart.","Fire and Tradition Singing Bowl Set of 3. $ 437.00. Add to cart. Masterpiece Sound Therapy Set of 5. $ 1,039.00. Add to cart.",missing,missing,False,False,pending,,,,,not_eligible,False,2026-09-07T18:58:46.412073+00:00,2026-09-07T18:58:46.412073+00:00,2026-09-07T18:58:46.412073+00:00,True,False,Missing email address,,,,,,
6090c2ec398d,6090c2ec398d,Soundtopia: Singing Bowls for Sale,Soundtopia: Singing Bowls for Sale,,,,,1.800.494.1369,https://soundtopia.com,United States,Wholesale Importer,himalayan-sound-healing-bowls,web_search,web_search,https://www.soundtopia.com/?srsltid=AfmBOoopcjTDesejkZsIO1CHJFAxHGiiBNoqNUdG366f_I_mqGPof5tF,"Toll Free USA & Canada 1.800.494.1369 … largest US-based supplier of Crystal and Himalayan Singing Bowls, with over 10,000 unique pieces in stock—each","Toll Free USA & Canada 1.800.494.1369 … largest US-based supplier of Crystal and Himalayan Singing Bowls, with over 10,000 unique pieces in stock—each",missing,missing,False,False,pending,,,,,not_eligible,False,2026-09-07T18:58:46.412110+00:00,2026-09-07T18:58:46.412110+00:00,2026-09-07T18:58:46.412110+00:00,True,False,Missing email address,,,,,,
5b4b14ed7eee,5b4b14ed7eee,Singing bowls,Singing bowls,,,,,,https://phoeniximport.com,United States,Wholesale Importer,himalayan-sound-healing-bowls,web_search,web_search,https://www.phoeniximport.com/en/collections/singing-bowls-and-more,"The sound wave of the High Ohm octave has a soothing and healing effect and can help restore the balance in the aura, which further benefits the physical body.","The sound wave of the High Ohm octave has a soothing and healing effect and can help restore the balance in the aura, which further benefits the physical body.",missing,missing,False,False,pending,,,,,not_eligible,False,2026-09-07T18:58:46.412143+00:00,2026-09-07T18:58:46.412143+00:00,2026-09-07T18:58:46.412143+00:00,True,False,Missing email address,,,,,,
13ac10a6e7b7,13ac10a6e7b7,Singing Bowls,Singing Bowls,,,,,,https://oceaniclink.com,United States,Wholesale Importer,himalayan-sound-healing-bowls,web_search,web_search,https://oceaniclink.com/product-category/meditation-tools/singing-bowls/,"Oceanic Linkways has an assortment of singing bowls & Wholesale Pricing! Sold to have therapeutic effects, promoting relaxation, stress reduction, and even ...","Oceanic Linkways has an assortment of singing bowls & Wholesale Pricing! Sold to have therapeutic effects, promoting relaxation, stress reduction, and even ...",missing,missing,False,False,pending,,,,,not_eligible,False,2026-09-07T18:58:46.412173+00:00,2026-09-07T18:58:46.412173+00:00,2026-09-07T18:58:46.412173+00:00,True,False,Missing email address,,,,,,
5a4640a3a1f8,5a4640a3a1f8,Himalayan Bazaar: Singing Bowls,Himalayan Bazaar: Singing Bowls,,,,,,https://amazon.com,United States,Wholesale Importer,himalayan-sound-healing-bowls,web_search,web_search,https://www.amazon.com/stores/HimalayanBazaar/page/D340CF5B-84B9-45FB-9C86-E4786FB439C9,Premium Tibetan Singing Bowl Set - Authentic Handcrafted Mindfulness Meditation Holistic Sound 7 Chakra Healing Gift by Himalayan Bazaar (3... You pay $15.17.,Premium Tibetan Singing Bowl Set - Authentic Handcrafted Mindfulness Meditation Holistic Sound 7 Chakra Healing Gift by Himalayan Bazaar (3... You pay $15.17.,missing,missing,False,False,pending,,,,,not_eligible,False,2026-09-07T18:58:46.412201+00:00,2026-09-07T18:58:46.412201+00:00,2026-09-07T18:58:46.412201+00:00,True,False,Missing email address,,,,,,
c14db34503a7,c14db34503a7,Himalayan Bowls,Himalayan Bowls,,,,support@himalayanbowls.com,,https://himalayanbowls.com,United States,Wholesale Importer,himalayan-sound-healing-bowls,web_search,web_search,https://www.himalayanbowls.com/,"Himalayan Bowls, the world's best handmade singing bowls. We record and photograph each bowl so you can pick exactly what speaks to you.","Himalayan Bowls, the world's best handmade singing bowls. We record and photograph each bowl so you can pick exactly what speaks to you.",valid,valid,True,True,needs_review,55,0.7,"Appears to be an existing retailer or producer of Himalayan singing bowls, making their fit as an importer for our product ambiguous or potentially competitive.",medium,not_eligible,False,2026-09-07T18:58:46.412677+00:00,2026-09-07T18:58:46.412677+00:00,2026-09-07T18:58:46.412677+00:00,True,False,Syntax Valid,individual,,,,,
7c4af816e047,7c4af816e047,Tibetan Singing Bowls,Tibetan Singing Bowls,,,,,,https://bellsofbliss.com,United States,Wholesale Importer,himalayan-sound-healing-bowls,web_search,web_search,https://bellsofbliss.com/?srsltid=AfmBOooNKGJb9qZUYb0qAUFMjSW6UNkzZosTKAdHYQvGhzEhc9xiF9Ge,Bells of Bliss offers a wide range of top-quality hand picked sound bowls. FREE SHIPPING WITHIN USA … sourced from across the Himalayan region. Himalayan ...,Bells of Bliss offers a wide range of top-quality hand picked sound bowls. FREE SHIPPING WITHIN USA … sourced from across the Himalayan region. Himalayan ...,missing,missing,False,False,pending,,,,,not_eligible,False,2026-09-07T18:58:46.412717+00:00,2026-09-07T18:58:46.412717+00:00,2026-09-07T18:58:46.412717+00:00,True,False,Missing email address,,,,,,
fa4bda31b484,fa4bda31b484,Himalayan Singing Bowls,Himalayan Singing Bowls,,,,,,https://himalayasshop.com,United States,Wholesale Importer,himalayan-sound-healing-bowls,web_search,web_search,https://www.himalayasshop.com/collections/himalayas-singing-bowl,Authentic handmade Himalayas Singing Bowl. Large collection of Tibetan and Nepalese Singing Bowls. Listen Sound and Buy now online.,Authentic handmade Himalayas Singing Bowl. Large collection of Tibetan and Nepalese Singing Bowls. Listen Sound and Buy now online.,missing,missing,False,False,pending,,,,,not_eligible,False,2026-09-07T18:58:46.412748+00:00,2026-09-07T18:58:46.412748+00:00,2026-09-07T18:58:46.412748+00:00,True,False,Missing email address,,,,,,
531291fe4caa,531291fe4caa,7 Chakra Singing Bowl Set,7 Chakra Singing Bowl Set,,,,,,https://etsy.com,United States,Wholesale Importer,himalayan-sound-healing-bowls,web_search,web_search,https://www.etsy.com/listing/1769651878/handmade-tibetan-singing-bowl-set-sound,"7 Chakra Singing Bowl is a beautifully handcrafted sound healing instrument. Customs and import taxes For US deliveries, import duties and fees are included in ...","7 Chakra Singing Bowl is a beautifully handcrafted sound healing instrument. Customs and import taxes For US deliveries, import duties and fees are included in ...",missing,missing,False,False,pending,,,,,not_eligible,False,2026-09-07T18:58:46.412776+00:00,2026-09-07T18:58:46.412776+00:00,2026-09-07T18:58:46.412776+00:00,True,False,Missing email address,,,,,,
111ac6a478c2,111ac6a478c2,Where to find reputable sources for Tibetan or Him,Where to find reputable sources for Tibetan or Him,,,,,,https://facebook.com,United States,Wholesale Importer,himalayan-sound-healing-bowls,web_search,web_search,https://www.facebook.com/groups/235814466274117/posts/568852659636961/,"Hey friends! Im a pretty novice Sound Healer, I love my crystal singing bowls but am also looking for Tibetan or Himalayan bowls and Im not sure ...","Hey friends! Im a pretty novice Sound Healer, I love my crystal singing bowls but am also looking for Tibetan or Himalayan bowls and Im not sure ...",missing,missing,False,False,pending,,,,,not_eligible,False,2026-09-07T18:58:46.412806+00:00,2026-09-07T18:58:46.412806+00:00,2026-09-07T18:58:46.412806+00:00,True,False,Missing email address,,,,,,
de207e4fc74f,de207e4fc74f,"Himalayan Sound Bowl Set-5.98""In With Cushion &Mal","Himalayan Sound Bowl Set-5.98""In With Cushion &Mal",,,,,,https://ebay.com,United States,Wholesale Importer,himalayan-sound-healing-bowls,web_search,web_search,https://www.ebay.com/itm/126213724180,"Set Includes 1 Singing Bowl, 1 Cushion and 1 Mallet. From Sanford, North Carolina, United States Pickup Free local pickup over 60 mi from 76123.","Set Includes 1 Singing Bowl, 1 Cushion and 1 Mallet. From Sanford, North Carolina, United States Pickup Free local pickup over 60 mi from 76123.",missing,missing,False,False,pending,,,,,not_eligible,False,2026-09-07T18:58:46.412832+00:00,2026-09-07T18:58:46.412832+00:00,2026-09-07T18:58:46.412832+00:00,True,False,Missing email address,,,,,,
99bdde203fa9,99bdde203fa9,Bodhisattva Trading Company,Bodhisattva Trading Company,,,,,,https://bodhisattva.com,United States,Wholesale Importer,himalayan-sound-healing-bowls,web_search,web_search,https://bodhisattva.com/?srsltid=AfmBOoocT0RUh2l0mGyDD9pw_vjuOiXE2ilau3FQHLjDrzGoUe0BXZ72,"Since 1996, Bodhisattva® has sourced Master-Quality Himalayan singing bowls from Nepal. Our metal singing bowls are hand-selected based on sound quality, ...","Since 1996, Bodhisattva® has sourced Master-Quality Himalayan singing bowls from Nepal. Our metal singing bowls are hand-selected based on sound quality, ...",missing,missing,False,False,pending,,,,,not_eligible,False,2026-09-07T18:58:46.412858+00:00,2026-09-07T18:58:46.412858+00:00,2026-09-07T18:58:46.412858+00:00,True,False,Missing email address,,,,,,
b41e6f612c23,b41e6f612c23,Himalayan Singing Bowl And Trading,Himalayan Singing Bowl And Trading,,,,,,https://tripadvisor.com,United States,Wholesale Importer,himalayan-sound-healing-bowls,web_search,web_search,https://www.tripadvisor.com/Attraction_Review-g293891-d26789507-Reviews-Himalayan_Singing_Bowl_And_Trading-Pokhara_Gandaki_Zone_Western_Region.html,"Himalayan singing bowl and trading company Nepal is manufacturing company and also the sound healing hub, -quality singing bowls. English in the United States.","Himalayan singing bowl and trading company Nepal is manufacturing company and also the sound healing hub, -quality singing bowls. English in the United States.",missing,missing,False,False,pending,,,,,not_eligible,False,2026-09-07T18:58:46.412884+00:00,2026-09-07T18:58:46.412884+00:00,2026-09-07T18:58:46.412884+00:00,True,False,Missing email address,,,,,,
207a9dfa45fe,207a9dfa45fe,sound bowls for your store,sound bowls for your store,,,,,,https://faire.com,United States,Wholesale Importer,himalayan-sound-healing-bowls,web_search,web_search,https://www.faire.com/discover/sound-bowls,"Explore a diverse selection of sound bowls wholesale in the USA. Discover crystal singing bowls, Tibetan singing bowls, and more for your store.","Explore a diverse selection of sound bowls wholesale in the USA. Discover crystal singing bowls, Tibetan singing bowls, and more for your store.",missing,missing,False,False,pending,,,,,not_eligible,False,2026-09-07T18:59:27.807136+00:00,2026-09-07T18:59:27.807136+00:00,2026-09-07T18:59:27.807136+00:00,True,False,Missing email address,,,,,,
5ca6e50a160c,5ca6e50a160c,Singing Bowls,Singing Bowls,,,,,,https://dharmashop.com,United States,Wholesale Importer,himalayan-sound-healing-bowls,web_search,web_search,https://www.dharmashop.com/collections/wholesale-singing-bowls?srsltid=AfmBOoqbxEODtK0zTzySWqDA29myDzXgPfsQzZ1shfgi13bWl-YPDwhj,"Fire and Tradition Singing Bowl Set of 3. $ 437.00. Add to cart. Masterpiece Sound Therapy Set of 5. $ 1,039.00. Add to cart.","Fire and Tradition Singing Bowl Set of 3. $ 437.00. Add to cart. Masterpiece Sound Therapy Set of 5. $ 1,039.00. Add to cart.",missing,missing,False,False,pending,,,,,not_eligible,False,2026-09-07T18:59:27.807193+00:00,2026-09-07T18:59:27.807193+00:00,2026-09-07T18:59:27.807193+00:00,True,False,Missing email address,,,,,,
6090c2ec398d,6090c2ec398d,Soundtopia: Singing Bowls for Sale,Soundtopia: Singing Bowls for Sale,,,,,,https://soundtopia.com,United States,Wholesale Importer,himalayan-sound-healing-bowls,web_search,web_search,https://www.soundtopia.com/?srsltid=AfmBOop6iGMTcDQ4iOUkc9arK6pLsj7RxoFoBEapKfEufC4LSj_PF2BY,"Shop the world's largest selection of singing bowls at Soundtopia — Himalayan & crystal bowls, gongs, and sound healing instruments, with audio for every ...","Shop the world's largest selection of singing bowls at Soundtopia — Himalayan & crystal bowls, gongs, and sound healing instruments, with audio for every ...",missing,missing,False,False,pending,,,,,not_eligible,False,2026-09-07T18:59:27.807208+00:00,2026-09-07T18:59:27.807208+00:00,2026-09-07T18:59:27.807208+00:00,True,False,Missing email address,,,,,,
5b4b14ed7eee,5b4b14ed7eee,Singing bowls,Singing bowls,,,,,,https://phoeniximport.com,United States,Wholesale Importer,himalayan-sound-healing-bowls,web_search,web_search,https://www.phoeniximport.com/en/collections/singing-bowls-and-more,"The sound wave of the High Ohm octave has a soothing and healing effect and can help restore the balance in the aura, which further benefits the physical body.","The sound wave of the High Ohm octave has a soothing and healing effect and can help restore the balance in the aura, which further benefits the physical body.",missing,missing,False,False,pending,,,,,not_eligible,False,2026-09-07T18:59:27.807221+00:00,2026-09-07T18:59:27.807221+00:00,2026-09-07T18:59:27.807221+00:00,True,False,Missing email address,,,,,,
13ac10a6e7b7,13ac10a6e7b7,Singing Bowls,Singing Bowls,,,,,,https://oceaniclink.com,United States,Wholesale Importer,himalayan-sound-healing-bowls,web_search,web_search,https://oceaniclink.com/product-category/meditation-tools/singing-bowls/,Oceanic Linkways has an assortment of singing bowls & more. Select best sellers for your shop to keep your clients happy with a well-stocked store!,Oceanic Linkways has an assortment of singing bowls & more. Select best sellers for your shop to keep your clients happy with a well-stocked store!,missing,missing,False,False,pending,,,,,not_eligible,False,2026-09-07T18:59:27.807233+00:00,2026-09-07T18:59:27.807233+00:00,2026-09-07T18:59:27.807233+00:00,True,False,Missing email address,,,,,,
5a4640a3a1f8,5a4640a3a1f8,Himalayan Bazaar: Singing Bowls,Himalayan Bazaar: Singing Bowls,,,,,,https://amazon.com,United States,Wholesale Importer,himalayan-sound-healing-bowls,web_search,web_search,https://www.amazon.com/stores/HimalayanBazaar/page/D340CF5B-84B9-45FB-9C86-E4786FB439C9,Premium Tibetan Singing Bowl Set - Authentic Handcrafted Mindfulness Meditation Holistic Sound 7 Chakra Healing Gift by Himalayan Bazaar (3... You pay $15.17.,Premium Tibetan Singing Bowl Set - Authentic Handcrafted Mindfulness Meditation Holistic Sound 7 Chakra Healing Gift by Himalayan Bazaar (3... You pay $15.17.,missing,missing,False,False,pending,,,,,not_eligible,False,2026-09-07T18:59:27.807245+00:00,2026-09-07T18:59:27.807245+00:00,2026-09-07T18:59:27.807245+00:00,True,False,Missing email address,,,,,,
c14db34503a7,c14db34503a7,Himalayan Bowls,Himalayan Bowls,,,,support@himalayanbowls.com,,https://himalayanbowls.com,United States,Wholesale Importer,himalayan-sound-healing-bowls,web_search,web_search,https://www.himalayanbowls.com/,"Himalayan Bowls, the world's best handmade singing bowls. We record and photograph each bowl so you can pick exactly what speaks to you.","Himalayan Bowls, the world's best handmade singing bowls. We record and photograph each bowl so you can pick exactly what speaks to you.",valid,valid,True,True,needs_review,55,0.7,"Appears to be an existing retailer or producer of Himalayan singing bowls, making their fit as an importer for our product ambiguous or potentially competitive.",medium,not_eligible,False,2026-09-07T18:59:27.807458+00:00,2026-09-07T18:59:27.807458+00:00,2026-09-07T18:59:27.807458+00:00,True,False,Syntax Valid,individual,,,,,
7c4af816e047,7c4af816e047,Tibetan Singing Bowls,Tibetan Singing Bowls,,,,,,https://bellsofbliss.com,United States,Wholesale Importer,himalayan-sound-healing-bowls,web_search,web_search,https://bellsofbliss.com/?srsltid=AfmBOoqpk0WW1OqbzXs6w_Agk6xynOuSrIKylA0550RfRzYlTsrCUPNG,"Our collection includes individual singing bowls and matched sets, sourced from across the Himalayan region. Many of these instruments are decades or centuries ...","Our collection includes individual singing bowls and matched sets, sourced from across the Himalayan region. Many of these instruments are decades or centuries ...",missing,missing,False,False,pending,,,,,not_eligible,False,2026-09-07T18:59:27.807473+00:00,2026-09-07T18:59:27.807473+00:00,2026-09-07T18:59:27.807473+00:00,True,False,Missing email address,,,,,,
ff6296e72e3b,ff6296e72e3b,Ultimate Guide For Buying Bronze Singing Bowls,Ultimate Guide For Buying Bronze Singing Bowls,,,,,,https://youtube.com,United States,Wholesale Importer,himalayan-sound-healing-bowls,web_search,web_search,https://www.youtube.com/watch?v=p0OCO3-V9bs,Tibetan Singing Medicine Bowls Demonstration Wholesale Distribution from Kathmandu Nepal ... **INSTANT STRESS RELIEF** Tibetan Singing Bowl Sound ...,Tibetan Singing Medicine Bowls Demonstration Wholesale Distribution from Kathmandu Nepal ... **INSTANT STRESS RELIEF** Tibetan Singing Bowl Sound ...,missing,missing,False,False,pending,,,,,not_eligible,False,2026-09-07T18:59:27.807485+00:00,2026-09-07T18:59:27.807485+00:00,2026-09-07T18:59:27.807485+00:00,False,False,Missing email address,,,,,,
fa4bda31b484,fa4bda31b484,Himalayan Singing Bowls,Himalayan Singing Bowls,,,,,,https://himalayasshop.com,United States,Wholesale Importer,himalayan-sound-healing-bowls,web_search,web_search,https://www.himalayasshop.com/collections/himalayas-singing-bowl,Authentic handmade Himalayas Singing Bowl. Large collection of Tibetan and Nepalese Singing Bowls. Listen Sound and Buy now online.,Authentic handmade Himalayas Singing Bowl. Large collection of Tibetan and Nepalese Singing Bowls. Listen Sound and Buy now online.,missing,missing,False,False,pending,,,,,not_eligible,False,2026-09-07T18:59:27.807496+00:00,2026-09-07T18:59:27.807496+00:00,2026-09-07T18:59:27.807496+00:00,True,False,Missing email address,,,,,,
3751e742091a,3751e742091a,Calming Sound Bowl for Relaxation and Inner Harmon,Calming Sound Bowl for Relaxation and Inner Harmon,,,,,,https://etsy.com,United States,Wholesale Importer,himalayan-sound-healing-bowls,web_search,web_search,https://www.etsy.com/listing/797015392/handcrafted-tibetan-singing-bowl-singing,"Crafted by the esteemed Tamrakar family in Nepal, this exquisite bowl exudes soothing vibrations, perfect for sound meditation and self-healing. Light in weight ...","Crafted by the esteemed Tamrakar family in Nepal, this exquisite bowl exudes soothing vibrations, perfect for sound meditation and self-healing. Light in weight ...",missing,missing,False,False,pending,,,,,not_eligible,False,2026-09-07T18:59:27.807507+00:00,2026-09-07T18:59:27.807507+00:00,2026-09-07T18:59:27.807507+00:00,True,False,Missing email address,,,,,,
99bdde203fa9,99bdde203fa9,Bodhisattva Trading Company,Bodhisattva Trading Company,,,,,,https://bodhisattva.com,United States,Wholesale Importer,himalayan-sound-healing-bowls,web_search,web_search,https://bodhisattva.com/?srsltid=AfmBOopK649bCmCsGhQGFHy7xKmCGGLk7_vqCDwj78C69JN3n2QNpaKw,"Since 1996, Bodhisattva® has sourced Master-Quality Himalayan singing bowls from Nepal. Our metal singing bowls are hand-selected based on sound quality, ...","Since 1996, Bodhisattva® has sourced Master-Quality Himalayan singing bowls from Nepal. Our metal singing bowls are hand-selected based on sound quality, ...",missing,missing,False,False,pending,,,,,not_eligible,False,2026-09-07T18:59:27.807518+00:00,2026-09-07T18:59:27.807518+00:00,2026-09-07T18:59:27.807518+00:00,True,False,Missing email address,,,,,,
de970f1c40a9,de970f1c40a9,Unlimited Singing Bowls,Unlimited Singing Bowls,,,,,,https://unlimited-singingbowls.com,United States,Wholesale Importer,himalayan-sound-healing-bowls,web_search,web_search,https://unlimited-singingbowls.com/?srsltid=AfmBOoq43g-lrekwG7plEq_dnj-CxXRem6V6G5DObi6idBpVX-o4zCzq,"Unlimited Singing Bowls sells singing bowls, crystal bowls and sound healing instruments from all over the world. We ship all over the world too.","Unlimited Singing Bowls sells singing bowls, crystal bowls and sound healing instruments from all over the world. We ship all over the world too.",missing,missing,False,False,pending,,,,,not_eligible,False,2026-09-07T18:59:27.807550+00:00,2026-09-07T18:59:27.807550+00:00,2026-09-07T18:59:27.807550+00:00,True,False,Missing email address,,,,,,
f421e9df1c71,f421e9df1c71,Crystal Singing Bowls,Crystal Singing Bowls,,,,,,https://soundtherapyshop.com,United States,Wholesale Importer,himalayan-sound-healing-bowls,web_search,web_search,https://soundtherapyshop.com/collections/crystal-singing-bowls?srsltid=AfmBOortfzqN4Hs3Xc7a0kyWVIBmwymAj6k89i9V5H0Zlh0kt9uYZji-,All our Crystal Singing Bowls are made from 99.9% high purity Australian quartz. They create a long sustain and strong vibrational frequencies.,All our Crystal Singing Bowls are made from 99.9% high purity Australian quartz. They create a long sustain and strong vibrational frequencies.,missing,missing,False,False,pending,,,,,not_eligible,False,2026-09-07T18:59:27.807560+00:00,2026-09-07T18:59:27.807560+00:00,2026-09-07T18:59:27.807560+00:00,True,False,Missing email address,,,,,,
207a9dfa45fe,207a9dfa45fe,sound bowls for your store,sound bowls for your store,,,,,,https://faire.com,United States,Wholesale Importer,himalayan-sound-healing-bowls,web_search,web_search,https://www.faire.com/discover/sound-bowls,Explore a diverse selection of sound bowls wholesale in the USA. starting at just $100.00. Himalayan Healing Himalayan,Explore a diverse selection of sound bowls wholesale in the USA. starting at just $100.00. Himalayan Healing Himalayan,missing,missing,False,False,pending,,,,,not_eligible,False,2026-09-07T18:59:56.372985+00:00,2026-09-07T18:59:56.372985+00:00,2026-09-07T18:59:56.372985+00:00,True,False,Missing email address,,,,,,
5ca6e50a160c,5ca6e50a160c,Singing Bowls,Singing Bowls,,,,,,https://dharmashop.com,United States,Wholesale Importer,himalayan-sound-healing-bowls,web_search,web_search,https://www.dharmashop.com/collections/wholesale-singing-bowls?srsltid=AfmBOorO5WTZpf90pbV6FdQJc6sdfzVNHYZPDep-UKswKkItQq84Je4J,"Fire and Tradition Singing Bowl Set of 3. $ 437.00. Add to cart. Masterpiece Sound Therapy Set of 5. $ 1,039.00. Add to cart.","Fire and Tradition Singing Bowl Set of 3. $ 437.00. Add to cart. Masterpiece Sound Therapy Set of 5. $ 1,039.00. Add to cart.",missing,missing,False,False,pending,,,,,not_eligible,False,2026-09-07T18:59:56.373055+00:00,2026-09-07T18:59:56.373055+00:00,2026-09-07T18:59:56.373055+00:00,True,False,Missing email address,,,,,,
5b4b14ed7eee,5b4b14ed7eee,Singing bowls,Singing bowls,,,,,,https://phoeniximport.com,United States,Wholesale Importer,himalayan-sound-healing-bowls,web_search,web_search,https://www.phoeniximport.com/en/collections/singing-bowls-and-more,"Phoenix Import is one of Europe's largest singing bowls wholesaler, with a very wide range of metal singing bowls, crystal singing bowls, gongs, sound bars, ...","Phoenix Import is one of Europe's largest singing bowls wholesaler, with a very wide range of metal singing bowls, crystal singing bowls, gongs, sound bars, ...",missing,missing,False,False,pending,,,,,not_eligible,False,2026-09-07T18:59:56.373092+00:00,2026-09-07T18:59:56.373092+00:00,2026-09-07T18:59:56.373092+00:00,True,False,Missing email address,,,,,,
6090c2ec398d,6090c2ec398d,Soundtopia: Singing Bowls for Sale,Soundtopia: Singing Bowls for Sale,,,,,,https://soundtopia.com,United States,Wholesale Importer,himalayan-sound-healing-bowls,web_search,web_search,https://www.soundtopia.com/?srsltid=AfmBOooyQ9OZxrunE7Z-ZPJig1iyOntb5u51i1rOmcO7qcyjgbi7dt-_,"largest US-based supplier of Crystal and Himalayan Singing Bowls, with over 10,000 unique pieces in stock—each carefully sound-tested and recorded","largest US-based supplier of Crystal and Himalayan Singing Bowls, with over 10,000 unique pieces in stock—each carefully sound-tested and recorded",missing,missing,False,False,pending,,,,,not_eligible,False,2026-09-07T18:59:56.373126+00:00,2026-09-07T18:59:56.373126+00:00,2026-09-07T18:59:56.373126+00:00,True,False,Missing email address,,,,,,
13ac10a6e7b7,13ac10a6e7b7,Singing Bowls,Singing Bowls,,,,,,https://oceaniclink.com,United States,Wholesale Importer,himalayan-sound-healing-bowls,web_search,web_search,https://oceaniclink.com/product-category/meditation-tools/singing-bowls/,"Oceanic Linkways has an assortment of singing bowls. Sold to have therapeutic effects, promoting relaxation, stress reduction, and even healing.","Oceanic Linkways has an assortment of singing bowls. Sold to have therapeutic effects, promoting relaxation, stress reduction, and even healing.",missing,missing,False,False,pending,,,,,not_eligible,False,2026-09-07T18:59:56.373157+00:00,2026-09-07T18:59:56.373157+00:00,2026-09-07T18:59:56.373157+00:00,True,False,Missing email address,,,,,,
5a4640a3a1f8,5a4640a3a1f8,Himalayan Bazaar: Singing Bowls,Himalayan Bazaar: Singing Bowls,,,,,,https://amazon.com,United States,Wholesale Importer,himalayan-sound-healing-bowls,web_search,web_search,https://www.amazon.com/stores/HimalayanBazaar/page/D340CF5B-84B9-45FB-9C86-E4786FB439C9,Premium Tibetan Singing Bowl Set - Authentic Handcrafted Mindfulness Meditation Holistic Sound 7 Chakra Healing Gift by Himalayan Bazaar (3... You pay $15.17.,Premium Tibetan Singing Bowl Set - Authentic Handcrafted Mindfulness Meditation Holistic Sound 7 Chakra Healing Gift by Himalayan Bazaar (3... You pay $15.17.,missing,missing,False,False,pending,,,,,not_eligible,False,2026-09-07T18:59:56.373187+00:00,2026-09-07T18:59:56.373187+00:00,2026-09-07T18:59:56.373187+00:00,True,False,Missing email address,,,,,,
c14db34503a7,c14db34503a7,Himalayan Bowls,Himalayan Bowls,,,,support@himalayanbowls.com,,https://himalayanbowls.com,United States,Wholesale Importer,himalayan-sound-healing-bowls,web_search,web_search,https://www.himalayanbowls.com/,"Experience the tranquility of a true Himalayan Singing Bowl, 100% handmade in Nepal. Unparalleled quality since 2001. 10% off with orders <$300 with code GET10 ...","Experience the tranquility of a true Himalayan Singing Bowl, 100% handmade in Nepal. Unparalleled quality since 2001. 10% off with orders <$300 with code GET10 ...",valid,valid,True,True,needs_review,55,0.7,"Appears to be an existing retailer or producer of Himalayan singing bowls, making their fit as an importer for our product ambiguous or potentially competitive.",medium,not_eligible,False,2026-09-07T18:59:56.373704+00:00,2026-09-07T18:59:56.373704+00:00,2026-09-07T18:59:56.373704+00:00,True,False,Syntax Valid,individual,,,,,
7c4af816e047,7c4af816e047,Tibetan Singing Bowls,Tibetan Singing Bowls,,,,,,https://bellsofbliss.com,United States,Wholesale Importer,himalayan-sound-healing-bowls,web_search,web_search,https://bellsofbliss.com/?srsltid=AfmBOorPbrjVPn8zhcoS7BGQ6PhS0qiIrpdNoCM_wWVv1hZk9poj3Tr5,"Our collection includes individual singing bowls and matched sets, sourced from across the Himalayan region. Many of these instruments are decades or centuries ...","Our collection includes individual singing bowls and matched sets, sourced from across the Himalayan region. Many of these instruments are decades or centuries ...",missing,missing,False,False,pending,,,,,not_eligible,False,2026-09-07T18:59:56.373742+00:00,2026-09-07T18:59:56.373742+00:00,2026-09-07T18:59:56.373742+00:00,True,False,Missing email address,,,,,,
83c867fd53ef,83c867fd53ef,Singing Bowls:,Singing Bowls:,,,,,,https://newageincense.com,United States,Wholesale Importer,himalayan-sound-healing-bowls,web_search,web_search,https://newageincense.com/wholesale-singing-bowls,"We are importer, wholesaler, and distributor of Incense, Incense Burners, Altar Supplies, Pagan Supplies, Tapestries, Totes, Smudges & Herbs, Tibetan Products, ...","We are importer, wholesaler, and distributor of Incense, Incense Burners, Altar Supplies, Pagan Supplies, Tapestries, Totes, Smudges & Herbs, Tibetan Products, ...",missing,missing,False,False,pending,,,,,not_eligible,False,2026-09-07T18:59:56.373773+00:00,2026-09-07T18:59:56.373773+00:00,2026-09-07T18:59:56.373773+00:00,True,False,Missing email address,,,,,,
fa4bda31b484,fa4bda31b484,Himalayan Singing Bowls,Himalayan Singing Bowls,,,,,,https://himalayasshop.com,United States,Wholesale Importer,himalayan-sound-healing-bowls,web_search,web_search,https://www.himalayasshop.com/collections/himalayas-singing-bowl,Authentic handmade Himalayas Singing Bowl. Large collection of Tibetan and Nepalese Singing Bowls. Listen Sound and Buy now online.,Authentic handmade Himalayas Singing Bowl. Large collection of Tibetan and Nepalese Singing Bowls. Listen Sound and Buy now online.,missing,missing,False,False,pending,,,,,not_eligible,False,2026-09-07T18:59:56.373801+00:00,2026-09-07T18:59:56.373801+00:00,2026-09-07T18:59:56.373801+00:00,True,False,Missing email address,,,,,,
99bdde203fa9,99bdde203fa9,Bodhisattva Trading Company,Bodhisattva Trading Company,,,,,,https://bodhisattva.com,United States,Wholesale Importer,himalayan-sound-healing-bowls,web_search,web_search,https://bodhisattva.com/?srsltid=AfmBOopNEjh2kOkWYK-3CT7BRzdSbOygNsLdzzJGqiLG82UQY0u4dLDE,"Since 1996, Bodhisattva® has sourced Master-Quality Himalayan singing bowls from Nepal. Our metal singing bowls are hand-selected based on sound quality, ...","Since 1996, Bodhisattva® has sourced Master-Quality Himalayan singing bowls from Nepal. Our metal singing bowls are hand-selected based on sound quality, ...",missing,missing,False,False,pending,,,,,not_eligible,False,2026-09-07T18:59:56.373828+00:00,2026-09-07T18:59:56.373828+00:00,2026-09-07T18:59:56.373828+00:00,True,False,Missing email address,,,,,,
f03185934890,f03185934890,Good Vibrations: The Healing Power of Sound Therap,Good Vibrations: The Healing Power of Sound Therap,,,,,,https://organicspamagazine.com,United States,Wholesale Importer,himalayan-sound-healing-bowls,web_search,web_search,https://www.organicspamagazine.com/himalayan-singing-bowls-sound-therapy/,The healing power of Himalayan singing bowls and sound therapy. Spas across the globe are taking an increased interest in sound therapy—and ...,The healing power of Himalayan singing bowls and sound therapy. Spas across the globe are taking an increased interest in sound therapy—and ...,missing,missing,False,False,pending,,,,,not_eligible,False,2026-09-07T18:59:56.373938+00:00,2026-09-07T18:59:56.373938+00:00,2026-09-07T18:59:56.373938+00:00,False,False,Missing email address,,,,,,
3751e742091a,3751e742091a,Calming Sound Bowl for Relaxation and Inner Harmon,Calming Sound Bowl for Relaxation and Inner Harmon,,,,,,https://etsy.com,United States,Wholesale Importer,himalayan-sound-healing-bowls,web_search,web_search,https://www.etsy.com/listing/797015392/handcrafted-tibetan-singing-bowl-singing,"Crafted by the esteemed Tamrakar family in Nepal, this exquisite bowl exudes soothing vibrations, perfect for sound meditation and self-healing.","Crafted by the esteemed Tamrakar family in Nepal, this exquisite bowl exudes soothing vibrations, perfect for sound meditation and self-healing.",missing,missing,False,False,pending,,,,,not_eligible,False,2026-09-07T18:59:56.373965+00:00,2026-09-07T18:59:56.373965+00:00,2026-09-07T18:59:56.373965+00:00,True,False,Missing email address,,,,,,
207a9dfa45fe,207a9dfa45fe,sound bowls for your store,sound bowls for your store,,,,,,https://faire.com,United States,Wholesale Importer,himalayan-sound-healing-bowls,web_search,web_search,https://www.faire.com/discover/sound-bowls,Explore a diverse selection of sound bowls wholesale in the USA. Sound Healing & Meditation … starting at just $100.00. Himalayan Healing,Explore a diverse selection of sound bowls wholesale in the USA. Sound Healing & Meditation … starting at just $100.00. Himalayan Healing,missing,missing,False,False,pending,,,,,not_eligible,False,2026-09-07T19:01:14.695764+00:00,2026-09-07T19:01:14.695764+00:00,2026-09-07T19:01:14.695764+00:00,True,False,Missing email address,,,,,,
5ca6e50a160c,5ca6e50a160c,Singing Bowls,Singing Bowls,,,,,,https://dharmashop.com,United States,Wholesale Importer,himalayan-sound-healing-bowls,web_search,web_search,https://www.dharmashop.com/collections/wholesale-singing-bowls?srsltid=AfmBOopY2D05NMrfmWvQ8zW1tcvbyRwMdayvqdX8buYKNgL5VR194Cjj,"Fire and Tradition Singing Bowl Set of 3. $ 437.00. Add to cart. Masterpiece Sound Therapy Set of 5. $ 1,039.00. Add to cart.","Fire and Tradition Singing Bowl Set of 3. $ 437.00. Add to cart. Masterpiece Sound Therapy Set of 5. $ 1,039.00. Add to cart.",missing,missing,False,False,pending,,,,,not_eligible,False,2026-09-07T19:01:14.695832+00:00,2026-09-07T19:01:14.695832+00:00,2026-09-07T19:01:14.695832+00:00,True,False,Missing email address,,,,,,
5b4b14ed7eee,5b4b14ed7eee,Singing bowls,Singing bowls,,,,,,https://phoeniximport.com,United States,Wholesale Importer,himalayan-sound-healing-bowls,web_search,web_search,https://www.phoeniximport.com/en/collections/singing-bowls-and-more,"The sound wave of the High Ohm octave has a soothing and healing effect and can help restore the balance in the aura, which further benefits the physical body.","The sound wave of the High Ohm octave has a soothing and healing effect and can help restore the balance in the aura, which further benefits the physical body.",missing,missing,False,False,pending,,,,,not_eligible,False,2026-09-07T19:01:14.695870+00:00,2026-09-07T19:01:14.695870+00:00,2026-09-07T19:01:14.695870+00:00,True,False,Missing email address,,,,,,
5a4640a3a1f8,5a4640a3a1f8,Himalayan Bazaar: Singing Bowls,Himalayan Bazaar: Singing Bowls,,,,,,https://amazon.com,United States,Wholesale Importer,himalayan-sound-healing-bowls,web_search,web_search,https://www.amazon.com/stores/HimalayanBazaar/page/D340CF5B-84B9-45FB-9C86-E4786FB439C9,Premium Tibetan Singing Bowl Set - Authentic Handcrafted Mindfulness Meditation Holistic Sound 7 Chakra Healing Gift by Himalayan Bazaar (3... You pay $15.17.,Premium Tibetan Singing Bowl Set - Authentic Handcrafted Mindfulness Meditation Holistic Sound 7 Chakra Healing Gift by Himalayan Bazaar (3... You pay $15.17.,missing,missing,False,False,pending,,,,,not_eligible,False,2026-09-07T19:01:14.695902+00:00,2026-09-07T19:01:14.695902+00:00,2026-09-07T19:01:14.695902+00:00,True,False,Missing email address,,,,,,
6090c2ec398d,6090c2ec398d,Soundtopia: Singing Bowls for Sale,Soundtopia: Singing Bowls for Sale,,,,,1.800.494.1369,https://soundtopia.com,United States,Wholesale Importer,himalayan-sound-healing-bowls,web_search,web_search,https://www.soundtopia.com/?srsltid=AfmBOoqNwMDwIr8fJlk75ahmOk-_HOvILgjO-q-pdRT0u6OQflfwXlBq,"Toll Free USA & Canada 1.800.494.1369 … largest US-based supplier of Crystal and Himalayan Singing Bowls, with over 10,000 unique pieces in stock—each","Toll Free USA & Canada 1.800.494.1369 … largest US-based supplier of Crystal and Himalayan Singing Bowls, with over 10,000 unique pieces in stock—each",missing,missing,False,False,pending,,,,,not_eligible,False,2026-09-07T19:01:14.695934+00:00,2026-09-07T19:01:14.695934+00:00,2026-09-07T19:01:14.695934+00:00,True,False,Missing email address,,,,,,
c14db34503a7,c14db34503a7,Himalayan Bowls,Himalayan Bowls,,,,support@himalayanbowls.com,,https://himalayanbowls.com,United States,Wholesale Importer,himalayan-sound-healing-bowls,web_search,web_search,https://www.himalayanbowls.com/,"Himalayan Bowls, the world's best handmade singing bowls. We record and photograph each bowl so you can pick exactly what speaks to you.","Himalayan Bowls, the world's best handmade singing bowls. We record and photograph each bowl so you can pick exactly what speaks to you.",valid,valid,True,True,needs_review,55,0.7,"Appears to be an existing retailer or producer of Himalayan singing bowls, making their fit as an importer for our product ambiguous or potentially competitive.",medium,not_eligible,False,2026-09-07T19:01:14.696446+00:00,2026-09-07T19:01:14.696446+00:00,2026-09-07T19:01:14.696446+00:00,True,False,Syntax Valid,individual,,,,,
7c4af816e047,7c4af816e047,Tibetan Singing Bowls,Tibetan Singing Bowls,,,,,,https://bellsofbliss.com,United States,Wholesale Importer,himalayan-sound-healing-bowls,web_search,web_search,https://bellsofbliss.com/?srsltid=AfmBOop64PlQ3lIEYHazs9vY9qBaRT76LVqafQzrl9IL139Cvf7zYSEN,Bells of Bliss offers a wide range of top-quality hand picked sound bowls. FREE SHIPPING WITHIN USA … sourced from across the Himalayan region. Himalayan ...,Bells of Bliss offers a wide range of top-quality hand picked sound bowls. FREE SHIPPING WITHIN USA … sourced from across the Himalayan region. Himalayan ...,missing,missing,False,False,pending,,,,,not_eligible,False,2026-09-07T19:01:14.696486+00:00,2026-09-07T19:01:14.696486+00:00,2026-09-07T19:01:14.696486+00:00,True,False,Missing email address,,,,,,
83c867fd53ef,83c867fd53ef,Singing Bowls:,Singing Bowls:,,,,,,https://newageincense.com,United States,Wholesale Importer,himalayan-sound-healing-bowls,web_search,web_search,https://newageincense.com/wholesale-singing-bowls,"Himalayan bowls or suzu gongs) Wholesale Minimum Order $100.00. Himalayan bowls or suzu gongs) We are importer, wholesaler, and distributor of Incense, ...","Himalayan bowls or suzu gongs) Wholesale Minimum Order $100.00. Himalayan bowls or suzu gongs) We are importer, wholesaler, and distributor of Incense, ...",missing,missing,False,False,pending,,,,,not_eligible,False,2026-09-07T19:01:14.696515+00:00,2026-09-07T19:01:14.696515+00:00,2026-09-07T19:01:14.696515+00:00,True,False,Missing email address,,,,,,
13ac10a6e7b7,13ac10a6e7b7,Singing Bowls,Singing Bowls,,,,,,https://oceaniclink.com,United States,Wholesale Importer,himalayan-sound-healing-bowls,web_search,web_search,https://oceaniclink.com/product-category/meditation-tools/singing-bowls/,Oceanic Linkways has an assortment of singing bowls & more. Select best sellers for your shop to keep your clients happy with a well-stocked store!,Oceanic Linkways has an assortment of singing bowls & more. Select best sellers for your shop to keep your clients happy with a well-stocked store!,missing,missing,False,False,pending,,,,,not_eligible,False,2026-09-07T19:01:14.696542+00:00,2026-09-07T19:01:14.696542+00:00,2026-09-07T19:01:14.696542+00:00,True,False,Missing email address,,,,,,
fa4bda31b484,fa4bda31b484,Himalayan Singing Bowls,Himalayan Singing Bowls,,,,,,https://himalayasshop.com,United States,Wholesale Importer,himalayan-sound-healing-bowls,web_search,web_search,https://www.himalayasshop.com/collections/himalayas-singing-bowl,Authentic handmade Himalayas Singing Bowl. Large collection of Tibetan and Nepalese Singing Bowls. Listen Sound and Buy now online.,Authentic handmade Himalayas Singing Bowl. Large collection of Tibetan and Nepalese Singing Bowls. Listen Sound and Buy now online.,missing,missing,False,False,pending,,,,,not_eligible,False,2026-09-07T19:01:14.696569+00:00,2026-09-07T19:01:14.696569+00:00,2026-09-07T19:01:14.696569+00:00,True,False,Missing email address,,,,,,
99bdde203fa9,99bdde203fa9,Bodhisattva Trading Company,Bodhisattva Trading Company,,,,,,https://bodhisattva.com,United States,Wholesale Importer,himalayan-sound-healing-bowls,web_search,web_search,https://bodhisattva.com/?srsltid=AfmBOooveshuGqcl6i0XGGLk9qr9rL7Ai_2pseg1ZgBrX24XtTZcW8W4,"Since 1996, Bodhisattva® has sourced Master-Quality Himalayan singing bowls from Nepal. Our metal singing bowls are hand-selected based on sound quality, ...","Since 1996, Bodhisattva® has sourced Master-Quality Himalayan singing bowls from Nepal. Our metal singing bowls are hand-selected based on sound quality, ...",missing,missing,False,False,pending,,,,,not_eligible,False,2026-09-07T19:01:14.696593+00:00,2026-09-07T19:01:14.696593+00:00,2026-09-07T19:01:14.696593+00:00,True,False,Missing email address,,,,,,
6e42caf55457,6e42caf55457,Are amazon tibetan singing bowls legit?,Are amazon tibetan singing bowls legit?,,,,,,https://facebook.com,United States,Wholesale Importer,himalayan-sound-healing-bowls,web_search,web_search,https://www.facebook.com/groups/235814466274117/posts/729721800216712/,Hello Sound Healers of the World! I've been practicing yoga for many years and have finally decided to add Sound baths and sound healing to my practice. ...,Hello Sound Healers of the World! I've been practicing yoga for many years and have finally decided to add Sound baths and sound healing to my practice. ...,missing,missing,False,False,pending,,,,,not_eligible,False,2026-09-07T19:01:14.696717+00:00,2026-09-07T19:01:14.696717+00:00,2026-09-07T19:01:14.696717+00:00,False,False,Missing email address,,,,,,
3751e742091a,3751e742091a,Calming Sound Bowl for Relaxation and Inner Harmon,Calming Sound Bowl for Relaxation and Inner Harmon,,,,,,https://etsy.com,United States,Wholesale Importer,himalayan-sound-healing-bowls,web_search,web_search,https://www.etsy.com/listing/797015392/handcrafted-tibetan-singing-bowl-singing,"Crafted by the esteemed Tamrakar family in Nepal, this exquisite bowl exudes soothing vibrations, perfect for sound meditation and self-healing. Light in weight ...","Crafted by the esteemed Tamrakar family in Nepal, this exquisite bowl exudes soothing vibrations, perfect for sound meditation and self-healing. Light in weight ...",missing,missing,False,False,pending,,,,,not_eligible,False,2026-09-07T19:01:14.696741+00:00,2026-09-07T19:01:14.696741+00:00,2026-09-07T19:01:14.696741+00:00,True,False,Missing email address,,,,,,
6dc27427cb3b,6dc27427cb3b,"Food Suppliers of Dry Beans, Rice, & Corn","Food Suppliers of Dry Beans, Rice, & Corn",,,,info@fgarciafoodexport.com,,https://fgarciafoodexport.com,United States,Wholesale Importer,himalayan-sound-healing-bowls,web_search,web_search,https://fgarciafoodexport.com/,"Miami's premier wholesale food suppliers. F. Garcia provides bulk food—exclusively dry beans, milled rice, and corn—for B2B operations.","Miami's premier wholesale food suppliers. F. Garcia provides bulk food—exclusively dry beans, milled rice, and corn—for B2B operations.",valid,valid,True,True,rejected,0,1.0,"The company is explicitly a wholesale food supplier (dry beans, rice, corn) and has no relevance to sound healing bowls.",low,not_eligible,False,2026-09-07T19:05:50.976523+00:00,2026-09-07T19:05:50.976523+00:00,2026-09-07T19:05:50.976523+00:00,False,False,Syntax Valid,individual,,,,,
87b864bae691,87b864bae691,USA Rice Suppliers and Wholesalers,USA Rice Suppliers and Wholesalers,,,,,,https://tradewheel.com,United States,Wholesale Importer,himalayan-sound-healing-bowls,web_search,web_search,https://www.tradewheel.com/rice/usa/,Get Connected with Rice suppliers and wholesalers from USA and expand your trade globally with Tradewheel. There are 34 Rice suppliers of USA,Get Connected with Rice suppliers and wholesalers from USA and expand your trade globally with Tradewheel. There are 34 Rice suppliers of USA,missing,missing,False,False,pending,,,,,not_eligible,False,2026-09-07T19:05:50.976625+00:00,2026-09-07T19:05:50.976625+00:00,2026-09-07T19:05:50.976625+00:00,False,False,Missing email address,,,,,,
f1dbff9d6352,f1dbff9d6352,& Bulk Rice,& Bulk Rice,,,,,,https://webstaurantstore.com,United States,Wholesale Importer,himalayan-sound-healing-bowls,web_search,web_search,https://www.webstaurantstore.com/17545/rice.html?srsltid=AfmBOor2VWRcyTrCLFqgWHLG_yjgvmHGWZ0cYsARCnoAt6yXRtkFID3W,Buy rice in bulk at WebstaurantStore - many different styles of rice & organic items are available at great prices! Get FAST shipping on your order today!,Buy rice in bulk at WebstaurantStore - many different styles of rice & organic items are available at great prices! Get FAST shipping on your order today!,missing,missing,False,False,pending,,,,,not_eligible,False,2026-09-07T19:05:50.976679+00:00,2026-09-07T19:05:50.976679+00:00,2026-09-07T19:05:50.976679+00:00,False,False,Missing email address,,,,,,
228bdb7ec749,228bdb7ec749,Bulk Rice,Bulk Rice,,,,,,https://gourmetwholesaler.com,United States,Wholesale Importer,himalayan-sound-healing-bowls,web_search,web_search,https://www.gourmetwholesaler.com/nuts-grains-and-pantry/rice-02203,"From premium Italian risotto rice, to Spanish paella all the way to wild rice, we have a great selection of gourmet rice at Gourmet Wholesaler.","From premium Italian risotto rice, to Spanish paella all the way to wild rice, we have a great selection of gourmet rice at Gourmet Wholesaler.",missing,missing,False,False,pending,,,,,not_eligible,False,2026-09-07T19:05:50.976720+00:00,2026-09-07T19:05:50.976720+00:00,2026-09-07T19:05:50.976720+00:00,False,False,Missing email address,,,,,,
d6324a879a2e,d6324a879a2e,USA Rice Federation: USA Rice,USA Rice Federation: USA Rice,,,,,703-236-2300,https://usarice.com,United States,Wholesale Importer,himalayan-sound-healing-bowls,web_search,web_search,https://www.usarice.com/,Suppliers Search the directory for rice and ingredient suppliers … 703-236-2300 1-800-888-RICE(7423) 703-236-2310,Suppliers Search the directory for rice and ingredient suppliers … 703-236-2300 1-800-888-RICE(7423) 703-236-2310,missing,missing,False,False,pending,,,,,not_eligible,False,2026-09-07T19:05:50.976756+00:00,2026-09-07T19:05:50.976756+00:00,2026-09-07T19:05:50.976756+00:00,False,False,Missing email address,,,,,,
6bb4e3617a56,6bb4e3617a56,The 7 Best Rice  Suppliers in the United States ..,The 7 Best Rice  Suppliers in the United States ..,,,,,,https://petfoodingredientsuppliers.us.com,United States,Wholesale Importer,himalayan-sound-healing-bowls,web_search,web_search,https://petfoodingredientsuppliers.us.com/the-7-best-rice-wholesale-suppliers-in-the-united-states-2026/,"ADM Rice operates as one of the largest U.S. rice processors, supplying bulk white rice, brown rice, parboiled rice, and rice flour to food ...","ADM Rice operates as one of the largest U.S. rice processors, supplying bulk white rice, brown rice, parboiled rice, and rice flour to food ...",missing,missing,False,False,pending,,,,,not_eligible,False,2026-09-07T19:05:50.976792+00:00,2026-09-07T19:05:50.976792+00:00,2026-09-07T19:05:50.976792+00:00,False,False,Missing email address,,,,,,
852af1b04920,852af1b04920,Basmati Rice suppliers from United States,Basmati Rice suppliers from United States,,,,,,https://freshdi.com,United States,Wholesale Importer,himalayan-sound-healing-bowls,web_search,web_search,https://freshdi.com/supplier-category/United-States/Basmati-Rice,"Basmati rice available in bulk for export and wholesale trade. Request & get quotes from verified suppliers. 6 Tons $640 - $1,200/ Tons","Basmati rice available in bulk for export and wholesale trade. Request & get quotes from verified suppliers. 6 Tons $640 - $1,200/ Tons",missing,missing,False,False,pending,,,,,not_eligible,False,2026-09-07T19:05:50.976823+00:00,2026-09-07T19:05:50.976823+00:00,2026-09-07T19:05:50.976823+00:00,False,False,Missing email address,,,,,,
07a3ccb22f4a,07a3ccb22f4a,Rice Buyers & Importers in United States,Rice Buyers & Importers in United States,,,,help@go4worldbusiness.com,,https://go4worldbusiness.com,United States,Wholesale Importer,himalayan-sound-healing-bowls,web_search,web_search,https://www.go4worldbusiness.com/buyers/united-states/rice.html,Sell Rice in bulk to verified buyers and importers from United States. Connect with businesses actively looking to buy wholesale Rice at best prices.,Sell Rice in bulk to verified buyers and importers from United States. Connect with businesses actively looking to buy wholesale Rice at best prices.,valid,valid,True,True,rejected,0,1.0,"This is a business directory/platform for rice buyers and sellers, unrelated to sound healing bowls.",low,not_eligible,False,2026-09-07T19:05:50.977314+00:00,2026-09-07T19:05:50.977314+00:00,2026-09-07T19:05:50.977314+00:00,False,False,Syntax Valid,individual,,,,,
7d79674e73bd,7d79674e73bd,Rice in all the varieties that you could need.,Rice in all the varieties that you could need.,,,,,,https://ifsbulk.com,United States,Wholesale Importer,himalayan-sound-healing-bowls,web_search,web_search,https://www.ifsbulk.com/wholesale-rice?srsltid=AfmBOorcYSXmjb4f_NCwwhc37ETxjisfDpMnir8SHCTJ8F8SmxXBXRQ9,"Wholesale Rice offered in a minimums of 25 pounds. We have Long Grain, Basmati, Bamboo and many more. High standards of quality and customer care.","Wholesale Rice offered in a minimums of 25 pounds. We have Long Grain, Basmati, Bamboo and many more. High standards of quality and customer care.",missing,missing,False,False,pending,,,,,not_eligible,False,2026-09-07T19:05:50.977356+00:00,2026-09-07T19:05:50.977356+00:00,2026-09-07T19:05:50.977356+00:00,False,False,Missing email address,,,,,,
31bcc079a41b,31bcc079a41b,Rice Supplier Directory,Rice Supplier Directory,,,,,914-559-3850,https://my.usarice.com,United States,Wholesale Importer,himalayan-sound-healing-bowls,web_search,web_search,https://my.usarice.com/Rice-Supplier-Directory,USA Rice collects and distributes trade inquiries regarding potential sales of U.S. rice. Phone:914-559-3850. Phone:(573) 421-4683 … 703-236-2300 1-800-888- ...,USA Rice collects and distributes trade inquiries regarding potential sales of U.S. rice. Phone:914-559-3850. Phone:(573) 421-4683 … 703-236-2300 1-800-888- ...,missing,missing,False,False,pending,,,,,not_eligible,False,2026-09-07T19:05:50.977421+00:00,2026-09-07T19:05:50.977421+00:00,2026-09-07T19:05:50.977421+00:00,False,False,Missing email address,,,,,,
5f6e9bed1bdd,5f6e9bed1bdd,Rice,Rice,,,,webadmin@usda.gov,,https://ers.usda.gov,United States,Wholesale Importer,himalayan-sound-healing-bowls,web_search,web_search,http://www.ers.usda.gov/topics/crops/rice/trade,"The United States is the largest rice importing country in the Western Hemisphere, currently importing around 1.3 million tons.","The United States is the largest rice importing country in the Western Hemisphere, currently importing around 1.3 million tons.",valid,valid,True,True,rejected,0,1.0,"A government agency website providing statistics on rice imports, completely unrelated to commercial purchasing of sound healing bowls.",low,not_eligible,False,2026-09-07T19:05:50.977732+00:00,2026-09-07T19:05:50.977732+00:00,2026-09-07T19:05:50.977732+00:00,False,False,Syntax Valid,individual,,,,,
ceb0fcfe9b60,ceb0fcfe9b60,How do I find the importers of rice in the USA?,How do I find the importers of rice in the USA?,,,,,,https://quora.com,United States,Wholesale Importer,himalayan-sound-healing-bowls,web_search,web_search,https://www.quora.com/How-do-I-find-the-importers-of-rice-in-the-USA,"Reach out to the Commercial attaché of the Consuls, Consulates, High Commissions and Embassies and do approach the Chamber of Commerce and ...","Reach out to the Commercial attaché of the Consuls, Consulates, High Commissions and Embassies and do approach the Chamber of Commerce and ...",missing,missing,False,False,pending,,,,,not_eligible,False,2026-09-07T19:05:50.977771+00:00,2026-09-07T19:05:50.977771+00:00,2026-09-07T19:05:50.977771+00:00,False,False,Missing email address,,,,,,
f8b2d2797a95,f8b2d2797a95,List of Buyers & Importers for Basmati Rice in Uni,List of Buyers & Importers for Basmati Rice in Uni,,,,customersuccess@trademo.com,,https://trademo.com,United States,Wholesale Importer,himalayan-sound-healing-bowls,web_search,web_search,https://www.trademo.com/united-states/buyers/basmati-rice,"Find and discover Basmati Rice buyers & importers for all products in United States, featuring details on their shipment activities, trade volumes, trading ...","Find and discover Basmati Rice buyers & importers for all products in United States, featuring details on their shipment activities, trade volumes, trading ...",valid,valid,True,True,rejected,0,1.0,"A platform for finding basmati rice buyers and importers, irrelevant to sound healing bowls.",low,not_eligible,False,2026-09-07T19:05:50.978105+00:00,2026-09-07T19:05:50.978105+00:00,2026-09-07T19:05:50.978105+00:00,False,False,Syntax Valid,individual,,,,,
3f0d949724dc,3f0d949724dc,"Rice Importers in USA Market Size, Demand and Expo","Rice Importers in USA Market Size, Demand and Expo",,,,info@tradologie.com,,https://tradologie.com,United States,Wholesale Importer,himalayan-sound-healing-bowls,web_search,web_search,https://www.tradologie.com/rice-importers-in-usa/,"Major Rice Importing Companies in USA ; 1, Archer Daniels Midland (ADM), Global agri trader & importer, One of the largest rice importers, handling 200K-500K MT ...","Major Rice Importing Companies in USA ; 1, Archer Daniels Midland (ADM), Global agri trader & importer, One of the largest rice importers, handling 200K-500K MT ...",valid,valid,True,True,rejected,0,1.0,"A market information site focused on rice importers, not a commercial buyer of sound healing bowls.",low,not_eligible,False,2026-09-07T19:05:50.978467+00:00,2026-09-07T19:05:50.978467+00:00,2026-09-07T19:05:50.978467+00:00,False,False,Syntax Valid,individual,,,,,
229ecbfb5e74,229ecbfb5e74,Basmati Rice Manufacturers and Suppliers in the US,Basmati Rice Manufacturers and Suppliers in the US,,,,,,https://thomasnet.com,United States,Wholesale Importer,himalayan-sound-healing-bowls,web_search,web_search,https://www.thomasnet.com/suppliers/usa/basmati-rice-97014402,Basmati Rice Manufacturers and Suppliers in the USA and Canada · The Betty Mills Company (BettyMills.com) · ONDSHIP LLC · Emerling Foods.,Basmati Rice Manufacturers and Suppliers in the USA and Canada · The Betty Mills Company (BettyMills.com) · ONDSHIP LLC · Emerling Foods.,missing,missing,False,False,pending,,,,,not_eligible,False,2026-09-07T19:05:50.978504+00:00,2026-09-07T19:05:50.978504+00:00,2026-09-07T19:05:50.978504+00:00,False,False,Missing email address,,,,,,
6278acdc70eb,6278acdc70eb,Interra International,Interra International,,,,,+1 770-612-8101,https://interrainternational.com,United States,Wholesale Importer,himalayan-sound-healing-bowls,web_search,web_search,https://interrainternational.com/products/grain/rice/,"Interra International – Bulk Rice Products – white rice, brown rice, organic rice, and aromatic rice products. Call +1 770-612-8101.","Interra International – Bulk Rice Products – white rice, brown rice, organic rice, and aromatic rice products. Call +1 770-612-8101.",missing,missing,False,False,pending,,,,,not_eligible,False,2026-09-07T19:05:50.978533+00:00,2026-09-07T19:05:50.978533+00:00,2026-09-07T19:05:50.978533+00:00,False,False,Missing email address,,,,,,
b6bb4f78948e,b6bb4f78948e,CONTACT US,CONTACT US,,,,maihandistributors@gmail.com,(714) 200-5837,https://mihanrice.com,United States,Wholesale Importer,himalayan-sound-healing-bowls,web_search,web_search,https://mihanrice.com/contact-us,"Maihan Distributors, Inc. 337 East Harrison Street, United States (714) 200-5837 (909) 210-3357 maihandistributors@gmail.com com Hours Open today 09:00 am – 05 ...","Maihan Distributors, Inc. 337 East Harrison Street, United States (714) 200-5837 (909) 210-3357 maihandistributors@gmail.com com Hours Open today 09:00 am – 05 ...",valid,valid,True,True,rejected,0,1.0,"The website and company details clearly indicate a distributor of rice, unrelated to sound healing bowls.",low,not_eligible,False,2026-09-07T19:05:50.978817+00:00,2026-09-07T19:05:50.978817+00:00,2026-09-07T19:05:50.978817+00:00,False,False,Syntax Valid,individual,,,,,
5f69239620c2,5f69239620c2,crystal singing bowl for your store,crystal singing bowl for your store,,,,,,https://faire.com,United States,Wholesale Importer,himalayan-sound-healing-bowls,web_search,web_search,https://www.faire.com/discover/crystal-singing-bowl,Explore wholesale crystal singing bowls and sound healing instruments. Discover crystal bowl sets and Tibetan singing bowls for your USA store today.,Explore wholesale crystal singing bowls and sound healing instruments. Discover crystal bowl sets and Tibetan singing bowls for your USA store today.,missing,missing,False,False,pending,,,,,not_eligible,False,2026-09-07T19:06:45.968650+00:00,2026-09-07T19:06:45.968650+00:00,2026-09-07T19:06:45.968650+00:00,True,False,Missing email address,,,,,,
5ca6e50a160c,5ca6e50a160c,Singing Bowls,Singing Bowls,,,,,,https://dharmashop.com,United States,Wholesale Importer,himalayan-sound-healing-bowls,web_search,web_search,https://www.dharmashop.com/collections/wholesale-singing-bowls?srsltid=AfmBOoqWbhELcxXk_dclM-KMZvLAqmvrQAvJ3cImgKFeyrLunJI-Ql7l,Wholesale Singing Bowls ... Best Seller! Masterpiece™ Tibetan Singing Bowl 49 reviews $ 199.00.,Wholesale Singing Bowls ... Best Seller! Masterpiece™ Tibetan Singing Bowl 49 reviews $ 199.00.,missing,missing,False,False,pending,,,,,not_eligible,False,2026-09-07T19:06:45.968716+00:00,2026-09-07T19:06:45.968716+00:00,2026-09-07T19:06:45.968716+00:00,True,False,Missing email address,,,,,,
6090c2ec398d,6090c2ec398d,Soundtopia: Singing Bowls for Sale,Soundtopia: Singing Bowls for Sale,,,,,,https://soundtopia.com,United States,Wholesale Importer,himalayan-sound-healing-bowls,web_search,web_search,https://www.soundtopia.com/?srsltid=AfmBOopQ1JIHh15I00qtJUybm3xWcVtwZ_FUNB5F6ZpBoYV5SNBnxuls,"Shop the world's largest selection of singing bowls at Soundtopia — Himalayan & crystal bowls, gongs, and sound healing instruments, with audio for every ...","Shop the world's largest selection of singing bowls at Soundtopia — Himalayan & crystal bowls, gongs, and sound healing instruments, with audio for every ...",missing,missing,False,False,pending,,,,,not_eligible,False,2026-09-07T19:06:45.968753+00:00,2026-09-07T19:06:45.968753+00:00,2026-09-07T19:06:45.968753+00:00,True,False,Missing email address,,,,,,
5b4b14ed7eee,5b4b14ed7eee,Singing bowls,Singing bowls,,,,,,https://phoeniximport.com,United States,Wholesale Importer,himalayan-sound-healing-bowls,web_search,web_search,https://www.phoeniximport.com/en/collections/singing-bowls-and-more,"Supplier of Singing bowls and more ✓ Metal and Crystal singing bowls ✓ Tuning forks, Gongs ✓ Phoenix Import B2B wholesale ✓ Quick delivery ✓ Order ...","Supplier of Singing bowls and more ✓ Metal and Crystal singing bowls ✓ Tuning forks, Gongs ✓ Phoenix Import B2B wholesale ✓ Quick delivery ✓ Order ...",missing,missing,False,False,pending,,,,,not_eligible,False,2026-09-07T19:06:45.968784+00:00,2026-09-07T19:06:45.968784+00:00,2026-09-07T19:06:45.968784+00:00,True,False,Missing email address,,,,,,
b3399b18ee17,b3399b18ee17,Crystal Singing Bowls® for Sale,Crystal Singing Bowls® for Sale,,,,,,https://crystalsingingbowls.com,United States,Wholesale Importer,himalayan-sound-healing-bowls,web_search,web_search,https://crystalsingingbowls.com/,Get authentic Crystal Tones® sound healing and crystal singing bowls® for sale. Experience premium music bowls for healing and meditation. Buy Now!,Get authentic Crystal Tones® sound healing and crystal singing bowls® for sale. Experience premium music bowls for healing and meditation. Buy Now!,missing,missing,False,False,pending,,,,,not_eligible,False,2026-09-07T19:06:45.968818+00:00,2026-09-07T19:06:45.968818+00:00,2026-09-07T19:06:45.968818+00:00,False,False,Missing email address,,,,,,
13ac10a6e7b7,13ac10a6e7b7,Singing Bowls,Singing Bowls,,,,,,https://oceaniclink.com,United States,Wholesale Importer,himalayan-sound-healing-bowls,web_search,web_search,https://oceaniclink.com/product-category/meditation-tools/singing-bowls/,Oceanic Linkways has an assortment of singing bowls & more. Select best sellers for your shop to keep your clients happy with a well-stocked store!,Oceanic Linkways has an assortment of singing bowls & more. Select best sellers for your shop to keep your clients happy with a well-stocked store!,missing,missing,False,False,pending,,,,,not_eligible,False,2026-09-07T19:06:45.968849+00:00,2026-09-07T19:06:45.968849+00:00,2026-09-07T19:06:45.968849+00:00,True,False,Missing email address,,,,,,
66d52eeeebab,66d52eeeebab,Singing Bowls,Singing Bowls,,,,,,https://theohmstore.co,United States,Wholesale Importer,himalayan-sound-healing-bowls,web_search,web_search,https://www.theohmstore.co/collections/singing-bowls,The 100% handmade Bronze singing bowls from The Ohm Store are the most resonant and authentic sound instruments in the world ... singing bowls are built to last.,The 100% handmade Bronze singing bowls from The Ohm Store are the most resonant and authentic sound instruments in the world ... singing bowls are built to last.,missing,missing,False,False,pending,,,,,not_eligible,False,2026-09-07T19:06:45.968876+00:00,2026-09-07T19:06:45.968876+00:00,2026-09-07T19:06:45.968876+00:00,False,False,Missing email address,,,,,,
83c867fd53ef,83c867fd53ef,Singing Bowls:,Singing Bowls:,,,,,,https://newageincense.com,United States,Wholesale Importer,himalayan-sound-healing-bowls,web_search,web_search,https://newageincense.com/wholesale-singing-bowls,"We are importer, wholesaler, and distributor of Incense, Incense Burners, Altar Supplies, Pagan Supplies, Tapestries, Totes, Smudges & Herbs, Tibetan Products, ...","We are importer, wholesaler, and distributor of Incense, Incense Burners, Altar Supplies, Pagan Supplies, Tapestries, Totes, Smudges & Herbs, Tibetan Products, ...",missing,missing,False,False,pending,,,,,not_eligible,False,2026-09-07T19:06:45.968904+00:00,2026-09-07T19:06:45.968904+00:00,2026-09-07T19:06:45.968904+00:00,True,False,Missing email address,,,,,,
cf0b9cd159c1,cf0b9cd159c1,lot of Tibetan Singing Bowls 5Kgs,lot of Tibetan Singing Bowls 5Kgs,,,,,,https://amazon.com,United States,Wholesale Importer,himalayan-sound-healing-bowls,web_search,web_search,https://www.amazon.com/Wholesale-Tibetan-Singing-Bowls-5Kgs/dp/B01MZ4WS41,"This is hand hammered singing bowl. · Very good sound for meditation you can choose any size · Total weight should be approx 5 kgs net · You can order from 4"" in ...","This is hand hammered singing bowl. · Very good sound for meditation you can choose any size · Total weight should be approx 5 kgs net · You can order from 4"" in ...",missing,missing,False,False,pending,,,,,not_eligible,False,2026-09-07T19:06:45.968931+00:00,2026-09-07T19:06:45.968931+00:00,2026-09-07T19:06:45.968931+00:00,False,False,Missing email address,,,,,,
67db87011e4a,67db87011e4a,Global Singing Bowls Imports Dec-25,Global Singing Bowls Imports Dec-25,,,,,,https://volza.com,United States,Wholesale Importer,himalayan-sound-healing-bowls,web_search,web_search,https://www.volza.com/p/singing-bowls/import/,"The United States, Russia, and the Malaysia emerged as the top three singing bowls importing countries and China, South Korea, and India were the top 3 ...","The United States, Russia, and the Malaysia emerged as the top three singing bowls importing countries and China, South Korea, and India were the top 3 ...",missing,missing,False,False,pending,,,,,not_eligible,False,2026-09-07T19:06:45.968958+00:00,2026-09-07T19:06:45.968958+00:00,2026-09-07T19:06:45.968958+00:00,False,False,Missing email address,,,,,,
90043ebd7c58,90043ebd7c58,Gopali Imports,Gopali Imports,,,,,,https://facebook.com,United States,Wholesale Importer,himalayan-sound-healing-bowls,web_search,web_search,https://www.facebook.com/gopaliimports/,"Your one stop shop for hand-crafted, eco-friendly singing bowls, yoga clothing, jewelry, healing stone products and more from Nepal and Tibet. Local business · ...","Your one stop shop for hand-crafted, eco-friendly singing bowls, yoga clothing, jewelry, healing stone products and more from Nepal and Tibet. Local business · ...",missing,missing,False,False,pending,,,,,not_eligible,False,2026-09-07T19:06:45.968984+00:00,2026-09-07T19:06:45.968984+00:00,2026-09-07T19:06:45.968984+00:00,False,False,Missing email address,,,,,,
90535310e4ae,90535310e4ae,Singing Bowls,Singing Bowls,,,,bootstrap@5.3.0-alpha3,,https://shop.thus.org,United States,Wholesale Importer,himalayan-sound-healing-bowls,web_search,web_search,https://shop.thus.org/collections/singing-bowls?srsltid=AfmBOopbDWtfT-Jp4gH4w7ace6F6DxmHjpazRXmal50VeY29XU39Bxt8,"Our singing bowls are timeless instruments that bring balance, relaxation, and spiritual connection to your daily life. Perfect for meditation, sound healing, ...","Our singing bowls are timeless instruments that bring balance, relaxation, and spiritual connection to your daily life. Perfect for meditation, sound healing, ...",invalid,invalid,False,False,needs_review,,,,,not_eligible,False,2026-09-07T19:06:45.969027+00:00,2026-09-07T19:06:45.969027+00:00,2026-09-07T19:06:45.969027+00:00,False,False,Malformed email format,,,,,,
2f2e9ff02004,2f2e9ff02004,Singing Bowls Sales Market Research Report 2034,Singing Bowls Sales Market Research Report 2034,,,,,,https://dataintelo.com,United States,Wholesale Importer,himalayan-sound-healing-bowls,web_search,web_search,https://dataintelo.com/report/global-singing-bowls-sales-market,"Silver Sky Imports, headquartered in the United States, is one of the most recognized names in the North American singing bowls sales market, offering an ...","Silver Sky Imports, headquartered in the United States, is one of the most recognized names in the North American singing bowls sales market, offering an ...",missing,missing,False,False,pending,,,,,not_eligible,False,2026-09-07T19:06:45.969055+00:00,2026-09-07T19:06:45.969055+00:00,2026-09-07T19:06:45.969055+00:00,False,False,Missing email address,,,,,,
ff8aea9271a7,ff8aea9271a7,Singing Bowls,Singing Bowls,,,,,,https://dancingcranesimports.com,United States,Wholesale Importer,himalayan-sound-healing-bowls,web_search,web_search,https://dancingcranesimports.com/collections/singing-bowls,Collection: Singing Bowls · Red Tibetan Singing Bowl. Red Tibetan Singing Bowl. Regular price: $94.00. Sale price: $94.00. Regular price. Unit price: /per. Sale ...,Collection: Singing Bowls · Red Tibetan Singing Bowl. Red Tibetan Singing Bowl. Regular price: $94.00. Sale price: $94.00. Regular price. Unit price: /per. Sale ...,missing,missing,False,False,pending,,,,,not_eligible,False,2026-09-07T19:06:45.969107+00:00,2026-09-07T19:06:45.969107+00:00,2026-09-07T19:06:45.969107+00:00,False,False,Missing email address,,,,,,
07a3ccb22f4a,07a3ccb22f4a,Singing Bowls Buyers & Importers,Singing Bowls Buyers & Importers,,,,help@go4worldbusiness.com,,https://go4worldbusiness.com,United States,Wholesale Importer,himalayan-sound-healing-bowls,web_search,web_search,https://www.go4worldbusiness.com/find?searchText=singing+bowls&BuyersOrSuppliers=buyers,Sell Singing Bowls in bulk to verified buyers and importers. Connect with businesses actively looking to buy wholesale Singing Bowls at best prices.,Sell Singing Bowls in bulk to verified buyers and importers. Connect with businesses actively looking to buy wholesale Singing Bowls at best prices.,valid,valid,True,True,rejected,0,1.0,"This is a business directory/platform for rice buyers and sellers, unrelated to sound healing bowls.",low,not_eligible,False,2026-09-07T19:06:45.969584+00:00,2026-09-07T19:06:45.969584+00:00,2026-09-07T19:06:45.969584+00:00,True,False,Syntax Valid,individual,,,,,
cafe2735b7e9,cafe2735b7e9,Shop Premium Singing Bowls,Shop Premium Singing Bowls,,,,,,https://percussionsource.com,United States,Wholesale Importer,himalayan-sound-healing-bowls,web_search,web_search,https://www.percussionsource.com/world-percussion/singing-bowls?srsltid=AfmBOorzj__cNbbJ_AKYKuz4Lrv9QyOcUngGw4UxcYZOAmtT2uJqgnIX,Explore our exquisite collection of Singing Bowls at Percussion Source. Call us M–F 9am–5pm CST to place your order over the phone at 1-800- ...,Explore our exquisite collection of Singing Bowls at Percussion Source. Call us M–F 9am–5pm CST to place your order over the phone at 1-800- ...,missing,missing,False,False,pending,,,,,not_eligible,False,2026-09-07T19:06:45.969655+00:00,2026-09-07T19:06:45.969655+00:00,2026-09-07T19:06:45.969655+00:00,False,False,Missing email address,,,,,,
99bdde203fa9,99bdde203fa9,Bodhisattva Trading Company,Bodhisattva Trading Company,,,,,,https://bodhisattva.com,United States,Wholesale Importer,himalayan-sound-healing-bowls,web_search,web_search,https://bodhisattva.com/?srsltid=AfmBOopGkDx-F7LBwfRIsUGnpHv24Flizx_XKR_fgE_r5lZaj7W2Jnmj,"Since 1996, Bodhisattva® has sourced Master-Quality Himalayan singing bowls from Nepal. Our metal singing bowls are hand-selected based on sound quality, ...","Since 1996, Bodhisattva® has sourced Master-Quality Himalayan singing bowls from Nepal. Our metal singing bowls are hand-selected based on sound quality, ...",missing,missing,False,False,pending,,,,,not_eligible,False,2026-09-07T19:06:45.969683+00:00,2026-09-07T19:06:45.969683+00:00,2026-09-07T19:06:45.969683+00:00,True,False,Missing email address,,,,,,
19c8a4a8fe97,19c8a4a8fe97,Vendors and,Vendors and,,,,vimeo-jquery-api@0.10.3,,https://soundhealingtools.com,United States,Wholesale Importer,himalayan-sound-healing-bowls,web_search,web_search,https://soundhealingtools.com/wholesale/,"Become an Ohm Therapeutics Distributor today! We offer discounts on sound healing tools for Practitioners, Retailers, Spa and Medical Suppliers, ...","Become an Ohm Therapeutics Distributor today! We offer discounts on sound healing tools for Practitioners, Retailers, Spa and Medical Suppliers, ...",invalid,invalid,False,False,needs_review,,,,,not_eligible,False,2026-09-07T19:07:28.982023+00:00,2026-09-07T19:07:28.982023+00:00,2026-09-07T19:07:28.982023+00:00,False,False,Malformed email format,,,,,,
8b5682ab8947,8b5682ab8947,sound healing for your store,sound healing for your store,,,,,,https://faire.com,United States,Wholesale Importer,himalayan-sound-healing-bowls,web_search,web_search,https://www.faire.com/discover/sound-healing,"Explore a wide range of wholesale sound healing products in the USA. Find meditation supplies, sound healing instruments, crystal sound bowls, and more.","Explore a wide range of wholesale sound healing products in the USA. Find meditation supplies, sound healing instruments, crystal sound bowls, and more.",missing,missing,False,False,pending,,,,,not_eligible,False,2026-09-07T19:07:28.982052+00:00,2026-09-07T19:07:28.982052+00:00,2026-09-07T19:07:28.982052+00:00,False,False,Missing email address,,,,,,
a77e4e70f9dd,a77e4e70f9dd,Sound Healing Instruments,Sound Healing Instruments,,,,,,https://gongs-unlimited.com,United States,Wholesale Importer,himalayan-sound-healing-bowls,web_search,web_search,https://gongs-unlimited.com/collections/sound-healing-instruments?srsltid=AfmBOootx3iVGJwtHokeymc3pqg5aKF3GuoOjVy0x1YjOyTcRD260SwQ,"When you have need for a bell, or a drum, an energy chime or a rainstick, or any other number of sound healing instruments, we will be here for you.","When you have need for a bell, or a drum, an energy chime or a rainstick, or any other number of sound healing instruments, we will be here for you.",missing,missing,False,False,pending,,,,,not_eligible,False,2026-09-07T19:07:28.982068+00:00,2026-09-07T19:07:28.982068+00:00,2026-09-07T19:07:28.982068+00:00,False,False,Missing email address,,,,,,
6090c2ec398d,6090c2ec398d,Soundtopia: Singing Bowls for Sale,Soundtopia: Singing Bowls for Sale,,,,,,https://soundtopia.com,United States,Wholesale Importer,himalayan-sound-healing-bowls,web_search,web_search,https://www.soundtopia.com/?srsltid=AfmBOorF3zcP3KTonO-zqW9ZRrf3Apt7x_av6tQPH4ibZI9YXOxxm4l3,"Shop the world's largest selection of singing bowls at Soundtopia — Himalayan & crystal bowls, gongs, and sound healing instruments, with audio for every bowl ...","Shop the world's largest selection of singing bowls at Soundtopia — Himalayan & crystal bowls, gongs, and sound healing instruments, with audio for every bowl ...",missing,missing,False,False,pending,,,,,not_eligible,False,2026-09-07T19:07:28.982081+00:00,2026-09-07T19:07:28.982081+00:00,2026-09-07T19:07:28.982081+00:00,True,False,Missing email address,,,,,,
5b4b14ed7eee,5b4b14ed7eee,Singing bowls,Singing bowls,,,,,,https://phoeniximport.com,United States,Wholesale Importer,himalayan-sound-healing-bowls,web_search,web_search,https://www.phoeniximport.com/en/collections/singing-bowls-and-more,"Are you a sound healer and do you provide singing bowl therapy? Then you can buy all your supplies from us, such as singing bowls, sticks and mallets, singing ...","Are you a sound healer and do you provide singing bowl therapy? Then you can buy all your supplies from us, such as singing bowls, sticks and mallets, singing ...",missing,missing,False,False,pending,,,,,not_eligible,False,2026-09-07T19:07:28.982093+00:00,2026-09-07T19:07:28.982093+00:00,2026-09-07T19:07:28.982093+00:00,True,False,Missing email address,,,,,,
4ebb45bdde00,4ebb45bdde00,Bulk &  Sound Healing Instruments USA,Bulk &  Sound Healing Instruments USA,,,,onetonesonicalchemy@gmail.com,,https://onetone.one,United States,Wholesale Importer,himalayan-sound-healing-bowls,web_search,web_search,https://www.onetone.one/pages/wholesales?srsltid=AfmBOop1-aoPAVqSOAQJzNN-uzhy-FMT_LuPZHwFSWtcLcSl4rd3mmkP,"Buy wholesale sound healing instruments — bulk discounts, reliable shipping, and wholesale catalogs for practitioners and shops. Request pricing now.","Buy wholesale sound healing instruments — bulk discounts, reliable shipping, and wholesale catalogs for practitioners and shops. Request pricing now.",valid,valid,True,True,qualified,95,1.0,"Explicitly states they buy wholesale sound healing instruments for practitioners and shops, indicating a strong commercial fit.",high,eligible,False,2026-09-07T19:07:28.982269+00:00,2026-09-07T19:07:28.982269+00:00,2026-09-07T19:07:28.982269+00:00,False,False,Syntax Valid,business,,,,,
90dc4947a026,90dc4947a026,Ooak Sound Healing Instrument Crystal  Sound ...,Ooak Sound Healing Instrument Crystal  Sound ...,,,,lotsoflabs@comcast.net,,https://labradorsatsandstone.com,United States,Wholesale Importer,himalayan-sound-healing-bowls,web_search,web_search,https://labradorsatsandstone.com/?l=35408368001520,"Wholesale sound healing for your store, Singing bowls Musical Items – The Divine Mine, Crystal Singing Bowls Browse 200+ Alchemy Bowls – Alchemy Sound ...","Wholesale sound healing for your store, Singing bowls Musical Items – The Divine Mine, Crystal Singing Bowls Browse 200+ Alchemy Bowls – Alchemy Sound ...",valid,valid,True,True,qualified,90,0.9,"Directly markets 'Wholesale sound healing for your store' and mentions 'Singing bowls,' indicating a clear commercial interest.",high,eligible,False,2026-09-07T19:07:28.982410+00:00,2026-09-07T19:07:28.982410+00:00,2026-09-07T19:07:28.982410+00:00,False,False,Syntax Valid,business,,,,,
c88223394b4e,c88223394b4e,Sound Healing Tools,Sound Healing Tools,,,,,,https://soundello.com,United States,Wholesale Importer,himalayan-sound-healing-bowls,web_search,web_search,https://www.soundello.com/pages/wholesale?srsltid=AfmBOopChSr5D5X3F7XtrybMn4sbxLLR_ejY1pItFjyD2UI4V7GgbduS,Wholesale crystal singing bowls with large stock in the USA & Canada. Fast local shipping and trusted by sound healers nationwide. Request a Quote today> ...,Wholesale crystal singing bowls with large stock in the USA & Canada. Fast local shipping and trusted by sound healers nationwide. Request a Quote today> ...,missing,missing,False,False,pending,,,,,not_eligible,False,2026-09-07T19:07:28.982426+00:00,2026-09-07T19:07:28.982426+00:00,2026-09-07T19:07:28.982426+00:00,False,False,Missing email address,,,,,,
39bbef619d52,39bbef619d52,Sound Healing Instruments & Courses,Sound Healing Instruments & Courses,,,,,,https://soundtherapyshop.com,United States,Wholesale Importer,himalayan-sound-healing-bowls,web_search,web_search,https://soundtherapyshop.com/?srsltid=AfmBOopVmky9RskEdv5cu0O89ECetFKo_2wDeUkfC9erCRXw5WMrHk_L,"We specialise in Tuning Forks for healing and Tibetan Singing Bowls, alongside a carefully selected range of high-quality sound healing instruments. We are also ...","We specialise in Tuning Forks for healing and Tibetan Singing Bowls, alongside a carefully selected range of high-quality sound healing instruments. We are also ...",missing,missing,False,False,pending,,,,,not_eligible,False,2026-09-07T19:07:28.982438+00:00,2026-09-07T19:07:28.982438+00:00,2026-09-07T19:07:28.982438+00:00,False,False,Missing email address,,,,,,
d2f85549a73e,d2f85549a73e,Brooklyn Healing Arts: Sound Healing Instruments S,Brooklyn Healing Arts: Sound Healing Instruments S,,,,,,https://brooklynhealingarts.com,United States,Wholesale Importer,himalayan-sound-healing-bowls,web_search,web_search,https://brooklynhealingarts.com/?srsltid=AfmBOoqaVMTUVi-v7c8v7yYYcZEw4VLAiuK6sJWm09_h0V4UJvnR9x61,"Sound Healing instruments greatest collection at brooklyn healing arts! available for sale including flow chimes, tuning forks, gongs and more.","Sound Healing instruments greatest collection at brooklyn healing arts! available for sale including flow chimes, tuning forks, gongs and more.",missing,missing,False,False,pending,,,,,not_eligible,False,2026-09-07T19:07:28.982450+00:00,2026-09-07T19:07:28.982450+00:00,2026-09-07T19:07:28.982450+00:00,False,False,Missing email address,,,,,,
c93bb0005925,c93bb0005925,Sound Healing Instruments: -Sell-Trade,Sound Healing Instruments: -Sell-Trade,,,,,,https://facebook.com,United States,Wholesale Importer,himalayan-sound-healing-bowls,web_search,web_search,https://www.facebook.com/groups/soundhealingdeals/,"Find the best and latest discounts, deals and special bargains on all your sound healing instrument and gear needs! We're passionate about healing...","Find the best and latest discounts, deals and special bargains on all your sound healing instrument and gear needs! We're passionate about healing...",missing,missing,False,False,pending,,,,,not_eligible,False,2026-09-07T19:07:28.982461+00:00,2026-09-07T19:07:28.982461+00:00,2026-09-07T19:07:28.982461+00:00,False,False,Missing email address,,,,,,
719197c9aa2d,719197c9aa2d,Musical Mushroom Distributors,Musical Mushroom Distributors,,,,intl-segmenter@11.7.10,,https://musicalmushroom.com,United States,Wholesale Importer,himalayan-sound-healing-bowls,web_search,web_search,https://www.musicalmushroom.com/distributors,Soundtopia (formerly Silver Sky Imports) has been dedicated to connecting people worldwide with authentic sound therapy instruments since 2002!,Soundtopia (formerly Silver Sky Imports) has been dedicated to connecting people worldwide with authentic sound therapy instruments since 2002!,invalid,invalid,False,False,needs_review,,,,,not_eligible,False,2026-09-07T19:07:28.982486+00:00,2026-09-07T19:07:28.982486+00:00,2026-09-07T19:07:28.982486+00:00,False,False,Malformed email format,,,,,,
0472a9aae656,0472a9aae656,15 Portable Sound Healing Instruments That Are Eas,15 Portable Sound Healing Instruments That Are Eas,,,,,,https://soundhealing.gr,United States,Wholesale Importer,himalayan-sound-healing-bowls,web_search,web_search,https://www.soundhealing.gr/11-portable-sound-healing-instruments-that-are-easy-to-transport-anywhere/,Discover 14 portable sound healing instruments that are easy to transport and perfect for group sound baths and 1-to-1 sound therapy.,Discover 14 portable sound healing instruments that are easy to transport and perfect for group sound baths and 1-to-1 sound therapy.,missing,missing,False,False,pending,,,,,not_eligible,False,2026-09-07T19:07:28.982498+00:00,2026-09-07T19:07:28.982498+00:00,2026-09-07T19:07:28.982498+00:00,False,False,Missing email address,,,,,,
a73a531827f4,a73a531827f4,All Products for Sound Healing,All Products for Sound Healing,,,,,,https://soundhealinglab.com,United States,Wholesale Importer,himalayan-sound-healing-bowls,web_search,web_search,https://soundhealinglab.com/collections/all?srsltid=AfmBOoofvidcat81dRdMwX19UikzUCYylBSge9P66V6w_zYFJbSm8ahA,"We create positive vibrations through music by offering a unique collection of sound healing instruments. Est. 2019 | Miami, FL, USA | Find us @SoundHealingLAB ...","We create positive vibrations through music by offering a unique collection of sound healing instruments. Est. 2019 | Miami, FL, USA | Find us @SoundHealingLAB ...",missing,missing,False,False,pending,,,,,not_eligible,False,2026-09-07T19:07:28.982528+00:00,2026-09-07T19:07:28.982528+00:00,2026-09-07T19:07:28.982528+00:00,False,False,Missing email address,,,,,,
4afdc7743ebd,4afdc7743ebd,Meditation & Relaxation Products,Meditation & Relaxation Products,,,,orders@relaxuswholesale.us,,https://relaxuswholesale.us,United States,Wholesale Importer,himalayan-sound-healing-bowls,web_search,web_search,https://relaxuswholesale.us/collections/wholesale-meditation-relaxation-products,Create a zen meditation corner in your home with our Himalayan Salt Lamps and Indoor Water Fountains. We have a wide selection of Meditation Cushions & Pillows ...,Create a zen meditation corner in your home with our Himalayan Salt Lamps and Indoor Water Fountains. We have a wide selection of Meditation Cushions & Pillows ...,valid,valid,True,True,qualified,85,0.95,"Wholesales meditation and relaxation products, including Himalayan-related items, making sound healing bowls a highly complementary product for their business.",high,eligible,False,2026-09-07T19:07:57.892628+00:00,2026-09-07T19:07:57.892628+00:00,2026-09-07T19:07:57.892628+00:00,False,False,Syntax Valid,business,,,,,
fff6085067d3,fff6085067d3,Great Eastern Imports: Meditation Products & Yoga ,Great Eastern Imports: Meditation Products & Yoga ,,,,,,https://greateasternimports.com,United States,Wholesale Importer,himalayan-sound-healing-bowls,web_search,web_search,https://greateasternimports.com/,"We supply wholesale meditation products and yoga accessories to retailers, yoga studios, meditation centers, metaphysical shops, and spas all over the world!","We supply wholesale meditation products and yoga accessories to retailers, yoga studios, meditation centers, metaphysical shops, and spas all over the world!",missing,missing,False,False,pending,,,,,not_eligible,False,2026-09-07T19:07:57.892701+00:00,2026-09-07T19:07:57.892701+00:00,2026-09-07T19:07:57.892701+00:00,False,False,Missing email address,,,,,,
3b55d7eb8cd9,3b55d7eb8cd9,Request a DharmaCrafts  Account,Request a DharmaCrafts  Account,,,,,,https://dharmacrafts.com,United States,Wholesale Importer,himalayan-sound-healing-bowls,web_search,web_search,https://dharmacrafts.com/pages/register?srsltid=AfmBOooV9uFseMVGKjn0_qLfFiqMDq8K84er2zWHJmsk7XfIGwvAdwIq,"We are pleased to offer our meditation cushions, select Buddha statues, DharmaKids' cushions and many other items at wholesale. Our meditation cushions are all ...","We are pleased to offer our meditation cushions, select Buddha statues, DharmaKids' cushions and many other items at wholesale. Our meditation cushions are all ...",missing,missing,False,False,pending,,,,,not_eligible,False,2026-09-07T19:07:57.892744+00:00,2026-09-07T19:07:57.892744+00:00,2026-09-07T19:07:57.892744+00:00,False,False,Missing email address,,,,,,
add70a9a2e5e,add70a9a2e5e,meditation for your store,meditation for your store,,,,,,https://faire.com,United States,Wholesale Importer,himalayan-sound-healing-bowls,web_search,web_search,https://www.faire.com/discover/meditation,"Explore wholesale meditation supplies, from cushions to spiritual items, in the USA. Find the perfect meditation products for your store.","Explore wholesale meditation supplies, from cushions to spiritual items, in the USA. Find the perfect meditation products for your store.",missing,missing,False,False,pending,,,,,not_eligible,False,2026-09-07T19:07:57.892785+00:00,2026-09-07T19:07:57.892785+00:00,2026-09-07T19:07:57.892785+00:00,False,False,Missing email address,,,,,,
28edcf9efab5,28edcf9efab5,Meditation,Meditation,,,,,,https://phoeniximport.com,United States,Wholesale Importer,himalayan-sound-healing-bowls,web_search,web_search,https://www.phoeniximport.com/en/collections/meditation,Range of Meditation products · 1. Meditation cushions · 2. Bolsters · 3. Meditation Benches · 4. Meditation mats · 5. Shawls · 6. Singing bowls.,Range of Meditation products · 1. Meditation cushions · 2. Bolsters · 3. Meditation Benches · 4. Meditation mats · 5. Shawls · 6. Singing bowls.,missing,missing,False,False,pending,,,,,not_eligible,False,2026-09-07T19:07:57.892819+00:00,2026-09-07T19:07:57.892819+00:00,2026-09-07T19:07:57.892819+00:00,False,False,Missing email address,,,,,,
abd438cfd20a,abd438cfd20a,Meditation Supplies and Accessories,Meditation Supplies and Accessories,,,,,,https://barefootyoga.com,United States,Wholesale Importer,himalayan-sound-healing-bowls,web_search,web_search,https://www.barefootyoga.com/meditation?srsltid=AfmBOoo4l0YKWE26CLVjKbg4YvNLKgKTobDLVjUad3ysS0WzJUssjlG4,"Quality meditation supplies and accessories - zafus, zabutons, cushions, relaxing eye pillows and more in a wide range of colors and unique designs.","Quality meditation supplies and accessories - zafus, zabutons, cushions, relaxing eye pillows and more in a wide range of colors and unique designs.",missing,missing,False,False,pending,,,,,not_eligible,False,2026-09-07T19:07:57.892852+00:00,2026-09-07T19:07:57.892852+00:00,2026-09-07T19:07:57.892852+00:00,False,False,Missing email address,,,,,,
841239e4e508,841239e4e508,"Meditation Cushions, Chairs, & Accessories","Meditation Cushions, Chairs, & Accessories",,,,,,https://mindfulandmodern.com,United States,Wholesale Importer,himalayan-sound-healing-bowls,web_search,web_search,https://mindfulandmodern.com/pages/wholesale?srsltid=AfmBOoqzJrK_3h0CXgYH3PReWaC6iitrkLlGe12lLJeqvsRgWVkUnksp,"Wholesale Meditation Cushions, Chairs, & Accessories. Wholesale & Bulk Orders. Your order qualifies for free shipping Spend $75 for free shipping","Wholesale Meditation Cushions, Chairs, & Accessories. Wholesale & Bulk Orders. Your order qualifies for free shipping Spend $75 for free shipping",missing,missing,False,False,pending,,,,,not_eligible,False,2026-09-07T19:07:57.892883+00:00,2026-09-07T19:07:57.892883+00:00,2026-09-07T19:07:57.892883+00:00,False,False,Missing email address,,,,,,
92430c2dc4e3,92430c2dc4e3,Inquiries,Inquiries,,,,,,https://zafu.net,United States,Wholesale Importer,himalayan-sound-healing-bowls,web_search,web_search,https://zafu.net/wholesale-inquiries?srsltid=AfmBOoqt6x5krhuBQmz70HmqV1Zmsb8hfVZCx5fNVz0IRXMRiCtusNbq,"Carolina Morning Designs has all your wholesale meditation supplies needs by creating the best ego friendly, organic, and handmade mediation products.","Carolina Morning Designs has all your wholesale meditation supplies needs by creating the best ego friendly, organic, and handmade mediation products.",missing,missing,False,False,pending,,,,,not_eligible,False,2026-09-07T19:07:57.892914+00:00,2026-09-07T19:07:57.892914+00:00,2026-09-07T19:07:57.892914+00:00,False,False,Missing email address,,,,,,
f64827d186c0,f64827d186c0,Meditation Accessories,Meditation Accessories,,,,,,https://yogamatters.com,United States,Wholesale Importer,himalayan-sound-healing-bowls,web_search,web_search,https://www.yogamatters.com/collections/meditation-equipment/collection-wholesale-yoga-blankets,"Settle your mind & create a tranquil meditation experience with our range of meditation accessories at Yogamatters. Shop pillows, singing bowls, ...","Settle your mind & create a tranquil meditation experience with our range of meditation accessories at Yogamatters. Shop pillows, singing bowls, ...",missing,missing,False,False,pending,,,,,not_eligible,False,2026-09-07T19:07:57.892943+00:00,2026-09-07T19:07:57.892943+00:00,2026-09-07T19:07:57.892943+00:00,False,False,Missing email address,,,,,,
1e4da24a90c0,1e4da24a90c0,Meditation Cushions,Meditation Cushions,,,,,,https://yogastudiowholesale.com,United States,Wholesale Importer,himalayan-sound-healing-bowls,web_search,web_search,https://www.yogastudiowholesale.com/collections/wholesale-meditation-cushions,"We have a large selection of Zabuton or Zafu cushions available at wholesale prices to increase your comfort, gaining an elevated sense of mindfulness ...","We have a large selection of Zabuton or Zafu cushions available at wholesale prices to increase your comfort, gaining an elevated sense of mindfulness ...",missing,missing,False,False,pending,,,,,not_eligible,False,2026-09-07T19:07:57.892971+00:00,2026-09-07T19:07:57.892971+00:00,2026-09-07T19:07:57.892971+00:00,False,False,Missing email address,,,,,,
08de05c04a49,08de05c04a49,Great Eastern Imports,Great Eastern Imports,,,,,,https://instagram.com,United States,Wholesale Importer,himalayan-sound-healing-bowls,web_search,web_search,https://www.instagram.com/p/CYX9oeyJlgK/,"We supply wholesale meditation products and yoga accessories to retailers, yoga studios, meditation centers, metaphysical shops, and spas ...","We supply wholesale meditation products and yoga accessories to retailers, yoga studios, meditation centers, metaphysical shops, and spas ...",missing,missing,False,False,pending,,,,,not_eligible,False,2026-09-07T19:07:57.892999+00:00,2026-09-07T19:07:57.892999+00:00,2026-09-07T19:07:57.892999+00:00,False,False,Missing email address,,,,,,
35e7b1255e4f,35e7b1255e4f,Meditation Cushion Market Research Report 2034,Meditation Cushion Market Research Report 2034,,,,,,https://dataintelo.com,United States,Wholesale Importer,himalayan-sound-healing-bowls,web_search,web_search,https://dataintelo.com/report/global-meditation-cushion-market,"The meditation cushion market was valued at $1.8 billion in 2025 and is projected to reach $2.8 billion by 2034, growing at a 5.1% CAGR.","The meditation cushion market was valued at $1.8 billion in 2025 and is projected to reach $2.8 billion by 2034, growing at a 5.1% CAGR.",missing,missing,False,False,pending,,,,,not_eligible,False,2026-09-07T19:07:57.893026+00:00,2026-09-07T19:07:57.893026+00:00,2026-09-07T19:07:57.893026+00:00,False,False,Missing email address,,,,,,
83b430437699,83b430437699,Where to  yoga mats and meditation pillows?,Where to  yoga mats and meditation pillows?,,,,,,https://facebook.com,United States,Wholesale Importer,himalayan-sound-healing-bowls,web_search,web_search,https://www.facebook.com/groups/secrettelaviv/posts/10155873414960943/,"Hey friends, does anyone know where you can buy yoga/meditation mats/pillows? thanks!","Hey friends, does anyone know where you can buy yoga/meditation mats/pillows? thanks!",missing,missing,False,False,pending,,,,,not_eligible,False,2026-09-07T19:07:57.893053+00:00,2026-09-07T19:07:57.893053+00:00,2026-09-07T19:07:57.893053+00:00,False,False,Missing email address,,,,,,
d7dba5c0322f,d7dba5c0322f,Walden,Walden,,,,,,https://walden.us,United States,Wholesale Importer,himalayan-sound-healing-bowls,web_search,web_search,https://walden.us/,"Walden designs and engineers meditation essentials like meditation cushions, meditation benches, gongs, soundbath, mats, journey kits, incense burners, ...","Walden designs and engineers meditation essentials like meditation cushions, meditation benches, gongs, soundbath, mats, journey kits, incense burners, ...",missing,missing,False,False,pending,,,,,not_eligible,False,2026-09-07T19:07:57.893081+00:00,2026-09-07T19:07:57.893081+00:00,2026-09-07T19:07:57.893081+00:00,False,False,Missing email address,,,,,,
7ee0f106ac4c,7ee0f106ac4c,Where to find drop shipping suppliers for metaphys,Where to find drop shipping suppliers for metaphys,,,,,,https://community.shopify.com,United States,Wholesale Importer,himalayan-sound-healing-bowls,web_search,web_search,https://community.shopify.com/t/where-to-find-drop-shipping-suppliers-for-metaphysical-products/44473,"I am looking for drop shipping suppliers for crystals, metaphysical products…aqualine shells, feathers, meditation cushions, etc.","I am looking for drop shipping suppliers for crystals, metaphysical products…aqualine shells, feathers, meditation cushions, etc.",missing,missing,False,False,pending,,,,,not_eligible,False,2026-09-07T19:07:57.893108+00:00,2026-09-07T19:07:57.893108+00:00,2026-09-07T19:07:57.893108+00:00,False,False,Missing email address,,,,,,
14893929beae,14893929beae,Meditation Supplies,Meditation Supplies,,,,,,https://cleveland.shambhala.org,United States,Wholesale Importer,himalayan-sound-healing-bowls,web_search,web_search,https://cleveland.shambhala.org/meditation-supplies/,"Additionally, Our retail outlet, Samadhi Store, carries over 3000 items for the support of mindfulness meditation, including over 1000 titles on Buddhist ...","Additionally, Our retail outlet, Samadhi Store, carries over 3000 items for the support of mindfulness meditation, including over 1000 titles on Buddhist ...",missing,missing,False,False,pending,,,,,not_eligible,False,2026-09-07T19:07:57.893163+00:00,2026-09-07T19:07:57.893163+00:00,2026-09-07T19:07:57.893163+00:00,False,False,Missing email address,,,,,,
d6e54c803db5,d6e54c803db5,Private Label Meditation Cushions: Build Your Own ,Private Label Meditation Cushions: Build Your Own ,,,,,,https://yogasourcing.com,United States,Wholesale Importer,himalayan-sound-healing-bowls,web_search,web_search,https://www.yogasourcing.com/blog/private-label-meditation-cushions-build-your-own-brand-stop-selling-products-start-building-a-brand/,"Learn how to build your own brand with private label meditation cushions. This complete guide covers sourcing, customization, pricing, MOQ, ...","Learn how to build your own brand with private label meditation cushions. This complete guide covers sourcing, customization, pricing, MOQ, ...",missing,missing,False,False,pending,,,,,not_eligible,False,2026-09-07T19:07:57.893218+00:00,2026-09-07T19:07:57.893218+00:00,2026-09-07T19:07:57.893218+00:00,False,False,Missing email address,,,,,,
86640de581b1,86640de581b1,"TOP 10 BEST Meditation Supplies in Los Angeles, CA","TOP 10 BEST Meditation Supplies in Los Angeles, CA",,,,,,https://yelp.com,United States,Wholesale Importer,himalayan-sound-healing-bowls,web_search,web_search,https://www.yelp.com/search?find_desc=Meditation+Supplies&find_loc=Los+Angeles%2C+CA,"Top 10 Best Meditation Supplies Near Los Angeles, California (Updated 2026) · 1. The Green Man Store. 4.4 (375 reviews) · 2. Kathmandu Boutique. 4.5 (92 reviews).","Top 10 Best Meditation Supplies Near Los Angeles, California (Updated 2026) · 1. The Green Man Store. 4.4 (375 reviews) · 2. Kathmandu Boutique. 4.5 (92 reviews).",missing,missing,False,False,pending,,,,,not_eligible,False,2026-09-07T19:07:57.893248+00:00,2026-09-07T19:07:57.893248+00:00,2026-09-07T19:07:57.893248+00:00,False,False,Missing email address,,,,,,
70238c4d96e5,70238c4d96e5,Best Meditation Products Online,Best Meditation Products Online,,,,,,https://ananda.org,United States,Wholesale Importer,himalayan-sound-healing-bowls,web_search,web_search,https://www.ananda.org/meditation/meditation-support/recommended-meditation-products/,"We are proud to provide you with the best meditation products online. Our beautiful meditation benches, zabutons, tote bags and altars are all hand crafted in ...","We are proud to provide you with the best meditation products online. Our beautiful meditation benches, zabutons, tote bags and altars are all hand crafted in ...",missing,missing,False,False,pending,,,,,not_eligible,False,2026-09-07T19:07:57.893275+00:00,2026-09-07T19:07:57.893275+00:00,2026-09-07T19:07:57.893275+00:00,False,False,Missing email address,,,,,,
6d7116972960,6d7116972960,spa & spiritual products for your store,spa & spiritual products for your store,,,,,,https://faire.com,United States,Wholesale Importer,himalayan-sound-healing-bowls,web_search,web_search,https://www.faire.com/category/Beauty%20&%20Wellness/subcategory/Spa%20&%20Spiritual,"Shop wholesale Spa & spiritual products and more for your store. Stock up on brands your customers will love. Plus, enjoy free returns on opening orders and ...","Shop wholesale Spa & spiritual products and more for your store. Stock up on brands your customers will love. Plus, enjoy free returns on opening orders and ...",missing,missing,False,False,pending,,,,,not_eligible,False,2026-09-07T19:08:42.347915+00:00,2026-09-07T19:08:42.347915+00:00,2026-09-07T19:08:42.347915+00:00,False,False,Missing email address,,,,,,
c8ccc94d9968,c8ccc94d9968,Spiritual Supplies & Gifts,Spiritual Supplies & Gifts,,,,,,https://eastern-trading.com,United States,Wholesale Importer,himalayan-sound-healing-bowls,web_search,web_search,https://www.eastern-trading.com/en/spiritual-gifts,"Shop wholesale spiritual supplies and gifts at Europe's largest distributor. Buddha statues, chakra products, candle accessories & more ...","Shop wholesale spiritual supplies and gifts at Europe's largest distributor. Buddha statues, chakra products, candle accessories & more ...",missing,missing,False,False,pending,,,,,not_eligible,False,2026-09-07T19:08:42.348009+00:00,2026-09-07T19:08:42.348009+00:00,2026-09-07T19:08:42.348009+00:00,False,False,Missing email address,,,,,,
6e34d324861f,6e34d324861f,Spiritual,Spiritual,,,,,,https://phoeniximport.com,United States,Wholesale Importer,himalayan-sound-healing-bowls,web_search,web_search,https://www.phoeniximport.com/en/collections/spirituality,"Supplier of Spiritual Products ✓ Pendulums, Dowsing Rods, Wicca & Tarot products and more ✓ Phoenix Import B2B wholesale ✓ Quick delivery ✓ Order online ...","Supplier of Spiritual Products ✓ Pendulums, Dowsing Rods, Wicca & Tarot products and more ✓ Phoenix Import B2B wholesale ✓ Quick delivery ✓ Order online ...",missing,missing,False,False,pending,,,,,not_eligible,False,2026-09-07T19:08:42.348056+00:00,2026-09-07T19:08:42.348056+00:00,2026-09-07T19:08:42.348056+00:00,False,False,Missing email address,,,,,,
4afdc7743ebd,4afdc7743ebd,Metaphysical Products,Metaphysical Products,,,,orders@relaxuswholesale.us,,https://relaxuswholesale.us,United States,Wholesale Importer,himalayan-sound-healing-bowls,web_search,web_search,https://relaxuswholesale.us/collections/wholesale-metaphysical-products,"Explore our exclusive collection of metaphysical products at unbeatable wholesale prices, ideal for your retail store or spiritual practice.","Explore our exclusive collection of metaphysical products at unbeatable wholesale prices, ideal for your retail store or spiritual practice.",valid,valid,True,True,qualified,85,0.95,"Wholesales meditation and relaxation products, including Himalayan-related items, making sound healing bowls a highly complementary product for their business.",high,eligible,False,2026-09-07T19:08:42.348825+00:00,2026-09-07T19:08:42.348825+00:00,2026-09-07T19:08:42.348825+00:00,True,False,Syntax Valid,business,,,,,
f0ff59a06c9d,f0ff59a06c9d,Metaphysical Supplies,Metaphysical Supplies,,,,goddess@enchantedsoul.store,,https://enchantedsoul.store,United States,Wholesale Importer,himalayan-sound-healing-bowls,web_search,web_search,https://enchantedsoul.store/pages/wholesale-metaphysical-supplies?srsltid=AfmBOorqL3ubyhW1uP-ZujYfTOEt-8xEDDHTxWhgkTpj3BEnMJWDX10s,"Shop high-quality wholesale metaphysical supplies for your store. Crystals, herbs, and spiritual tools available. Order from Enchanted Soul today.","Shop high-quality wholesale metaphysical supplies for your store. Crystals, herbs, and spiritual tools available. Order from Enchanted Soul today.",valid,valid,True,True,qualified,80,0.9,"Wholesales metaphysical supplies and spiritual tools, a category where sound healing bowls are a natural fit.",high,eligible,False,2026-09-07T19:08:42.349389+00:00,2026-09-07T19:08:42.349389+00:00,2026-09-07T19:08:42.349389+00:00,False,False,Syntax Valid,business,,,,,
c3614cd6534e,c3614cd6534e,Top  Spiritual Gifts to Stock for Christmas 2025,Top  Spiritual Gifts to Stock for Christmas 2025,,,,,,https://greentreecandle.com,United States,Wholesale Importer,himalayan-sound-healing-bowls,web_search,web_search,https://www.greentreecandle.com/blog/top-wholesale-spiritual-gifts-to-stock-for-christmas-2025/,"4.Mindfulness Journals and Notebooks. In the age of introspection and mental wellness, spiritual journals and notebooks have become highly sought-after products ...","4.Mindfulness Journals and Notebooks. In the age of introspection and mental wellness, spiritual journals and notebooks have become highly sought-after products ...",missing,missing,False,False,pending,,,,,not_eligible,False,2026-09-07T19:08:42.349442+00:00,2026-09-07T19:08:42.349442+00:00,2026-09-07T19:08:42.349442+00:00,False,False,Missing email address,,,,,,
2adf4960c22c,2adf4960c22c,Spiritual Gifts,Spiritual Gifts,,,,order@earthselements.com,,https://earthselementswholesale.com,United States,Wholesale Importer,himalayan-sound-healing-bowls,web_search,web_search,https://earthselementswholesale.com/pages/wholesale-spiritual-gifts?srsltid=AfmBOoqeYk_IveJ-bvHtWFOQA40jvNVEa3TaiNZpn6iWKladzIuZ1wC5,"Our wholesale catalog includes crystals, crystal-infused candles, essential oil sprays, jewelry, home decor, ritual tools, and other wellness products that ...","Our wholesale catalog includes crystals, crystal-infused candles, essential oil sprays, jewelry, home decor, ritual tools, and other wellness products that ...",valid,valid,True,True,qualified,80,0.9,"Wholesales spiritual gifts and wellness products, including ritual tools, making sound healing bowls a relevant product addition.",high,eligible,False,2026-09-07T19:08:42.349886+00:00,2026-09-07T19:08:42.349886+00:00,2026-09-07T19:08:42.349886+00:00,False,False,Syntax Valid,business,,,,,
7dcf02ee68d3,7dcf02ee68d3,Spiritual and Wellness Products Market Poised to R,Spiritual and Wellness Products Market Poised to R,,,,,,https://finance.yahoo.com,United States,Wholesale Importer,himalayan-sound-healing-bowls,web_search,web_search,https://finance.yahoo.com/news/spiritual-wellness-products-market-poised-125800203.html,"Spiritual and Wellness Products Market Poised to Reach US$ 9.6 Billion by 2034, Riding the Wave of Growing Demand for Holistic Well-being ...","Spiritual and Wellness Products Market Poised to Reach US$ 9.6 Billion by 2034, Riding the Wave of Growing Demand for Holistic Well-being ...",missing,missing,False,False,pending,,,,,not_eligible,False,2026-09-07T19:08:42.349930+00:00,2026-09-07T19:08:42.349930+00:00,2026-09-07T19:08:42.349930+00:00,False,False,Missing email address,,,,,,
7ebf5b200c20,7ebf5b200c20,Spiritual Products,Spiritual Products,,,,,,https://etsy.com,United States,Wholesale Importer,himalayan-sound-healing-bowls,web_search,web_search,https://www.etsy.com/market/wholesale_spiritual_products,"Discover wholesale spiritual products for your practice, from unscented body butter bases to palo santo bundles. Explore custom cosmetics, sage, ...","Discover wholesale spiritual products for your practice, from unscented body butter bases to palo santo bundles. Explore custom cosmetics, sage, ...",missing,missing,False,False,pending,,,,,not_eligible,False,2026-09-07T19:08:42.349968+00:00,2026-09-07T19:08:42.349968+00:00,2026-09-07T19:08:42.349968+00:00,False,False,Missing email address,,,,,,
c2e4e3c37ce5,c2e4e3c37ce5,Spiritual and Wellness Products Market,Spiritual and Wellness Products Market,,,,sales@transparencymarketresearch.com,,https://transparencymarketresearch.com,United States,Wholesale Importer,himalayan-sound-healing-bowls,web_search,web_search,https://www.transparencymarketresearch.com/spiritual-and-wellness-products-market.html,"Explore the global Spiritual and Wellness Products market, valued at $4.2 Bn in 2023 and projected to reach $9.6 Bn by 2034 with an 8.0% CAGR.","Explore the global Spiritual and Wellness Products market, valued at $4.2 Bn in 2023 and projected to reach $9.6 Bn by 2034 with an 8.0% CAGR.",valid,valid,True,True,rejected,0,1.0,"This is a market research company providing industry data, not a commercial entity looking to purchase products.",low,not_eligible,False,2026-09-07T19:08:42.350525+00:00,2026-09-07T19:08:42.350525+00:00,2026-09-07T19:08:42.350525+00:00,False,False,Syntax Valid,individual,,,,,
1455513b8f41,1455513b8f41,Spiritual and Devotional Products Market Size,Spiritual and Devotional Products Market Size,,,,inquiry@market.us,,https://market.us,United States,Wholesale Importer,himalayan-sound-healing-bowls,web_search,web_search,https://market.us/report/spiritual-and-devotional-products-market/,"Spiritual and Devotional Products Market size is expected to be worth around USD 8.5 Bn by 2034, from USD 3.9 Bn in 2024, at a CAGR of 8.1%.","Spiritual and Devotional Products Market size is expected to be worth around USD 8.5 Bn by 2034, from USD 3.9 Bn in 2024, at a CAGR of 8.1%.",valid,valid,True,True,rejected,0,1.0,"This is a market research firm providing industry data, not a commercial entity looking to purchase products.",low,not_eligible,False,2026-09-07T19:08:42.350869+00:00,2026-09-07T19:08:42.350869+00:00,2026-09-07T19:08:42.350869+00:00,False,False,Syntax Valid,individual,,,,,
0ef8b2e12014,0ef8b2e12014,Spiritual & Wellness Products Are Fueling a $9.6B ,Spiritual & Wellness Products Are Fueling a $9.6B ,,,,josh@athletechnews.com,,https://athletechnews.com,United States,Wholesale Importer,himalayan-sound-healing-bowls,web_search,web_search,https://athletechnews.com/spiritual-wellness-products-are-fueling-a-9-6b-market/,"Millennials are driving a projected $9.6 billion spiritual and wellness segment in the coming years, purchasing crystals and yoga mats.","Millennials are driving a projected $9.6 billion spiritual and wellness segment in the coming years, purchasing crystals and yoga mats.",valid,valid,True,True,rejected,0,1.0,"This is a news website reporting on market trends, not a commercial entity looking to purchase products.",low,not_eligible,False,2026-09-07T19:08:42.351262+00:00,2026-09-07T19:08:42.351262+00:00,2026-09-07T19:08:42.351262+00:00,False,False,Syntax Valid,individual,,,,,
ec6036207a89,ec6036207a89,Spiritual And Devotional Products Market Size And ,Spiritual And Devotional Products Market Size And ,,,,,,https://verifiedmarketresearch.com,United States,Wholesale Importer,himalayan-sound-healing-bowls,web_search,web_search,https://www.verifiedmarketresearch.com/product/spiritual-and-devotional-products-market/,"Spiritual And Devotional Products Market size is expected to reach $ 6.5 Billion by 2032, growing at a CAGR of 8.3% from 2026 to 2032 The report provides ...","Spiritual And Devotional Products Market size is expected to reach $ 6.5 Billion by 2032, growing at a CAGR of 8.3% from 2026 to 2032 The report provides ...",missing,missing,False,False,pending,,,,,not_eligible,False,2026-09-07T19:08:42.351358+00:00,2026-09-07T19:08:42.351358+00:00,2026-09-07T19:08:42.351358+00:00,False,False,Missing email address,,,,,,
8dfb3b186cfe,8dfb3b186cfe,"7 Popular Mystic Wellness Products, According to E","7 Popular Mystic Wellness Products, According to E",,,,,,https://whowhatwear.com,United States,Wholesale Importer,himalayan-sound-healing-bowls,web_search,web_search,https://www.whowhatwear.com/popular-mystic-spiritual-wellness-products,Mystic or spiritual wellness has become a form of self-care for many people. We asked store owners what trends they were seeing.,Mystic or spiritual wellness has become a form of self-care for many people. We asked store owners what trends they were seeing.,missing,missing,False,False,pending,,,,,not_eligible,False,2026-09-07T19:08:42.351398+00:00,2026-09-07T19:08:42.351398+00:00,2026-09-07T19:08:42.351398+00:00,False,False,Missing email address,,,,,,
9cf77e8743ec,9cf77e8743ec,Spiritual Wellness,Spiritual Wellness,,,,,,https://studioopal.com,United States,Wholesale Importer,himalayan-sound-healing-bowls,web_search,web_search,https://www.studioopal.com/collections/spiritual-wellness?srsltid=AfmBOopAvXf8cgr2SmKaYqvODbXloGKMoq2sjkeKdaFgMdkmPgZdzEfk,"In the heart of Historic Downtown Walla Walla, lies a gem of a boutique – Studio Opal Boutique. Kathy Nelson started it all with her love of handcrafted jewelry ...","In the heart of Historic Downtown Walla Walla, lies a gem of a boutique – Studio Opal Boutique. Kathy Nelson started it all with her love of handcrafted jewelry ...",missing,missing,False,False,pending,,,,,not_eligible,False,2026-09-07T19:08:42.351431+00:00,2026-09-07T19:08:42.351431+00:00,2026-09-07T19:08:42.351431+00:00,False,False,Missing email address,,,,,,
aa90c68c71d0,aa90c68c71d0,"Spiritual Items, Ritual And Sacred Items Online","Spiritual Items, Ritual And Sacred Items Online",,,,support@shamansmarket.com,,https://shamansmarket.com,United States,Wholesale Importer,himalayan-sound-healing-bowls,web_search,web_search,https://www.shamansmarket.com/collections/sacred-items?srsltid=AfmBOoqsIlYOM9qc-rHQyByq1zP6GTg7Wj5EEBs1JyWm112OVBvMAZcH,"Shamans Market offers ethically traded, handcrafted ritual tools and wellness products from indigenous artisans around the world. About Us.","Shamans Market offers ethically traded, handcrafted ritual tools and wellness products from indigenous artisans around the world. About Us.",valid,valid,True,True,qualified,85,0.95,"Offers ethically traded, handcrafted ritual tools and wellness products, making sound healing bowls a strong commercial fit.",high,eligible,False,2026-09-07T19:08:42.351813+00:00,2026-09-07T19:08:42.351813+00:00,2026-09-07T19:08:42.351813+00:00,False,False,Syntax Valid,business,,,,,
6d7116972960,6d7116972960,spa & spiritual products for your store,spa & spiritual products for your store,,,,,,https://faire.com,United States,Wholesale Importer,tibetan-singing-bowls,web_search,web_search,https://www.faire.com/category/Beauty%20&%20Wellness/subcategory/Spa%20&%20Spiritual,"Shop wholesale Spa & spiritual products and more for your store. Stock up on brands your customers will love. Plus, enjoy free returns on opening orders and ...","Shop wholesale Spa & spiritual products and more for your store. Stock up on brands your customers will love. Plus, enjoy free returns on opening orders and ...",missing,missing,False,False,pending,,,,,not_eligible,False,2026-09-07T19:09:24.644471+00:00,2026-09-07T19:09:24.644471+00:00,2026-09-07T19:09:24.644471+00:00,True,False,Missing email address,,,,,,
c8ccc94d9968,c8ccc94d9968,Spiritual Supplies & Gifts,Spiritual Supplies & Gifts,,,,,,https://eastern-trading.com,United States,Wholesale Importer,tibetan-singing-bowls,web_search,web_search,https://www.eastern-trading.com/en/spiritual-gifts,"Shop wholesale spiritual supplies and gifts at Europe's largest distributor. Buddha statues, chakra products, candle accessories & more ...","Shop wholesale spiritual supplies and gifts at Europe's largest distributor. Buddha statues, chakra products, candle accessories & more ...",missing,missing,False,False,pending,,,,,not_eligible,False,2026-09-07T19:09:24.644553+00:00,2026-09-07T19:09:24.644553+00:00,2026-09-07T19:09:24.644553+00:00,True,False,Missing email address,,,,,,
6e34d324861f,6e34d324861f,Spiritual,Spiritual,,,,,,https://phoeniximport.com,United States,Wholesale Importer,tibetan-singing-bowls,web_search,web_search,https://www.phoeniximport.com/en/collections/spirituality,"Supplier of Spiritual Products ✓ Pendulums, Dowsing Rods, Wicca & Tarot products and more ✓ Phoenix Import B2B wholesale ✓ Quick delivery ✓ Order online ...","Supplier of Spiritual Products ✓ Pendulums, Dowsing Rods, Wicca & Tarot products and more ✓ Phoenix Import B2B wholesale ✓ Quick delivery ✓ Order online ...",missing,missing,False,False,pending,,,,,not_eligible,False,2026-09-07T19:09:24.644595+00:00,2026-09-07T19:09:24.644595+00:00,2026-09-07T19:09:24.644595+00:00,True,False,Missing email address,,,,,,
4afdc7743ebd,4afdc7743ebd,Metaphysical Products,Metaphysical Products,,,,orders@relaxuswholesale.us,,https://relaxuswholesale.us,United States,Wholesale Importer,tibetan-singing-bowls,web_search,web_search,https://relaxuswholesale.us/collections/wholesale-metaphysical-products,"Explore our exclusive collection of metaphysical products at unbeatable wholesale prices, ideal for your retail store or spiritual practice.","Explore our exclusive collection of metaphysical products at unbeatable wholesale prices, ideal for your retail store or spiritual practice.",valid,valid,True,True,pending,,,,,not_eligible,False,2026-09-07T19:09:24.645234+00:00,2026-09-07T19:09:24.645234+00:00,2026-09-07T19:09:24.645234+00:00,True,False,Syntax Valid,,,,,,
2244540877b7,2244540877b7,Metaphysical Supplies,Metaphysical Supplies,,,,,,https://enchantedsoul.store,United States,Wholesale Importer,tibetan-singing-bowls,web_search,web_search,https://enchantedsoul.store/pages/wholesale-metaphysical-supplies?srsltid=AfmBOootvIQVSxW8TnuXReUfTOoFedhKsZ8xFIfjbVOYhV4Yhm_ajEwf,"Shop high-quality wholesale metaphysical supplies for your store. Crystals, herbs, and spiritual tools available. Order from Enchanted Soul today.","Shop high-quality wholesale metaphysical supplies for your store. Crystals, herbs, and spiritual tools available. Order from Enchanted Soul today.",missing,missing,False,False,pending,,,,,not_eligible,False,2026-09-07T19:09:24.645283+00:00,2026-09-07T19:09:24.645283+00:00,2026-09-07T19:09:24.645283+00:00,False,False,Missing email address,,,,,,
c3614cd6534e,c3614cd6534e,Top  Spiritual Gifts to Stock for Christmas 2025,Top  Spiritual Gifts to Stock for Christmas 2025,,,,,,https://greentreecandle.com,United States,Wholesale Importer,tibetan-singing-bowls,web_search,web_search,https://www.greentreecandle.com/blog/top-wholesale-spiritual-gifts-to-stock-for-christmas-2025/,"4.Mindfulness Journals and Notebooks. In the age of introspection and mental wellness, spiritual journals and notebooks have become highly sought-after products ...","4.Mindfulness Journals and Notebooks. In the age of introspection and mental wellness, spiritual journals and notebooks have become highly sought-after products ...",missing,missing,False,False,pending,,,,,not_eligible,False,2026-09-07T19:09:24.645322+00:00,2026-09-07T19:09:24.645322+00:00,2026-09-07T19:09:24.645322+00:00,True,False,Missing email address,,,,,,
2adf4960c22c,2adf4960c22c,Spiritual Gifts,Spiritual Gifts,,,,order@earthselements.com,,https://earthselementswholesale.com,United States,Wholesale Importer,tibetan-singing-bowls,web_search,web_search,https://earthselementswholesale.com/pages/wholesale-spiritual-gifts?srsltid=AfmBOoonusLr6TVKvH0nuSn_LCNkd6eX2zLjpXu2DMQTVJfb0CDOIFB0,"Our wholesale catalog includes crystals, crystal-infused candles, essential oil sprays, jewelry, home decor, ritual tools, and other wellness products that ...","Our wholesale catalog includes crystals, crystal-infused candles, essential oil sprays, jewelry, home decor, ritual tools, and other wellness products that ...",valid,valid,True,True,pending,,,,,not_eligible,False,2026-09-07T19:09:24.645724+00:00,2026-09-07T19:09:24.645724+00:00,2026-09-07T19:09:24.645724+00:00,True,False,Syntax Valid,,,,,,
7dcf02ee68d3,7dcf02ee68d3,Spiritual and Wellness Products Market Poised to R,Spiritual and Wellness Products Market Poised to R,,,,,,https://finance.yahoo.com,United States,Wholesale Importer,tibetan-singing-bowls,web_search,web_search,https://finance.yahoo.com/news/spiritual-wellness-products-market-poised-125800203.html,"Spiritual and Wellness Products Market Poised to Reach US$ 9.6 Billion by 2034, Riding the Wave of Growing Demand for Holistic Well-being ...","Spiritual and Wellness Products Market Poised to Reach US$ 9.6 Billion by 2034, Riding the Wave of Growing Demand for Holistic Well-being ...",missing,missing,False,False,pending,,,,,not_eligible,False,2026-09-07T19:09:24.645763+00:00,2026-09-07T19:09:24.645763+00:00,2026-09-07T19:09:24.645763+00:00,True,False,Missing email address,,,,,,
c2e4e3c37ce5,c2e4e3c37ce5,Spiritual and Wellness Products Market,Spiritual and Wellness Products Market,,,,sales@transparencymarketresearch.com,,https://transparencymarketresearch.com,United States,Wholesale Importer,tibetan-singing-bowls,web_search,web_search,https://www.transparencymarketresearch.com/spiritual-and-wellness-products-market.html,"Explore the global Spiritual and Wellness Products market, valued at $4.2 Bn in 2023 and projected to reach $9.6 Bn by 2034 with an 8.0% CAGR.","Explore the global Spiritual and Wellness Products market, valued at $4.2 Bn in 2023 and projected to reach $9.6 Bn by 2034 with an 8.0% CAGR.",valid,valid,True,True,pending,,,,,not_eligible,False,2026-09-07T19:09:24.646238+00:00,2026-09-07T19:09:24.646238+00:00,2026-09-07T19:09:24.646238+00:00,True,False,Syntax Valid,,,,,,
1455513b8f41,1455513b8f41,Spiritual and Devotional Products Market Size,Spiritual and Devotional Products Market Size,,,,inquiry@market.us,,https://market.us,United States,Wholesale Importer,tibetan-singing-bowls,web_search,web_search,https://market.us/report/spiritual-and-devotional-products-market/,"Spiritual and Devotional Products Market size is expected to be worth around USD 8.5 Bn by 2034, from USD 3.9 Bn in 2024, at a CAGR of 8.1%.","Spiritual and Devotional Products Market size is expected to be worth around USD 8.5 Bn by 2034, from USD 3.9 Bn in 2024, at a CAGR of 8.1%.",valid,valid,True,True,pending,,,,,not_eligible,False,2026-09-07T19:09:24.646536+00:00,2026-09-07T19:09:24.646536+00:00,2026-09-07T19:09:24.646536+00:00,True,False,Syntax Valid,,,,,,
0ef8b2e12014,0ef8b2e12014,Spiritual & Wellness Products Are Fueling a $9.6B ,Spiritual & Wellness Products Are Fueling a $9.6B ,,,,josh@athletechnews.com,,https://athletechnews.com,United States,Wholesale Importer,tibetan-singing-bowls,web_search,web_search,https://athletechnews.com/spiritual-wellness-products-are-fueling-a-9-6b-market/,"Millennials are driving a projected $9.6 billion spiritual and wellness segment in the coming years, purchasing crystals and yoga mats.","Millennials are driving a projected $9.6 billion spiritual and wellness segment in the coming years, purchasing crystals and yoga mats.",valid,valid,True,True,pending,,,,,not_eligible,False,2026-09-07T19:09:24.646934+00:00,2026-09-07T19:09:24.646934+00:00,2026-09-07T19:09:24.646934+00:00,True,False,Syntax Valid,,,,,,
ec6036207a89,ec6036207a89,Spiritual And Devotional Products Market Size And ,Spiritual And Devotional Products Market Size And ,,,,,,https://verifiedmarketresearch.com,United States,Wholesale Importer,tibetan-singing-bowls,web_search,web_search,https://www.verifiedmarketresearch.com/product/spiritual-and-devotional-products-market/,"Market size was valued at USD 3.7 Billion in 2024 and is projected to reach USD 6.5 Billion by 2032, used for religious rituals, personal devotion, and ...","Market size was valued at USD 3.7 Billion in 2024 and is projected to reach USD 6.5 Billion by 2032, used for religious rituals, personal devotion, and ...",missing,missing,False,False,pending,,,,,not_eligible,False,2026-09-07T19:09:24.647006+00:00,2026-09-07T19:09:24.647006+00:00,2026-09-07T19:09:24.647006+00:00,True,False,Missing email address,,,,,,
8dfb3b186cfe,8dfb3b186cfe,"7 Popular Mystic Wellness Products, According to E","7 Popular Mystic Wellness Products, According to E",,,,,,https://whowhatwear.com,United States,Wholesale Importer,tibetan-singing-bowls,web_search,web_search,https://www.whowhatwear.com/popular-mystic-spiritual-wellness-products,Mystic or spiritual wellness has become a form of self-care for many people. We asked store owners what trends they were seeing.,Mystic or spiritual wellness has become a form of self-care for many people. We asked store owners what trends they were seeing.,missing,missing,False,False,pending,,,,,not_eligible,False,2026-09-07T19:09:24.647039+00:00,2026-09-07T19:09:24.647039+00:00,2026-09-07T19:09:24.647039+00:00,True,False,Missing email address,,,,,,
9cf77e8743ec,9cf77e8743ec,Spiritual Wellness,Spiritual Wellness,,,,,,https://studioopal.com,United States,Wholesale Importer,tibetan-singing-bowls,web_search,web_search,https://www.studioopal.com/collections/spiritual-wellness?srsltid=AfmBOoqc70FTgVZ6y0zV9mdjpjq4IbdQxIFnLzwgBkbfsp4Qe4WCkxGL,"Men's and Women's apparel, Children's, Home, Shoes, Beauty, and COMPANY","Men's and Women's apparel, Children's, Home, Shoes, Beauty, and COMPANY",missing,missing,False,False,pending,,,,,not_eligible,False,2026-09-07T19:09:24.647069+00:00,2026-09-07T19:09:24.647069+00:00,2026-09-07T19:09:24.647069+00:00,True,False,Missing email address,,,,,,
aa90c68c71d0,aa90c68c71d0,"Spiritual Items, Ritual And Sacred Items Online","Spiritual Items, Ritual And Sacred Items Online",,,,support@shamansmarket.com,,https://shamansmarket.com,United States,Wholesale Importer,tibetan-singing-bowls,web_search,web_search,https://www.shamansmarket.com/collections/sacred-items?srsltid=AfmBOooa4LcDj1ZswVdMVXEdpKScKbOJRiC4DffQXEAxprMDrHfw_iDT,"Shamans Market offers ethically traded, handcrafted ritual tools and wellness products from indigenous artisans around the world. About Us.","Shamans Market offers ethically traded, handcrafted ritual tools and wellness products from indigenous artisans around the world. About Us.",valid,valid,True,True,pending,,,,,not_eligible,False,2026-09-07T19:09:24.647434+00:00,2026-09-07T19:09:24.647434+00:00,2026-09-07T19:09:24.647434+00:00,True,False,Syntax Valid,,,,,,
bf486b457c5a,bf486b457c5a,and Drop Ship Information,and Drop Ship Information,,,,,,https://awakeningspirit.com,United States,Wholesale Importer,tibetan-singing-bowls,web_search,web_search,https://awakeningspirit.com/wholesale/?srsltid=AfmBOoqJGxhai_AKS_xsRiqdeo9qp7it8VsfnZ0VjyYzSEhKk1XFvWOx,"Awakening Spirit crafts natural, affordable wellness products with spiritual integrity and professional care so you can feel better, live lighter, and reconnect ...","Awakening Spirit crafts natural, affordable wellness products with spiritual integrity and professional care so you can feel better, live lighter, and reconnect ...",missing,missing,False,False,pending,,,,,not_eligible,False,2026-09-07T19:09:24.647471+00:00,2026-09-07T19:09:24.647471+00:00,2026-09-07T19:09:24.647471+00:00,False,False,Missing email address,,,,,,
6d7116972960,6d7116972960,spa & spiritual products for your store,spa & spiritual products for your store,,,,,,https://faire.com,United States,Distributor,crystal-singing-bowls,web_search,web_search,https://www.faire.com/category/Beauty%20&%20Wellness/subcategory/Spa%20&%20Spiritual,"At Faire, we empower retailers to discover a wide range of wholesale spa & spiritual items, offering effortless browsing and purchasing all in one place.","At Faire, we empower retailers to discover a wide range of wholesale spa & spiritual items, offering effortless browsing and purchasing all in one place.",invalid,missing,False,False,needs_review,,,,,not_eligible,False,2026-09-07T19:10:06.574656+00:00,2026-09-07T19:10:06.574656+00:00,2026-09-07T19:10:06.574656+00:00,False,False,Malformed email format,,,,,,
c8ccc94d9968,c8ccc94d9968,Spiritual Supplies & Gifts,Spiritual Supplies & Gifts,,,,,,https://eastern-trading.com,United States,Distributor,crystal-singing-bowls,web_search,web_search,https://www.eastern-trading.com/en/spiritual-gifts,"Shop wholesale spiritual supplies and gifts at Europe's largest distributor. Buddha statues, chakra products, candle accessories & more ...","Shop wholesale spiritual supplies and gifts at Europe's largest distributor. Buddha statues, chakra products, candle accessories & more ...",invalid,missing,False,False,needs_review,,,,,not_eligible,False,2026-09-07T19:10:06.574722+00:00,2026-09-07T19:10:06.574722+00:00,2026-09-07T19:10:06.574722+00:00,True,False,Malformed email format,,,,,,
c2e4e3c37ce5,c2e4e3c37ce5,Spiritual and Wellness Products Market,Spiritual and Wellness Products Market,,,,sales@transparencymarketresearch.com,,https://transparencymarketresearch.com,United States,Distributor,crystal-singing-bowls,web_search,web_search,https://www.transparencymarketresearch.com/spiritual-and-wellness-products-market.html,"Explore the global Spiritual and Wellness Products market, valued at $4.2 Bn in 2023 and projected to reach $9.6 Bn by 2034 with an 8.0% CAGR.","Explore the global Spiritual and Wellness Products market, valued at $4.2 Bn in 2023 and projected to reach $9.6 Bn by 2034 with an 8.0% CAGR.",valid,valid,True,True,pending,,,,,not_eligible,False,2026-09-07T19:10:06.575266+00:00,2026-09-07T19:10:06.575266+00:00,2026-09-07T19:10:06.575266+00:00,True,False,Syntax Valid,,,,,,
2adf4960c22c,2adf4960c22c,Spiritual Gifts,Spiritual Gifts,,,,order@earthselements.com,,https://earthselementswholesale.com,United States,Distributor,crystal-singing-bowls,web_search,web_search,https://earthselementswholesale.com/pages/wholesale-spiritual-gifts?srsltid=AfmBOooLwajRqIqQrD2cY0LR1Z-EMu9q5fP3DwlmTS4evn1TzeeG8Bgx,"Wholesale spiritual gifts including crystals, candles, crystal-infused sprays, jewelry, and wellness products. Our minimum order is $150. Our opening and ...","Wholesale spiritual gifts including crystals, candles, crystal-infused sprays, jewelry, and wellness products. Our minimum order is $150. Our opening and ...",valid,valid,True,True,pending,,,,,not_eligible,False,2026-09-07T19:10:06.575616+00:00,2026-09-07T19:10:06.575616+00:00,2026-09-07T19:10:06.575616+00:00,True,False,Syntax Valid,,,,,,
9cf77e8743ec,9cf77e8743ec,Spiritual Wellness,Spiritual Wellness,,,,,,https://studioopal.com,United States,Distributor,crystal-singing-bowls,web_search,web_search,https://www.studioopal.com/collections/spiritual-wellness?srsltid=AfmBOoocbvfKVr6oraXsDlzkKPl-KGvEmdok2Z4pT5aQcdOSAqskklRz,"Men's and Women's apparel, Children's, Home, Shoes, Beauty, and COMPANY","Men's and Women's apparel, Children's, Home, Shoes, Beauty, and COMPANY",invalid,missing,False,False,needs_review,,,,,not_eligible,False,2026-09-07T19:10:06.575655+00:00,2026-09-07T19:10:06.575655+00:00,2026-09-07T19:10:06.575655+00:00,True,False,Malformed email format,,,,,,
7dcf02ee68d3,7dcf02ee68d3,Spiritual and Wellness Products Market Poised to R,Spiritual and Wellness Products Market Poised to R,,,,,,https://finance.yahoo.com,United States,Distributor,crystal-singing-bowls,web_search,web_search,https://finance.yahoo.com/news/spiritual-wellness-products-market-poised-125800203.html,"Spiritual and Wellness Products Market Poised to Reach US$ 9.6 Billion by 2034, Riding the Wave of Growing Demand for Holistic Well-being | ...","Spiritual and Wellness Products Market Poised to Reach US$ 9.6 Billion by 2034, Riding the Wave of Growing Demand for Holistic Well-being | ...",invalid,missing,False,False,needs_review,,,,,not_eligible,False,2026-09-07T19:10:06.575689+00:00,2026-09-07T19:10:06.575689+00:00,2026-09-07T19:10:06.575689+00:00,True,False,Malformed email format,,,,,,
4afdc7743ebd,4afdc7743ebd,Metaphysical Products,Metaphysical Products,,,,orders@relaxuswholesale.us,,https://relaxuswholesale.us,United States,Distributor,crystal-singing-bowls,web_search,web_search,https://relaxuswholesale.us/collections/wholesale-metaphysical-products,"Explore our exclusive collection of metaphysical products at unbeatable wholesale prices, ideal for your retail store or spiritual practice.","Explore our exclusive collection of metaphysical products at unbeatable wholesale prices, ideal for your retail store or spiritual practice.",valid,valid,True,True,pending,,,,,not_eligible,False,2026-09-07T19:10:06.576037+00:00,2026-09-07T19:10:06.576037+00:00,2026-09-07T19:10:06.576037+00:00,True,False,Syntax Valid,,,,,,
aa90c68c71d0,aa90c68c71d0,"Spiritual Items, Ritual And Sacred Items Online","Spiritual Items, Ritual And Sacred Items Online",,,,support@shamansmarket.com,,https://shamansmarket.com,United States,Distributor,crystal-singing-bowls,web_search,web_search,https://www.shamansmarket.com/collections/sacred-items?srsltid=AfmBOooMyq5RTPz3A4gHQzYlYNKWwAas_m0lx9_nhNqxpu9AFsLfpnrO,"Shamans Market offers ethically traded, handcrafted ritual tools and wellness products from indigenous artisans around the world. About Us.","Shamans Market offers ethically traded, handcrafted ritual tools and wellness products from indigenous artisans around the world. About Us.",valid,valid,True,True,pending,,,,,not_eligible,False,2026-09-07T19:10:06.576371+00:00,2026-09-07T19:10:06.576371+00:00,2026-09-07T19:10:06.576371+00:00,True,False,Syntax Valid,,,,,,
6e34d324861f,6e34d324861f,Spiritual,Spiritual,,,,,,https://phoeniximport.com,United States,Distributor,crystal-singing-bowls,web_search,web_search,https://www.phoeniximport.com/en/collections/spirituality,"Supplier of Spiritual Products ✓ Pendulums, Dowsing Rods, Wicca & Tarot products and more ✓ Phoenix Import B2B wholesale ✓ Quick delivery ✓ Order online ...","Supplier of Spiritual Products ✓ Pendulums, Dowsing Rods, Wicca & Tarot products and more ✓ Phoenix Import B2B wholesale ✓ Quick delivery ✓ Order online ...",invalid,missing,False,False,needs_review,,,,,not_eligible,False,2026-09-07T19:10:06.576406+00:00,2026-09-07T19:10:06.576406+00:00,2026-09-07T19:10:06.576406+00:00,True,False,Malformed email format,,,,,,
f0ff59a06c9d,f0ff59a06c9d,Metaphysical Supplies,Metaphysical Supplies,,,,goddess@enchantedsoul.store,,https://enchantedsoul.store,United States,Distributor,crystal-singing-bowls,web_search,web_search,https://enchantedsoul.store/pages/wholesale-metaphysical-supplies?srsltid=AfmBOoqmpOlL2NFsmt8WRisZgiLHEECFNx4YRifwYGO9V_q0rL91L8PA,"Crystals, herbs, and spiritual tools available. curated selection of spiritual tools, crystals, incense, ritual herbs, and other metaphysical products","Crystals, herbs, and spiritual tools available. curated selection of spiritual tools, crystals, incense, ritual herbs, and other metaphysical products",valid,valid,True,True,pending,,,,,not_eligible,False,2026-09-07T19:10:06.576784+00:00,2026-09-07T19:10:06.576784+00:00,2026-09-07T19:10:06.576784+00:00,True,False,Syntax Valid,,,,,,
c3614cd6534e,c3614cd6534e,Top  Spiritual Gifts to Stock for Christmas 2025,Top  Spiritual Gifts to Stock for Christmas 2025,,,,,,https://greentreecandle.com,United States,Distributor,crystal-singing-bowls,web_search,web_search,https://www.greentreecandle.com/blog/top-wholesale-spiritual-gifts-to-stock-for-christmas-2025/,"From a wholesale standpoint, spiritual candles and related aromatherapy products (like incense or essential oil diffusers) are evergreen sellers that spike ...","From a wholesale standpoint, spiritual candles and related aromatherapy products (like incense or essential oil diffusers) are evergreen sellers that spike ...",invalid,missing,False,False,needs_review,,,,,not_eligible,False,2026-09-07T19:10:06.576820+00:00,2026-09-07T19:10:06.576820+00:00,2026-09-07T19:10:06.576820+00:00,True,False,Malformed email format,,,,,,
7ebf5b200c20,7ebf5b200c20,Spiritual Products,Spiritual Products,,,,,,https://etsy.com,United States,Distributor,crystal-singing-bowls,web_search,web_search,https://www.etsy.com/market/wholesale_spiritual_products,"Discover wholesale spiritual products for your practice, from unscented body butter bases to palo santo bundles. Explore custom cosmetics, sage, ...","Discover wholesale spiritual products for your practice, from unscented body butter bases to palo santo bundles. Explore custom cosmetics, sage, ...",invalid,missing,False,False,needs_review,,,,,not_eligible,False,2026-09-07T19:10:06.576852+00:00,2026-09-07T19:10:06.576852+00:00,2026-09-07T19:10:06.576852+00:00,True,False,Malformed email format,,,,,,
1455513b8f41,1455513b8f41,Spiritual and Devotional Products Market Size,Spiritual and Devotional Products Market Size,,,,inquiry@market.us,,https://market.us,United States,Distributor,crystal-singing-bowls,web_search,web_search,https://market.us/report/spiritual-and-devotional-products-market/,"Spiritual and Devotional Products Market size is expected to be worth around USD 8.5 Bn by 2034, from USD 3.9 Bn in 2024, at a CAGR of 8.1%.","Spiritual and Devotional Products Market size is expected to be worth around USD 8.5 Bn by 2034, from USD 3.9 Bn in 2024, at a CAGR of 8.1%.",valid,valid,True,True,pending,,,,,not_eligible,False,2026-09-07T19:10:06.577108+00:00,2026-09-07T19:10:06.577108+00:00,2026-09-07T19:10:06.577108+00:00,True,False,Syntax Valid,,,,,,
0ef8b2e12014,0ef8b2e12014,Spiritual & Wellness Products Are Fueling a $9.6B ,Spiritual & Wellness Products Are Fueling a $9.6B ,,,,josh@athletechnews.com,,https://athletechnews.com,United States,Distributor,crystal-singing-bowls,web_search,web_search,https://athletechnews.com/spiritual-wellness-products-are-fueling-a-9-6b-market/,"Millennials are driving a projected $9.6 billion spiritual and wellness segment in the coming years, purchasing crystals and yoga mats.","Millennials are driving a projected $9.6 billion spiritual and wellness segment in the coming years, purchasing crystals and yoga mats.",valid,valid,True,True,pending,,,,,not_eligible,False,2026-09-07T19:10:06.577427+00:00,2026-09-07T19:10:06.577427+00:00,2026-09-07T19:10:06.577427+00:00,True,False,Syntax Valid,,,,,,
ec6036207a89,ec6036207a89,Spiritual And Devotional Products Market Size And ,Spiritual And Devotional Products Market Size And ,,,,,,https://verifiedmarketresearch.com,United States,Distributor,crystal-singing-bowls,web_search,web_search,https://www.verifiedmarketresearch.com/product/spiritual-and-devotional-products-market/,"Spiritual And Devotional Products Market size is expected to reach $ 6.5 Billion by 2032, growing at a CAGR of 8.3% from 2026 to 2032 The report provides ...","Spiritual And Devotional Products Market size is expected to reach $ 6.5 Billion by 2032, growing at a CAGR of 8.3% from 2026 to 2032 The report provides ...",invalid,missing,False,False,needs_review,,,,,not_eligible,False,2026-09-07T19:10:06.577490+00:00,2026-09-07T19:10:06.577490+00:00,2026-09-07T19:10:06.577490+00:00,True,False,Malformed email format,,,,,,
8dfb3b186cfe,8dfb3b186cfe,"7 Popular Mystic Wellness Products, According to E","7 Popular Mystic Wellness Products, According to E",,,,,,https://whowhatwear.com,United States,Distributor,crystal-singing-bowls,web_search,web_search,https://www.whowhatwear.com/popular-mystic-spiritual-wellness-products,Mystic or spiritual wellness has become a form of self-care for many people. We asked store owners what trends they were seeing.,Mystic or spiritual wellness has become a form of self-care for many people. We asked store owners what trends they were seeing.,invalid,missing,False,False,needs_review,,,,,not_eligible,False,2026-09-07T19:10:06.577518+00:00,2026-09-07T19:10:06.577518+00:00,2026-09-07T19:10:06.577518+00:00,True,False,Malformed email format,,,,,,
lead-abcimports-daf772,lead-abcimports-daf772,abc imports,abc imports,Naina Varshney,,Naina Varshney,naina2311081@gmail.com,,,India,Distributor,himalayan-sound-healing-bowls,Manual Entry,,,,,valid,,True,True,qualified,90,1.0,Manually verified buyer entered for export campaign outreach.,high,eligible,False,,,2026-09-07T19:14:04.953716+00:00,False,False,,,campaign_ready,UNKNOWN,,,
